transaction_id,customer_id,amount,currency,decline_code,failure_reason,past_success_count,past_failure_count,account_age_days,typical_payment_day,typical_payment_hour,avg_amount,is_recoverable,recovery_window_hours,failure_timestamp,dataset_split
TXN-25E0D1E76E12,CUST-0044,121.55,EUR,expired_card,Card expiry passed,5,5,408,28,17,45.16,0,,2024-10-04 12:07:00,train
TXN-A41A4A403091,CUST-0250,70.3,GBP,hard_decline,Do not honor,26,4,1094,7,7,30.71,0,,2024-07-21 20:49:00,train
TXN-65443B68B6B2,CUST-0138,38.68,AUD,auth_required,Additional verification required by issuing bank,53,6,895,22,18,75.14,1,60.0,2024-03-12 11:02:00,train
TXN-19ECA4EC292A,CUST-0341,44.27,USD,auth_required,Strong customer authentication needed,4,4,1935,23,9,50.99,0,,2024-09-07 11:19:00,test
TXN-5C7ADE78C8F4,CUST-0113,26.13,USD,expired_card,Card has expired,46,8,1666,13,18,58.56,1,138.0,2024-11-23 06:14:00,train
TXN-B63E5BDC7406,CUST-0416,84.04,EUR,insufficient_funds,Insufficient funds in account,42,2,946,22,14,37.21,1,105.0,2024-06-16 00:08:00,train
TXN-AE899F4CDB06,CUST-0334,51.01,EUR,expired_card,Card expiry passed,33,5,1133,3,14,87.88,1,114.0,2024-08-08 00:20:00,train
TXN-4B4080AF4864,CUST-0138,26.93,USD,fraud_flag,Security flag triggered by issuer,16,9,1712,9,12,42.25,0,,2024-08-29 12:47:00,test
TXN-9416540D753D,CUST-0498,96.1,USD,expired_card,Declined — expired card on file,1,1,673,3,18,73.13,0,,2024-09-20 17:09:00,train
TXN-B05A42D090F3,CUST-0469,113.56,USD,temp_error,"Temporary processing error, please retry",18,6,482,18,15,22.91,1,9.0,2024-05-12 08:07:00,train
TXN-605AFDE6C246,CUST-0454,188.55,EUR,temp_error,Network error during authorization,15,7,536,23,13,48.27,1,22.0,2024-01-29 02:26:00,train
TXN-2E6ED627331C,CUST-0352,80.66,USD,expired_card,Card has expired,51,0,930,22,13,62.78,0,,2024-09-19 07:37:00,test
TXN-C7D71B97AEFF,CUST-0047,76.97,USD,insufficient_funds,Payment failed: low account balance,29,1,364,10,16,131.37,1,98.0,2024-02-22 04:35:00,train
TXN-B57AA5635C2B,CUST-0462,110.84,USD,temp_error,Network error during authorization,9,9,698,12,13,65.9,1,12.0,2024-01-24 01:16:00,train
TXN-57D8CF2596B0,CUST-0220,12.11,USD,temp_error,Processing system temporarily unavailable,19,5,1907,15,19,50.18,1,14.0,2024-06-09 08:49:00,train
TXN-622860A8FF89,CUST-0070,45.19,USD,temp_error,Gateway timeout,14,6,223,21,17,59.04,1,22.0,2024-04-27 02:36:00,test
TXN-F399D07F2DC3,CUST-0118,366.05,GBP,temp_error,"Temporary processing error, please retry",48,9,923,9,9,68.78,1,24.0,2024-12-13 14:30:00,train
TXN-84EAF5C8375A,CUST-0468,25.02,AUD,insufficient_funds,Not enough balance,9,8,96,3,17,60.1,1,108.0,2024-03-22 21:06:00,test
TXN-8866AB87EF4A,CUST-0011,161.58,USD,temp_error,Temporary bank unavailability,44,3,1475,8,6,24.03,1,22.0,2024-12-07 00:07:00,test
TXN-E400D35ABD47,CUST-0076,27.5,USD,insufficient_funds,Card declined — insufficient funds,59,7,1201,9,21,54.43,1,72.0,2024-06-07 03:56:00,train
TXN-11E0971E6629,CUST-0139,12.93,USD,temp_error,"Temporary processing error, please retry",41,7,1855,17,12,44.68,1,20.0,2024-03-13 00:42:00,train
TXN-DBF567072058,CUST-0065,45.27,USD,insufficient_funds,Not enough balance,7,4,1855,15,16,121.81,1,128.0,2024-07-09 06:57:00,train
TXN-D0A8806CC675,CUST-0298,28.01,USD,temp_error,Network error during authorization,25,0,1499,28,8,32.72,1,16.0,2024-08-05 17:48:00,train
TXN-8676F8367CE2,CUST-0392,37.22,EUR,insufficient_funds,Payment failed: low account balance,27,2,224,10,14,28.86,1,112.0,2024-12-06 20:45:00,train
TXN-36407F078BF8,CUST-0059,61.84,GBP,expired_card,Expiration date is in the past,27,5,553,7,10,28.27,1,157.0,2024-03-27 20:48:00,train
TXN-2C4B181A3D92,CUST-0033,265.86,USD,temp_error,Gateway timeout,55,1,298,26,20,70.87,1,4.0,2024-02-26 06:34:00,train
TXN-56C3FA1EEE7D,CUST-0270,80.3,USD,insufficient_funds,Insufficient funds in account,35,5,862,20,18,67.43,1,122.0,2024-05-23 23:30:00,train
TXN-8C5BA22F536B,CUST-0425,633.5,USD,insufficient_funds,Not enough balance,38,5,368,27,12,34.54,1,109.0,2024-01-03 08:55:00,train
TXN-D840685FBF06,CUST-0046,97.92,USD,insufficient_funds,Decline: NSF,50,8,1675,26,9,41.14,1,113.0,2024-12-23 13:46:00,train
TXN-B4DEBF64F128,CUST-0389,75.34,GBP,insufficient_funds,Decline: NSF,50,4,1075,22,12,60.7,1,90.0,2024-04-01 06:03:00,train
TXN-C51CDE39568A,CUST-0082,19.55,USD,insufficient_funds,Not enough balance,19,4,1475,11,8,44.67,0,,2024-09-07 19:56:00,test
TXN-18380F7C66C6,CUST-0427,94.75,GBP,expired_card,Expiration date is in the past,39,2,982,23,14,56.82,0,,2024-07-13 01:17:00,train
TXN-B0E1CD52E845,CUST-0017,57.25,EUR,temp_error,Gateway timeout,5,6,1274,21,15,21.26,1,5.0,2024-01-31 17:08:00,train
TXN-53818F80CA48,CUST-0400,38.12,CAD,temp_error,Network error during authorization,5,2,1566,21,15,36.5,1,5.0,2024-07-08 14:10:00,test
TXN-F97C1C19DEFE,CUST-0003,85.07,EUR,expired_card,Declined — expired card on file,47,5,1840,14,9,38.3,1,141.0,2024-08-06 20:07:00,train
TXN-9B1F5BCAAC3A,CUST-0043,42.23,EUR,temp_error,Temporary bank unavailability,43,3,841,21,20,62.84,1,9.0,2024-08-19 06:47:00,train
TXN-B3A90021FDC4,CUST-0156,148.39,USD,insufficient_funds,Insufficient funds in account,22,1,1476,21,8,33.34,1,66.0,2024-07-20 08:46:00,test
TXN-5AA808031511,CUST-0188,130.77,USD,unknown,Payment declined — reason not specified,16,8,1437,25,16,16.41,1,57.0,2024-06-23 14:01:00,train
TXN-15A92F6590E9,CUST-0047,24.5,USD,fraud_flag,Security flag triggered by issuer,26,0,635,9,14,64.44,0,,2024-12-01 13:06:00,train
TXN-E2C9B43FDBDA,CUST-0195,45.72,GBP,fraud_flag,Fraud prevention hold,6,6,93,28,6,59.32,0,,2024-08-30 14:05:00,train
TXN-E06986070641,CUST-0340,37.95,USD,insufficient_funds,Decline: NSF,46,8,1709,6,6,74.64,1,91.0,2024-11-28 21:02:00,train
TXN-39F8E8A7151D,CUST-0025,20.37,GBP,temp_error,Processing system temporarily unavailable,14,0,1604,19,18,46.02,1,17.0,2024-02-13 18:50:00,train
TXN-348FA03151A2,CUST-0223,196.93,EUR,insufficient_funds,Insufficient funds in account,51,4,178,5,19,32.04,1,109.0,2024-09-25 00:16:00,train
TXN-4F25EB5C5D15,CUST-0490,29.01,USD,temp_error,Network error during authorization,13,8,115,13,17,95.3,0,,2024-05-15 02:46:00,train
TXN-07C13FEC9212,CUST-0091,57.32,USD,expired_card,Declined — expired card on file,26,1,1569,7,21,44.45,0,,2024-06-01 13:32:00,train
TXN-3DF8C1DFA8EE,CUST-0349,60.04,USD,hard_decline,Card permanently blocked,54,4,302,4,7,56.92,0,,2024-12-11 06:05:00,test
TXN-D003CA76576F,CUST-0152,65.32,USD,expired_card,Card expiry passed,9,4,1224,24,9,15.74,0,,2024-08-07 07:55:00,test
TXN-10E20E59D19A,CUST-0018,30.89,USD,expired_card,Card has expired,35,7,456,16,16,61.02,0,,2024-08-13 07:14:00,train
TXN-4896E5672DB3,CUST-0393,532.8,USD,expired_card,Declined — expired card on file,48,7,1254,16,20,77.36,0,,2024-11-06 12:44:00,train
TXN-7318F70240B7,CUST-0260,113.58,GBP,expired_card,Declined — expired card on file,49,0,1675,3,10,71.69,0,,2024-06-26 04:43:00,train
TXN-1B0BFD3F3BC4,CUST-0156,20.17,USD,insufficient_funds,Not enough balance,42,1,1655,7,15,22.16,0,,2024-07-04 08:30:00,train
TXN-2D320C8CD814,CUST-0479,96.74,EUR,auth_required,Strong customer authentication needed,45,3,626,26,16,51.85,1,49.0,2024-09-03 05:45:00,train
TXN-C45519E6225B,CUST-0355,245.46,USD,fraud_flag,Suspected fraudulent activity — transaction blocked,50,8,406,28,16,126.76,0,,2024-02-21 20:23:00,train
TXN-6AB1F7888D5B,CUST-0164,81.99,USD,auth_required,3D Secure authentication required,9,3,1838,6,9,71.62,1,33.0,2024-11-27 15:13:00,train
TXN-561F6EE68606,CUST-0245,35.54,USD,temp_error,Temporary bank unavailability,50,8,990,24,16,49.03,1,19.0,2024-05-28 16:47:00,train
TXN-FB48C16E395E,CUST-0362,113.31,GBP,temp_error,Gateway timeout,28,5,666,22,17,51.82,1,3.0,2024-11-06 10:54:00,train
TXN-72181F6E9B3F,CUST-0425,44.21,USD,expired_card,Declined — expired card on file,1,3,1001,28,20,56.3,1,104.0,2024-05-22 04:00:00,train
TXN-AB1C84D7365D,CUST-0129,103.41,USD,hard_decline,Card permanently blocked,35,5,290,1,12,31.82,0,,2024-04-11 12:38:00,train
TXN-8C8B6B335165,CUST-0356,180.98,EUR,temp_error,Processing system temporarily unavailable,54,5,1304,21,10,45.77,1,13.0,2024-12-17 11:52:00,train
TXN-71BBB84B0E57,CUST-0366,80.51,AUD,expired_card,Declined — expired card on file,6,9,1109,5,10,162.84,1,105.0,2024-12-20 17:38:00,train
TXN-9E4E292ADB27,CUST-0148,43.97,AUD,auth_required,3D Secure authentication required,27,3,1720,28,9,38.61,1,50.0,2024-05-30 15:05:00,train
TXN-4E2DDAD85119,CUST-0401,95.44,USD,hard_decline,Card reported lost or stolen,57,0,1646,11,7,62.88,0,,2024-10-05 17:39:00,train
TXN-C6F949D424B9,CUST-0386,118.04,USD,fraud_flag,Card flagged for unusual activity,54,2,1480,3,15,41.91,0,,2024-06-10 00:57:00,train
TXN-164FC26A623B,CUST-0257,43.52,GBP,temp_error,Network error during authorization,36,6,66,8,9,12.84,1,21.0,2024-07-10 08:46:00,train
TXN-03D6EBBCAAD8,CUST-0354,53.04,GBP,expired_card,Declined — expired card on file,11,6,1733,3,16,22.27,0,,2024-05-04 10:48:00,train
TXN-D9EE5838DA62,CUST-0319,59.53,USD,expired_card,Expiration date is in the past,59,8,379,20,17,60.26,0,,2024-08-05 11:54:00,test
TXN-C8B5ED40F0E2,CUST-0172,27.58,USD,expired_card,Card has expired,1,3,1112,13,21,113.01,0,,2024-08-19 10:25:00,test
TXN-2B46FC73F142,CUST-0481,50.71,GBP,temp_error,Temporary bank unavailability,14,5,776,10,20,39.9,1,15.0,2024-11-27 23:44:00,train
TXN-7FC77BEA30BB,CUST-0326,130.14,USD,insufficient_funds,Decline: NSF,20,8,488,1,10,70.25,1,85.0,2024-04-01 19:35:00,test
TXN-E83638E2FBF9,CUST-0430,43.95,GBP,unknown,Generic decline,54,2,1345,23,13,87.75,0,,2024-03-08 07:06:00,train
TXN-BE509ACE975D,CUST-0159,54.78,USD,temp_error,Processing system temporarily unavailable,57,7,1876,3,10,13.57,1,7.0,2024-01-15 13:03:00,train
TXN-709902448CDB,CUST-0258,29.23,USD,expired_card,Card has expired,46,0,108,26,17,31.62,0,,2024-12-22 07:29:00,train
TXN-4BC3E913FBFA,CUST-0197,29.13,USD,insufficient_funds,Card declined — insufficient funds,6,5,230,8,13,21.37,0,,2024-05-29 10:33:00,train
TXN-72A8C5896268,CUST-0390,10.76,USD,insufficient_funds,Card declined — insufficient funds,51,6,649,10,9,64.69,1,86.0,2024-03-31 22:28:00,train
TXN-6DAE78F91B97,CUST-0431,103.44,USD,insufficient_funds,Payment failed: low account balance,55,0,47,1,20,88.61,1,106.0,2024-03-09 03:06:00,train
TXN-1707CE3C6D88,CUST-0120,15.06,USD,temp_error,Gateway timeout,16,8,1183,15,15,74.42,1,21.0,2024-11-23 18:59:00,train
TXN-84B160922FC0,CUST-0124,343.44,AUD,expired_card,Card expiry passed,21,7,165,23,8,80.14,1,121.0,2024-04-26 02:36:00,test
TXN-C8FFCE3F904F,CUST-0207,87.59,USD,expired_card,Card expiry passed,23,0,162,20,8,25.33,1,143.0,2024-11-04 16:18:00,train
TXN-C7D52355D019,CUST-0062,67.33,USD,temp_error,Processing system temporarily unavailable,41,0,1342,5,18,24.99,1,14.0,2024-07-04 06:00:00,train
TXN-57B68120EAFA,CUST-0496,81.37,GBP,temp_error,Gateway timeout,24,5,259,5,15,49.87,1,15.0,2024-09-20 01:26:00,train
TXN-092AE9AC1494,CUST-0171,60.45,USD,fraud_flag,Card flagged for unusual activity,13,8,318,25,19,32.88,0,,2024-04-02 04:33:00,train
TXN-15C638C33DFA,CUST-0262,186.77,USD,temp_error,Gateway timeout,45,7,540,28,8,62.2,1,9.0,2024-06-02 22:00:00,test
TXN-76BE23DFDE6E,CUST-0260,85.56,USD,expired_card,Card expiry passed,9,6,194,14,8,27.56,0,,2024-04-06 04:40:00,train
TXN-56BC35C375FD,CUST-0099,12.26,EUR,hard_decline,Do not honor,38,8,429,19,12,50.88,0,,2024-02-02 17:39:00,train
TXN-DD2A923B95A8,CUST-0365,27.05,CAD,auth_required,SCA challenge required,41,8,1142,25,18,44.89,1,60.0,2024-01-02 04:25:00,train
TXN-C6FC5253A6DA,CUST-0105,271.23,GBP,expired_card,Card expiry passed,23,6,1260,9,11,90.99,0,,2024-08-10 09:24:00,test
TXN-70DEEEE51E60,CUST-0287,137.95,USD,expired_card,Card expiry passed,23,7,729,4,11,70.46,0,,2024-02-29 01:20:00,train
TXN-490E22E9C85C,CUST-0363,63.64,GBP,insufficient_funds,Card declined — insufficient funds,16,4,692,6,21,42.77,1,90.0,2024-03-08 01:28:00,test
TXN-856DF4FDE102,CUST-0022,70.13,USD,expired_card,Card has expired,53,1,1918,7,10,47.82,0,,2024-04-24 18:18:00,train
TXN-8BC880671B84,CUST-0438,26.11,USD,unknown,Error code: 05,24,1,1964,27,10,42.15,0,,2024-06-04 02:48:00,train
TXN-6A8B0776DF31,CUST-0422,68.78,USD,temp_error,Network error during authorization,6,8,336,11,15,32.54,1,9.0,2024-09-27 07:50:00,train
TXN-B39990E4DB67,CUST-0055,237.61,CAD,auth_required,SCA challenge required,7,2,821,26,17,56.94,1,55.0,2024-02-06 04:50:00,train
TXN-274D64F6A763,CUST-0206,146.93,GBP,expired_card,Card has expired,34,8,495,21,11,75.01,1,95.0,2024-09-19 05:19:00,train
TXN-FDC6C96C8F2F,CUST-0018,42.22,USD,fraud_flag,Fraud prevention hold,29,4,569,15,12,47.5,0,,2024-07-14 08:07:00,train
TXN-5E7E403F7EE5,CUST-0179,169.4,CAD,unknown,Payment declined — reason not specified,9,3,299,16,21,51.79,1,31.0,2024-03-16 20:01:00,train
TXN-DCE5363095D2,CUST-0458,174.21,USD,expired_card,Card expiry passed,31,5,1219,19,8,9.41,0,,2024-02-22 19:49:00,train
TXN-485F3009937B,CUST-0370,26.31,USD,insufficient_funds,Decline: NSF,55,3,1841,2,18,209.72,1,122.0,2024-01-20 18:38:00,train
TXN-B9A0B6309211,CUST-0105,61.08,USD,expired_card,Card expiry passed,59,2,1108,8,20,95.07,1,148.0,2024-01-23 19:07:00,train
TXN-AE1B1269C428,CUST-0316,29.97,EUR,expired_card,Card has expired,43,4,1844,9,16,23.33,1,164.0,2024-01-27 11:36:00,train
TXN-253D4EEB33E1,CUST-0277,89.97,USD,temp_error,"Temporary processing error, please retry",26,2,1976,25,17,78.46,1,5.0,2024-09-30 10:31:00,train
TXN-9DE7976CB8B4,CUST-0151,190.92,USD,hard_decline,Account closed,53,5,737,5,17,58.72,0,,2024-09-21 21:19:00,train
TXN-01B5B9ED0EC6,CUST-0209,47.87,USD,temp_error,Network error during authorization,15,1,689,24,7,81.62,1,16.0,2024-02-17 15:43:00,train
TXN-15E9D9DB4BB8,CUST-0443,44.67,GBP,insufficient_funds,Card declined — insufficient funds,14,9,1504,19,8,46.33,1,85.0,2024-02-17 18:08:00,train
TXN-1721EED1688B,CUST-0337,109.17,EUR,hard_decline,Account closed,46,9,410,17,15,55.79,0,,2024-04-22 15:03:00,test
TXN-10108B39B3ED,CUST-0160,44.69,USD,unknown,Generic decline,32,4,803,20,20,98.66,0,,2024-05-12 10:10:00,train
TXN-CAED30EC6A7F,CUST-0467,116.61,EUR,expired_card,Card expiry passed,48,3,1092,23,9,39.54,0,,2024-12-14 22:18:00,train
TXN-33C9E5630577,CUST-0421,72.8,USD,auth_required,SCA challenge required,37,4,1530,20,9,59.73,1,36.0,2024-08-19 06:18:00,train
TXN-CA403DCFE254,CUST-0181,46.29,GBP,insufficient_funds,Not enough balance,10,3,1144,1,6,71.74,1,117.0,2024-05-02 03:50:00,train
TXN-47458FA6B544,CUST-0387,18.65,USD,insufficient_funds,Insufficient funds in account,56,1,784,1,12,294.57,1,131.0,2024-11-16 22:17:00,train
TXN-FCC798250C77,CUST-0469,70.07,GBP,auth_required,3D Secure authentication required,39,4,452,4,17,80.8,1,35.0,2024-10-30 03:25:00,train
TXN-1007A433DF6B,CUST-0250,39.45,AUD,temp_error,Temporary bank unavailability,1,5,1307,3,7,73.46,1,8.0,2024-02-13 23:19:00,train
TXN-DD7A72C8BA4A,CUST-0088,101.06,USD,insufficient_funds,Not enough balance,47,6,652,24,20,119.36,1,118.0,2024-10-26 09:19:00,train
TXN-A4DF1728C6DA,CUST-0400,72.36,GBP,expired_card,Card has expired,54,0,1786,10,8,67.44,1,77.0,2024-04-12 01:30:00,train
TXN-EFBDA9CC4BBD,CUST-0043,57.55,EUR,auth_required,Strong customer authentication needed,49,3,1495,5,6,15.51,1,46.0,2024-02-23 06:49:00,train
TXN-8212CA4CC9AB,CUST-0409,186.93,USD,insufficient_funds,Not enough balance,19,7,793,6,14,54.72,1,101.0,2024-09-17 11:18:00,train
TXN-E5194B76F55B,CUST-0312,115.83,USD,auth_required,3D Secure authentication required,10,1,679,5,6,60.97,1,72.0,2024-10-27 16:59:00,train
TXN-77539B8F6350,CUST-0326,66.76,AUD,expired_card,Card expiry passed,57,8,790,13,9,26.78,0,,2024-06-21 15:56:00,train
TXN-674E41BB6AE2,CUST-0144,476.25,EUR,temp_error,Temporary bank unavailability,27,0,1104,15,6,27.4,1,7.0,2024-05-15 11:37:00,train
TXN-D5CD6CE6FA02,CUST-0129,36.25,USD,fraud_flag,Fraud prevention hold,16,1,1510,15,8,91.18,0,,2024-04-24 15:40:00,train
TXN-6FD1C6E9551E,CUST-0422,22.17,GBP,insufficient_funds,Insufficient funds in account,38,7,1548,5,19,136.87,0,,2024-11-20 19:28:00,train
TXN-6001AD908AD4,CUST-0237,320.02,USD,insufficient_funds,Insufficient funds in account,40,0,607,6,20,24.69,1,51.0,2024-02-06 02:25:00,train
TXN-EF13213ADD0D,CUST-0067,37.72,USD,fraud_flag,Suspected fraudulent activity — transaction blocked,31,3,645,10,10,92.95,0,,2024-06-01 04:48:00,train
TXN-902CD1C011E4,CUST-0444,22.14,USD,hard_decline,Account closed,27,6,205,12,7,120.9,0,,2024-12-17 18:06:00,test
TXN-64BDE4EBBE78,CUST-0409,32.44,USD,temp_error,"Temporary processing error, please retry",3,3,1993,14,21,76.38,0,,2024-11-30 19:55:00,train
TXN-72CA3FAB2755,CUST-0085,10.72,USD,expired_card,Declined — expired card on file,48,3,990,23,15,55.48,1,90.0,2024-08-26 07:13:00,train
TXN-E5C5AFB3D966,CUST-0399,256.43,USD,temp_error,Processing system temporarily unavailable,25,8,883,18,12,18.46,1,7.0,2024-12-04 17:23:00,train
TXN-69A5DF5685A8,CUST-0225,84.91,USD,temp_error,Gateway timeout,22,3,927,28,11,53.35,1,4.0,2024-07-13 02:18:00,train
TXN-EF8801B11A60,CUST-0484,46.63,EUR,insufficient_funds,Card declined — insufficient funds,15,5,1068,24,21,80.65,1,115.0,2024-12-04 02:40:00,test
TXN-C8D4B9F642DB,CUST-0472,40.49,USD,expired_card,Card has expired,36,0,1848,27,16,67.91,0,,2024-01-31 00:20:00,train
TXN-EA93D4C297B8,CUST-0371,69.99,EUR,expired_card,Card has expired,56,3,935,25,20,181.65,1,98.0,2024-11-06 13:03:00,train
TXN-34E7A12DB302,CUST-0217,81.95,AUD,expired_card,Card expiry passed,57,7,159,24,19,30.59,0,,2024-03-09 23:52:00,test
TXN-C95AD0C5B30A,CUST-0058,121.89,USD,fraud_flag,Suspected fraudulent activity — transaction blocked,58,7,1278,18,20,10.31,0,,2024-06-04 03:25:00,test
TXN-572FFD7C98CC,CUST-0064,38.86,USD,auth_required,3D Secure authentication required,18,7,1414,25,7,68.42,0,,2024-01-09 12:27:00,train
TXN-0524986BB480,CUST-0289,65.51,EUR,temp_error,"Temporary processing error, please retry",2,5,278,13,21,21.04,1,12.0,2024-07-09 10:08:00,train
TXN-A6DA8EAFA954,CUST-0172,82.77,GBP,insufficient_funds,Not enough balance,24,9,1895,7,7,81.02,1,114.0,2024-12-27 20:53:00,train
TXN-AFA8584CBB7C,CUST-0066,43.76,AUD,insufficient_funds,Not enough balance,57,6,960,2,9,94.59,1,98.0,2024-09-14 12:54:00,train
TXN-146A16AA0771,CUST-0467,118.81,GBP,fraud_flag,Fraud prevention hold,56,1,241,21,14,40.28,0,,2024-11-14 13:42:00,test
TXN-AE93B38F98DB,CUST-0198,16.67,USD,expired_card,Card expiry passed,47,1,132,15,10,27.77,0,,2024-03-13 02:40:00,test
TXN-265226846BD1,CUST-0433,92.19,CAD,fraud_flag,Suspected fraudulent activity — transaction blocked,37,1,1951,26,18,76.22,0,,2024-05-21 13:57:00,train
TXN-1A15146A38EA,CUST-0449,6.73,USD,unknown,Generic decline,51,3,1411,8,11,57.77,0,,2024-02-11 02:43:00,test
TXN-A6ABCDD67845,CUST-0038,217.44,USD,expired_card,Card has expired,18,1,1861,25,9,166.9,0,,2024-10-25 05:23:00,train
TXN-0EF51A2085A3,CUST-0257,51.46,USD,unknown,Payment declined — reason not specified,55,0,478,5,9,82.83,0,,2024-05-12 21:15:00,train
TXN-21568E48D71B,CUST-0268,396.94,GBP,insufficient_funds,Not enough balance,37,9,1602,4,11,32.74,0,,2024-06-21 05:24:00,train
TXN-18B3ADDAFAFD,CUST-0218,56.4,USD,expired_card,Expiration date is in the past,36,3,1543,6,16,31.6,0,,2024-02-29 10:48:00,test
TXN-01DE3972305A,CUST-0114,31.72,USD,insufficient_funds,Payment failed: low account balance,35,4,1873,15,14,51.93,1,131.0,2024-12-07 10:16:00,train
TXN-2F0A61F42685,CUST-0256,88.99,USD,expired_card,Expiration date is in the past,13,7,486,18,15,220.41,0,,2024-01-19 00:28:00,train
TXN-07B0DFC1013E,CUST-0141,100.28,EUR,insufficient_funds,Not enough balance,46,9,1496,12,13,216.97,1,104.0,2024-08-20 18:37:00,train
TXN-66E58D6FA77F,CUST-0331,33.68,USD,temp_error,Processing system temporarily unavailable,37,8,1921,11,14,25.23,1,6.0,2024-06-27 11:31:00,train
TXN-FC4B76B00055,CUST-0174,65.97,EUR,insufficient_funds,Insufficient funds in account,53,7,454,8,15,22.78,1,102.0,2024-02-10 19:09:00,train
TXN-C47B649DE4B7,CUST-0145,86.83,EUR,temp_error,"Temporary processing error, please retry",50,1,1766,22,11,23.96,1,7.0,2024-10-19 03:23:00,train
TXN-3C9717B3A459,CUST-0191,28.29,USD,temp_error,"Temporary processing error, please retry",28,2,849,22,15,83.7,1,7.0,2024-09-30 04:26:00,train
TXN-028638D3A570,CUST-0120,56.3,USD,expired_card,Card has expired,43,2,358,26,18,181.0,0,,2024-03-07 06:21:00,train
TXN-A284D4C57A7A,CUST-0065,17.36,EUR,expired_card,Card expiry passed,3,9,742,11,13,45.19,0,,2024-01-09 20:37:00,train
TXN-114AD0E0BE19,CUST-0499,47.49,USD,fraud_flag,Fraud prevention hold,45,0,1817,20,6,15.17,0,,2024-06-20 11:29:00,test
TXN-D910BCB31F89,CUST-0203,26.26,USD,temp_error,Temporary bank unavailability,42,2,1107,6,18,19.84,1,21.0,2024-10-08 23:40:00,train
TXN-F34826D44CBE,CUST-0080,61.32,EUR,expired_card,Expiration date is in the past,56,4,1260,10,21,76.0,1,144.0,2024-07-22 05:10:00,train
TXN-F2E2C0E0B36A,CUST-0028,22.18,EUR,hard_decline,Account closed,40,1,809,21,8,88.72,0,,2024-12-23 06:55:00,train
TXN-ED1A6E92CBFC,CUST-0456,26.64,USD,insufficient_funds,Card declined — insufficient funds,57,2,1357,10,21,60.17,1,104.0,2024-01-02 10:59:00,train
TXN-7F2BF4B9F6DB,CUST-0387,66.0,GBP,auth_required,SCA challenge required,12,6,1683,1,15,14.46,1,67.0,2024-07-27 21:02:00,train
TXN-72C614C2E80E,CUST-0259,60.61,EUR,fraud_flag,Fraud prevention hold,9,3,184,7,9,30.24,0,,2024-07-24 09:26:00,train
TXN-8840826E81AC,CUST-0239,37.2,AUD,fraud_flag,Card flagged for unusual activity,9,4,1287,19,12,63.0,0,,2024-01-27 05:59:00,train
TXN-A54147E72F77,CUST-0364,183.39,USD,auth_required,SCA challenge required,10,1,201,12,13,74.06,0,,2024-03-11 19:12:00,test
TXN-9DB05A0721C2,CUST-0453,64.45,USD,insufficient_funds,Payment failed: low account balance,1,9,553,15,12,313.73,1,103.0,2024-05-27 20:37:00,train
TXN-4A365FC4E123,CUST-0042,122.67,USD,temp_error,"Temporary processing error, please retry",55,6,789,24,9,141.78,1,13.0,2024-11-05 12:03:00,train
TXN-E40EA8756084,CUST-0152,65.78,EUR,temp_error,Network error during authorization,9,9,1521,3,17,97.93,1,13.0,2024-01-21 21:11:00,train
TXN-4EEE67BFECAC,CUST-0023,46.12,USD,auth_required,SCA challenge required,14,3,1973,15,16,110.14,0,,2024-07-03 20:23:00,test
TXN-ED60594CA597,CUST-0480,102.42,EUR,insufficient_funds,Decline: NSF,31,7,511,6,11,18.99,0,,2024-10-17 00:43:00,train
TXN-D7E49A95FF88,CUST-0078,61.43,USD,expired_card,Card expiry passed,59,2,148,3,15,54.66,0,,2024-05-30 02:17:00,train
TXN-EC8DC6EE7C04,CUST-0300,74.3,USD,unknown,Unknown decline code from processor,46,2,504,10,9,67.95,1,46.0,2024-08-09 22:49:00,train
TXN-626C6FF76616,CUST-0110,178.17,USD,auth_required,Strong customer authentication needed,27,3,1130,23,19,63.36,1,70.0,2024-11-03 09:24:00,train
TXN-D7542CF97B98,CUST-0179,22.07,EUR,insufficient_funds,Payment failed: low account balance,53,2,1471,7,14,41.29,1,103.0,2024-07-12 19:14:00,test
TXN-0EEEC051F8A8,CUST-0013,74.67,EUR,unknown,Generic decline,55,5,1422,3,13,41.59,0,,2024-01-23 15:18:00,train
TXN-63563FF5D5D9,CUST-0100,111.36,USD,fraud_flag,Suspected fraudulent activity — transaction blocked,15,9,703,5,20,38.47,0,,2024-10-28 07:49:00,train
TXN-888253D69FC9,CUST-0084,21.8,USD,insufficient_funds,Insufficient funds in account,3,9,186,3,7,57.89,0,,2024-07-11 19:44:00,train
TXN-01122BB0A327,CUST-0290,65.06,USD,temp_error,Network error during authorization,56,7,1765,12,13,94.52,1,5.0,2024-03-02 11:04:00,train
TXN-6297F5D3C4BD,CUST-0390,217.44,GBP,insufficient_funds,Card declined — insufficient funds,19,9,1380,20,16,38.62,1,120.0,2024-11-08 21:45:00,train
TXN-CE2EAAC0FA09,CUST-0108,39.44,USD,temp_error,Temporary bank unavailability,14,2,1820,10,14,152.32,1,15.0,2024-06-11 14:09:00,test
TXN-2A131ACC42F0,CUST-0163,40.28,USD,temp_error,Temporary bank unavailability,26,0,1504,12,12,90.49,1,19.0,2024-02-01 07:26:00,test
TXN-BB6F8723531A,CUST-0118,70.64,USD,fraud_flag,Security flag triggered by issuer,32,4,1094,3,15,65.25,0,,2024-12-05 11:57:00,train
TXN-F928DDBFA17E,CUST-0264,127.4,USD,temp_error,Processing system temporarily unavailable,40,4,1476,15,20,82.49,1,24.0,2024-07-22 11:58:00,train
TXN-F6855619DF79,CUST-0294,17.7,USD,insufficient_funds,Insufficient funds in account,25,3,1294,22,14,44.91,1,89.0,2024-09-24 05:34:00,train
TXN-C45024E63A5E,CUST-0470,95.01,EUR,insufficient_funds,Not enough balance,18,4,1255,9,18,17.24,1,108.0,2024-04-01 21:56:00,train
TXN-C3196E9B161E,CUST-0246,13.75,USD,unknown,Processor response unclear,15,6,704,8,16,81.34,0,,2024-07-31 00:59:00,train
TXN-C1C8F9B4BFD1,CUST-0170,123.39,USD,fraud_flag,Card flagged for unusual activity,31,6,762,24,9,91.5,0,,2024-04-20 05:59:00,train
TXN-3852B9BFB658,CUST-0224,121.25,USD,hard_decline,Invalid account number,19,6,82,16,7,57.56,0,,2024-07-23 13:38:00,train
TXN-D61B1A6C9B8A,CUST-0206,32.44,USD,auth_required,Strong customer authentication needed,7,4,1058,6,14,24.87,0,,2024-11-06 01:13:00,train
TXN-4EB27D1948E9,CUST-0492,113.19,USD,insufficient_funds,Not enough balance,39,8,515,8,16,72.61,1,85.0,2024-01-24 22:34:00,train
TXN-882B26BBDC64,CUST-0424,112.67,USD,insufficient_funds,Not enough balance,22,0,1215,13,18,64.97,0,,2024-02-16 00:32:00,train
TXN-312960EBD47B,CUST-0089,133.96,EUR,temp_error,Temporary bank unavailability,8,7,306,6,15,28.83,1,8.0,2024-11-14 11:33:00,train
TXN-8AD26027E377,CUST-0385,119.09,USD,insufficient_funds,Card declined — insufficient funds,42,3,967,1,11,64.07,1,109.0,2024-06-09 05:36:00,train
TXN-9345B9E1AB86,CUST-0405,35.64,EUR,auth_required,3D Secure authentication required,41,2,211,5,6,38.51,1,44.0,2024-07-28 10:09:00,train
TXN-CC6B6381E5AB,CUST-0069,157.13,CAD,hard_decline,Invalid account number,1,3,1068,26,14,55.67,0,,2024-12-13 20:45:00,test
TXN-0A88AF1DBE76,CUST-0357,35.72,USD,hard_decline,Invalid account number,4,0,1580,24,6,8.77,0,,2024-08-12 11:25:00,train
TXN-1C4016F2E59C,CUST-0319,20.64,USD,insufficient_funds,Not enough balance,43,1,1407,24,14,52.82,0,,2024-06-21 13:18:00,test
TXN-ABEEE179A84D,CUST-0065,119.81,USD,expired_card,Declined — expired card on file,27,5,1458,27,14,24.29,0,,2024-09-24 22:51:00,train
TXN-14700A57B6D6,CUST-0099,35.12,CAD,insufficient_funds,Decline: NSF,15,0,254,20,16,43.48,1,125.0,2024-12-26 10:05:00,train
TXN-B6B0F9636FD1,CUST-0169,69.76,USD,insufficient_funds,Not enough balance,30,3,954,1,19,62.13,0,,2024-04-25 20:02:00,train
TXN-BEEF808239C6,CUST-0223,76.05,USD,temp_error,"Temporary processing error, please retry",16,1,237,8,8,35.14,1,7.0,2024-02-18 01:32:00,train
TXN-EFFAFE08A92A,CUST-0104,55.22,USD,expired_card,Expiration date is in the past,1,6,855,18,10,86.65,1,115.0,2024-05-16 18:06:00,test
TXN-BE7CEADC81D1,CUST-0124,42.59,USD,expired_card,Expiration date is in the past,50,5,792,6,15,45.88,0,,2024-08-18 12:45:00,test
TXN-FDC2476D575F,CUST-0172,103.16,USD,insufficient_funds,Insufficient funds in account,58,6,1567,7,18,69.08,0,,2024-10-07 18:30:00,train
TXN-BF111508F5ED,CUST-0316,39.15,USD,unknown,Error code: 05,32,1,91,23,11,107.08,0,,2024-03-10 00:04:00,train
TXN-EEEA327E79EE,CUST-0226,276.37,USD,expired_card,Card has expired,1,1,963,6,6,141.76,1,120.0,2024-12-25 06:47:00,train
TXN-185FA4318291,CUST-0273,67.47,AUD,hard_decline,Card reported lost or stolen,15,8,1948,15,17,22.58,0,,2024-11-09 03:16:00,train
TXN-25A2898115BE,CUST-0206,45.49,AUD,expired_card,Card expiry passed,11,7,458,9,9,58.45,0,,2024-01-12 13:12:00,test
TXN-1362B65A02C7,CUST-0231,84.41,USD,temp_error,"Temporary processing error, please retry",20,3,805,21,13,23.87,1,7.0,2024-06-19 02:51:00,train
TXN-C06C230F156D,CUST-0106,123.16,USD,hard_decline,Card reported lost or stolen,33,1,689,27,9,68.02,0,,2024-04-18 19:54:00,train
TXN-F75B76E540D6,CUST-0468,27.82,AUD,temp_error,"Temporary processing error, please retry",29,3,1422,15,8,68.57,1,5.0,2024-10-28 12:46:00,train
TXN-53D9D1AA33A0,CUST-0173,57.01,USD,hard_decline,Card permanently blocked,6,7,1889,7,11,56.48,0,,2024-04-09 06:11:00,train
TXN-C413DAF5C965,CUST-0456,11.88,USD,expired_card,Expiration date is in the past,5,6,658,1,9,60.04,0,,2024-03-14 14:59:00,train
TXN-971EB46E0CBA,CUST-0022,40.31,EUR,temp_error,Network error during authorization,45,7,142,24,13,89.23,1,19.0,2024-11-22 02:46:00,train
TXN-CD72676B295D,CUST-0154,229.25,EUR,hard_decline,Card reported lost or stolen,2,0,195,8,16,86.76,0,,2024-09-01 18:44:00,train
TXN-AFA0755DA7BA,CUST-0399,35.22,USD,temp_error,Network error during authorization,58,4,1714,24,6,94.32,1,10.0,2024-06-17 06:58:00,train
TXN-E873DE15AF0C,CUST-0024,79.21,USD,insufficient_funds,Decline: NSF,19,7,1515,15,6,56.86,1,120.0,2024-06-01 08:30:00,train
TXN-6E7C51BEAB46,CUST-0175,156.77,USD,temp_error,Network error during authorization,40,9,830,1,18,66.32,1,4.0,2024-07-30 20:09:00,train
TXN-B815F2874148,CUST-0279,182.6,USD,fraud_flag,Suspected fraudulent activity — transaction blocked,55,9,337,4,11,35.46,0,,2024-07-24 06:03:00,train
TXN-B1A7E4840E2C,CUST-0168,49.82,USD,fraud_flag,Card flagged for unusual activity,15,0,594,19,12,28.64,0,,2024-02-13 06:53:00,test
TXN-55FBD56EC7C4,CUST-0129,34.9,EUR,expired_card,Card has expired,26,4,985,5,17,119.19,0,,2024-02-08 06:28:00,test
TXN-984015A33D24,CUST-0460,16.99,CAD,insufficient_funds,Insufficient funds in account,18,3,693,10,16,45.61,0,,2024-06-14 07:11:00,train
TXN-F358CF33B70A,CUST-0429,100.1,USD,auth_required,Strong customer authentication needed,39,1,239,10,15,17.86,0,,2024-08-27 19:56:00,train
TXN-6EDDBB97816A,CUST-0201,45.84,USD,insufficient_funds,Decline: NSF,32,4,1739,9,19,29.98,1,93.0,2024-01-23 13:15:00,train
TXN-74C6EB95082F,CUST-0098,56.14,USD,insufficient_funds,Card declined — insufficient funds,41,5,1256,28,18,57.66,1,130.0,2024-04-15 14:15:00,test
TXN-A1412784326C,CUST-0061,108.71,USD,auth_required,SCA challenge required,41,5,1980,28,18,158.7,1,58.0,2024-06-16 10:33:00,train
TXN-0A432A80119E,CUST-0375,20.32,EUR,temp_error,"Temporary processing error, please retry",55,6,1448,13,18,33.91,1,1.0,2024-07-10 20:02:00,train
TXN-E168833260ED,CUST-0354,83.25,USD,fraud_flag,Suspected fraudulent activity — transaction blocked,11,8,47,10,17,31.37,0,,2024-09-13 16:05:00,train
TXN-6A9602723884,CUST-0247,32.39,USD,auth_required,SCA challenge required,58,1,393,20,15,96.12,1,27.0,2024-08-10 14:17:00,test
TXN-628CC43C5F94,CUST-0364,169.45,CAD,insufficient_funds,Decline: NSF,18,7,16,6,13,13.08,1,99.0,2024-11-14 10:05:00,train
TXN-928F02880162,CUST-0280,103.62,AUD,temp_error,Network error during authorization,4,3,1654,11,6,72.72,1,3.0,2024-03-06 03:17:00,train
TXN-0B35C119EE6B,CUST-0382,93.05,USD,expired_card,Declined — expired card on file,1,4,1839,21,7,58.92,1,92.0,2024-05-25 23:19:00,train
TXN-50CF8F19764A,CUST-0066,179.15,USD,expired_card,Declined — expired card on file,49,3,629,4,17,67.88,1,125.0,2024-06-05 05:52:00,test
TXN-C32F60B1B57B,CUST-0283,166.2,EUR,insufficient_funds,Card declined — insufficient funds,56,2,346,1,17,95.26,1,124.0,2024-12-27 20:42:00,train
TXN-5D5B5D2F0298,CUST-0150,32.72,USD,insufficient_funds,Insufficient funds in account,32,7,944,12,10,174.38,0,,2024-10-17 00:30:00,train
TXN-2168B8749ECE,CUST-0200,83.38,USD,fraud_flag,Suspected fraudulent activity — transaction blocked,53,1,202,19,20,45.93,0,,2024-09-07 19:25:00,train
TXN-ABAB5BC3727B,CUST-0030,93.28,USD,temp_error,Gateway timeout,18,7,1394,8,19,74.44,1,14.0,2024-05-13 19:52:00,train
TXN-CC70DC3F4D4E,CUST-0066,19.26,USD,temp_error,Processing system temporarily unavailable,34,0,1696,4,6,57.44,1,2.0,2024-03-05 23:16:00,test
TXN-71EA1FFFFFFD,CUST-0053,57.28,USD,temp_error,"Temporary processing error, please retry",0,3,1125,17,9,49.12,1,10.0,2024-12-27 09:11:00,test
TXN-45AE9C10C789,CUST-0277,64.73,GBP,temp_error,Gateway timeout,23,8,1585,6,9,59.74,1,8.0,2024-09-29 07:52:00,train
TXN-AFED935502B6,CUST-0269,50.31,USD,unknown,Error code: 05,29,3,1837,4,12,43.26,0,,2024-03-27 03:04:00,train
TXN-6BE5CDC9F0BA,CUST-0381,60.84,USD,insufficient_funds,Insufficient funds in account,54,9,312,21,7,35.89,1,86.0,2024-01-26 20:37:00,train
TXN-FA39D1D60046,CUST-0414,44.1,EUR,auth_required,SCA challenge required,11,9,1175,2,15,81.54,0,,2024-05-30 10:40:00,test
TXN-B46B7ECDEE25,CUST-0378,85.37,USD,insufficient_funds,Insufficient funds in account,50,5,410,2,6,48.91,1,112.0,2024-11-06 13:45:00,train
TXN-373A97C7841A,CUST-0310,38.17,EUR,temp_error,Temporary bank unavailability,32,0,1893,17,18,65.0,1,14.0,2024-02-06 20:31:00,train
TXN-F98B0B47417C,CUST-0339,17.08,EUR,insufficient_funds,Card declined — insufficient funds,53,8,1187,11,15,34.92,1,105.0,2024-04-17 08:43:00,train
TXN-F77596B7A564,CUST-0017,230.42,USD,temp_error,Temporary bank unavailability,8,3,1567,6,8,38.62,1,23.0,2024-05-16 09:30:00,train
TXN-A251CBD9D336,CUST-0052,72.38,EUR,expired_card,Card has expired,48,8,1632,17,7,19.97,1,111.0,2024-11-24 23:11:00,test
TXN-3B9020FB155C,CUST-0483,105.31,USD,fraud_flag,Fraud prevention hold,12,7,1287,23,16,43.57,0,,2024-06-30 15:40:00,train
TXN-97E2F9213042,CUST-0386,43.46,USD,fraud_flag,Fraud prevention hold,56,6,1200,27,6,57.61,0,,2024-07-13 21:27:00,train
TXN-17CE0F977996,CUST-0341,14.39,USD,insufficient_funds,Not enough balance,50,3,639,5,6,35.81,1,103.0,2024-03-23 23:12:00,test
TXN-41009942BE43,CUST-0281,46.12,USD,expired_card,Card expiry passed,57,9,1254,2,20,31.67,0,,2024-04-03 15:32:00,train
TXN-7F5004F57CE1,CUST-0310,285.21,USD,temp_error,Network error during authorization,10,7,39,5,12,51.41,1,13.0,2024-10-21 12:18:00,test
TXN-53F0879738DD,CUST-0259,80.15,USD,insufficient_funds,Card declined — insufficient funds,58,4,99,5,15,34.56,1,89.0,2024-04-26 13:32:00,test
TXN-1BC397342B64,CUST-0321,178.66,USD,unknown,Unknown decline code from processor,14,2,575,8,13,73.02,0,,2024-10-24 14:36:00,train
TXN-0F9C38CD80E3,CUST-0339,52.16,USD,temp_error,Temporary bank unavailability,43,0,1210,13,16,88.49,1,14.0,2024-05-17 00:39:00,train
TXN-B5D14D6C8272,CUST-0237,16.96,EUR,temp_error,Processing system temporarily unavailable,51,9,1603,4,8,48.03,1,18.0,2024-12-04 06:50:00,train
TXN-1DD8D890E6B7,CUST-0097,158.52,USD,insufficient_funds,Payment failed: low account balance,12,4,894,3,12,63.23,1,115.0,2024-08-20 21:46:00,train
TXN-3815132F348A,CUST-0409,18.22,USD,hard_decline,Do not honor,56,5,1873,27,12,45.05,0,,2024-05-30 12:27:00,train
TXN-BDC78BB67715,CUST-0352,51.96,EUR,insufficient_funds,Payment failed: low account balance,13,7,1608,19,6,51.17,1,98.0,2024-05-08 22:49:00,train
TXN-842538C090F5,CUST-0386,130.54,GBP,insufficient_funds,Insufficient funds in account,33,8,992,26,20,56.13,0,,2024-11-27 23:21:00,train
TXN-F42627CAAB61,CUST-0114,94.79,USD,temp_error,"Temporary processing error, please retry",3,2,849,19,9,80.15,1,22.0,2024-08-02 11:49:00,train
TXN-528610BD4D67,CUST-0349,30.85,USD,expired_card,Declined — expired card on file,49,3,504,6,17,51.82,0,,2024-09-18 23:34:00,train
TXN-9F6A3ACA5A0F,CUST-0132,206.05,EUR,fraud_flag,Security flag triggered by issuer,39,1,16,24,7,72.38,0,,2024-12-28 05:48:00,train
TXN-AF7891D33C11,CUST-0196,179.52,USD,expired_card,Declined — expired card on file,33,5,822,3,18,127.33,0,,2024-03-23 16:23:00,train
TXN-70AE4BF5E13B,CUST-0282,30.14,GBP,expired_card,Card has expired,4,7,1217,17,12,89.5,0,,2024-06-19 13:26:00,test
TXN-4A84AD10D0A3,CUST-0248,66.28,USD,temp_error,Network error during authorization,49,6,1569,21,7,36.24,1,3.0,2024-05-04 13:51:00,train
TXN-7ABFA72071A0,CUST-0291,215.5,EUR,insufficient_funds,Payment failed: low account balance,10,2,1480,14,14,30.21,0,,2024-05-21 09:03:00,train
TXN-B61CD815F021,CUST-0437,175.2,USD,fraud_flag,Suspected fraudulent activity — transaction blocked,56,3,337,27,19,38.43,0,,2024-09-02 12:01:00,test
TXN-1A0CD00DCA67,CUST-0193,212.22,GBP,fraud_flag,Card flagged for unusual activity,18,2,1421,10,8,65.02,0,,2024-10-19 23:04:00,train
TXN-B366DD11A653,CUST-0123,186.66,USD,insufficient_funds,Decline: NSF,19,5,285,15,21,64.13,1,108.0,2024-06-03 13:31:00,train
TXN-B8444F93FB52,CUST-0125,50.51,EUR,expired_card,Expiration date is in the past,47,3,1686,4,8,46.39,1,91.0,2024-05-23 21:00:00,train
TXN-5BBEA1D317E9,CUST-0277,98.31,USD,expired_card,Declined — expired card on file,3,5,549,8,17,74.08,1,153.0,2024-12-27 02:18:00,train
TXN-B6A98C4D04C4,CUST-0106,38.39,USD,expired_card,Card expiry passed,11,7,1550,14,21,118.17,0,,2024-01-13 00:43:00,train
TXN-B95AB3B37E2E,CUST-0054,49.77,GBP,fraud_flag,Suspected fraudulent activity — transaction blocked,41,5,1020,19,15,69.13,0,,2024-07-10 18:55:00,train
TXN-61C0549E75E2,CUST-0306,130.1,CAD,expired_card,Card has expired,26,0,1014,19,6,9.81,0,,2024-11-03 06:09:00,train
TXN-2F84D8E4ABE9,CUST-0109,62.81,USD,insufficient_funds,Decline: NSF,38,5,1314,15,7,60.17,1,88.0,2024-04-04 11:07:00,train
TXN-59CA8A2A9F8C,CUST-0318,76.99,EUR,expired_card,Expiration date is in the past,42,5,438,17,20,49.32,0,,2024-07-15 20:42:00,train
TXN-628C66E95A27,CUST-0037,46.07,EUR,unknown,Processor response unclear,51,3,1694,15,16,47.41,1,48.0,2024-05-02 23:00:00,test
TXN-F473C8C92262,CUST-0225,16.1,USD,insufficient_funds,Not enough balance,43,7,1145,6,20,49.4,1,104.0,2024-03-01 04:52:00,train
TXN-81FD331E0567,CUST-0019,73.05,USD,insufficient_funds,Not enough balance,15,4,1120,4,20,66.61,0,,2024-09-03 16:36:00,train
TXN-92B501C3435D,CUST-0027,135.82,USD,unknown,Processor response unclear,49,8,1479,15,17,156.27,0,,2024-11-10 10:32:00,train
TXN-F56539DCDDD3,CUST-0231,58.5,USD,temp_error,Gateway timeout,31,3,1288,18,6,41.34,1,11.0,2024-05-18 10:32:00,train
TXN-7D478BE37CC4,CUST-0379,156.46,USD,temp_error,Gateway timeout,46,7,157,11,15,38.63,1,13.0,2024-05-18 07:48:00,train
TXN-BE53EFF51315,CUST-0379,160.82,EUR,hard_decline,Card reported lost or stolen,0,4,1324,28,12,46.78,0,,2024-03-19 07:31:00,train
TXN-2171242637FC,CUST-0052,134.21,USD,expired_card,Card expiry passed,17,9,253,7,6,153.8,1,73.0,2024-11-21 10:01:00,train
TXN-F55F2A5EFB02,CUST-0461,49.82,USD,insufficient_funds,Insufficient funds in account,31,5,665,1,7,22.7,1,94.0,2024-02-29 07:32:00,train
TXN-2600277A4ABB,CUST-0274,114.52,USD,insufficient_funds,Not enough balance,42,1,55,6,8,164.89,0,,2024-07-26 14:38:00,train
TXN-AF39470EBC60,CUST-0305,144.95,EUR,insufficient_funds,Card declined — insufficient funds,33,4,1949,4,12,76.14,1,131.0,2024-04-22 03:25:00,train
TXN-2B3605AA4B49,CUST-0333,106.09,CAD,unknown,Error code: 05,34,6,790,20,19,37.62,1,40.0,2024-02-24 03:40:00,train
TXN-75845807720A,CUST-0077,81.02,EUR,insufficient_funds,Card declined — insufficient funds,46,9,1709,16,6,58.89,1,74.0,2024-02-14 16:36:00,train
TXN-BD85C3460938,CUST-0127,770.95,EUR,temp_error,Temporary bank unavailability,35,5,1032,6,20,56.76,1,18.0,2024-07-24 22:40:00,test
TXN-46DB5C273633,CUST-0160,73.23,AUD,insufficient_funds,Decline: NSF,50,2,494,4,19,33.16,1,104.0,2024-08-30 06:44:00,train
TXN-FB62BD90DE59,CUST-0269,66.58,USD,unknown,Error code: 05,46,1,193,5,13,44.73,1,49.0,2024-11-29 04:20:00,train
TXN-607486468957,CUST-0005,39.23,AUD,insufficient_funds,Payment failed: low account balance,54,1,1828,21,15,57.24,1,99.0,2024-12-04 13:20:00,train
TXN-AA0CF661DAD1,CUST-0079,43.39,EUR,insufficient_funds,Not enough balance,7,2,512,27,20,26.59,1,94.0,2024-07-03 04:39:00,train
TXN-7C724C6811CC,CUST-0358,88.76,USD,fraud_flag,Suspected fraudulent activity — transaction blocked,43,6,1229,6,7,29.61,0,,2024-06-30 01:57:00,train
TXN-ACD95BF15EA5,CUST-0274,39.82,GBP,insufficient_funds,Card declined — insufficient funds,8,3,1223,26,14,64.46,1,115.0,2024-01-19 11:49:00,train
TXN-9DFDC408FBFB,CUST-0427,155.26,USD,insufficient_funds,Decline: NSF,14,2,938,21,7,42.92,1,99.0,2024-01-31 15:35:00,train
TXN-2E8C4FFAB992,CUST-0039,60.0,EUR,auth_required,Strong customer authentication needed,26,6,590,15,10,84.4,1,28.0,2024-10-07 22:14:00,train
TXN-3CC8F4F449BE,CUST-0217,8.91,USD,expired_card,Card has expired,34,1,231,9,12,60.98,0,,2024-02-21 20:51:00,train
TXN-A3E50049834F,CUST-0320,37.0,USD,auth_required,Strong customer authentication needed,13,1,769,28,8,184.72,1,52.0,2024-09-14 21:00:00,train
TXN-9FFB7ED799DE,CUST-0317,73.35,USD,expired_card,Card has expired,23,7,1849,6,21,34.11,1,161.0,2024-04-24 15:40:00,train
TXN-6D00F84256F0,CUST-0103,57.03,EUR,insufficient_funds,Decline: NSF,36,8,1217,14,13,61.95,1,71.0,2024-08-13 20:12:00,train
TXN-796195281DC4,CUST-0298,63.61,USD,expired_card,Card has expired,4,4,494,26,12,26.42,1,115.0,2024-02-22 17:03:00,train
TXN-1C529F5168EA,CUST-0265,321.47,GBP,fraud_flag,Fraud prevention hold,54,6,29,10,6,103.15,0,,2024-08-10 18:16:00,train
TXN-A76AC1E97399,CUST-0119,50.27,EUR,insufficient_funds,Card declined — insufficient funds,45,5,1639,9,20,37.39,0,,2024-03-15 17:32:00,test
TXN-3D6B672D2673,CUST-0195,12.99,AUD,hard_decline,Invalid account number,27,9,264,2,10,49.29,0,,2024-01-31 14:15:00,train
TXN-2A558D0F1636,CUST-0079,22.5,CAD,unknown,Payment declined — reason not specified,45,2,1414,18,6,26.11,1,25.0,2024-09-03 17:38:00,train
TXN-7030873FFEB9,CUST-0468,34.2,EUR,expired_card,Declined — expired card on file,0,4,515,14,16,32.01,0,,2024-10-05 16:48:00,train
TXN-0D806741941A,CUST-0135,135.8,USD,insufficient_funds,Decline: NSF,3,1,669,20,9,31.75,0,,2024-04-02 03:37:00,train
TXN-7C2F15615DC6,CUST-0344,38.96,USD,expired_card,Card has expired,16,7,1802,15,18,240.59,0,,2024-07-24 01:04:00,test
TXN-3D909992C889,CUST-0388,351.2,USD,expired_card,Declined — expired card on file,16,8,351,12,16,21.27,1,155.0,2024-01-25 17:08:00,train
TXN-1927964ECA7A,CUST-0168,24.36,USD,temp_error,"Temporary processing error, please retry",11,4,796,10,6,39.91,1,19.0,2024-01-26 18:54:00,train
TXN-DE7E32B2340F,CUST-0491,144.83,EUR,unknown,Processor response unclear,3,6,291,7,7,34.11,0,,2024-07-16 01:48:00,train
TXN-C7AF5006293C,CUST-0302,107.02,EUR,temp_error,"Temporary processing error, please retry",20,0,1423,4,19,102.68,1,13.0,2024-09-11 00:02:00,train
TXN-CE1878C876F6,CUST-0379,34.8,USD,expired_card,Expiration date is in the past,4,9,1981,21,8,64.87,1,130.0,2024-11-11 13:17:00,train
TXN-6EC26465366B,CUST-0013,87.08,USD,temp_error,Network error during authorization,15,5,1401,17,7,63.15,1,19.0,2024-07-26 22:32:00,train
TXN-1FD43C0E2E75,CUST-0406,113.83,USD,temp_error,Processing system temporarily unavailable,0,2,177,2,9,27.8,1,24.0,2024-02-09 15:21:00,train
TXN-7B3AC9CA0079,CUST-0395,754.01,USD,temp_error,Temporary bank unavailability,49,2,298,3,11,68.26,1,19.0,2024-07-15 19:02:00,train
TXN-34C004A2FCB4,CUST-0094,32.23,USD,fraud_flag,Suspected fraudulent activity — transaction blocked,38,3,595,14,8,271.25,0,,2024-06-09 03:31:00,train
TXN-099FE2937822,CUST-0183,63.99,CAD,insufficient_funds,Insufficient funds in account,17,2,488,10,17,66.97,0,,2024-04-27 22:33:00,train
TXN-7BB74593D8DF,CUST-0393,156.24,USD,insufficient_funds,Card declined — insufficient funds,48,6,568,25,10,18.98,1,129.0,2024-06-21 12:33:00,train
TXN-7C044B172CF7,CUST-0244,20.12,USD,insufficient_funds,Card declined — insufficient funds,16,5,1609,6,6,24.03,1,87.0,2024-02-27 16:17:00,train
TXN-28D4DE454C27,CUST-0420,34.55,EUR,insufficient_funds,Card declined — insufficient funds,57,3,693,4,21,25.0,1,111.0,2024-12-16 04:38:00,test
TXN-2D63614F1420,CUST-0352,52.2,USD,fraud_flag,Suspected fraudulent activity — transaction blocked,57,1,970,18,16,72.81,0,,2024-01-13 06:06:00,train
TXN-1CEFCFFBBE8A,CUST-0047,63.48,USD,insufficient_funds,Decline: NSF,2,0,1279,4,12,72.23,1,111.0,2024-08-14 17:43:00,train
TXN-C94D5C20B9D3,CUST-0118,71.4,USD,unknown,Generic decline,28,1,1724,1,8,31.54,0,,2024-12-10 10:15:00,test
TXN-86FF1FEFB50F,CUST-0042,20.86,USD,insufficient_funds,Payment failed: low account balance,35,3,946,3,7,40.82,1,104.0,2024-12-06 12:32:00,train
TXN-33D4B8473ECF,CUST-0145,162.54,USD,insufficient_funds,Insufficient funds in account,47,3,1476,10,6,73.04,1,122.0,2024-10-18 16:08:00,test
TXN-2F967A4449D8,CUST-0100,167.25,USD,expired_card,Card expiry passed,13,0,1161,27,13,67.03,1,90.0,2024-04-10 01:14:00,train
TXN-F87022AE4328,CUST-0175,27.83,USD,temp_error,Network error during authorization,11,3,1767,21,19,69.21,1,13.0,2024-03-11 02:41:00,test
TXN-6D6CA91E3CB7,CUST-0414,51.37,USD,temp_error,Temporary bank unavailability,1,5,1781,4,20,97.19,1,14.0,2024-01-15 04:29:00,train
TXN-749D6FAB5E55,CUST-0280,42.7,USD,expired_card,Declined — expired card on file,10,3,1358,8,15,24.16,0,,2024-02-15 07:41:00,train
TXN-22B98DE0A3BE,CUST-0165,44.89,GBP,temp_error,Gateway timeout,31,0,276,25,19,71.19,1,11.0,2024-05-12 12:43:00,train
TXN-CAA69BE6E531,CUST-0329,141.39,USD,expired_card,Card expiry passed,51,4,283,26,16,83.3,0,,2024-07-22 13:41:00,train
TXN-FD48FC0952BE,CUST-0469,58.01,USD,expired_card,Card expiry passed,41,2,798,28,16,36.53,1,142.0,2024-01-11 20:55:00,train
TXN-7BBCA98B9012,CUST-0055,124.35,GBP,temp_error,Network error during authorization,26,5,1298,14,20,56.74,1,13.0,2024-10-24 19:24:00,train
TXN-C7341C4816DF,CUST-0437,48.52,USD,insufficient_funds,Not enough balance,30,5,1083,2,13,28.58,1,118.0,2024-04-19 10:37:00,train
TXN-D9D0B4067563,CUST-0028,20.6,EUR,fraud_flag,Security flag triggered by issuer,6,4,1722,10,8,75.46,0,,2024-09-04 02:52:00,train
TXN-E2091610B57C,CUST-0439,35.0,USD,hard_decline,Card reported lost or stolen,54,9,1644,13,9,116.27,0,,2024-02-25 13:59:00,train
TXN-4916677130E9,CUST-0164,10.94,USD,expired_card,Expiration date is in the past,45,1,21,2,6,25.3,0,,2024-02-07 21:08:00,test
TXN-D3B48BC30FA3,CUST-0168,19.51,EUR,auth_required,Strong customer authentication needed,48,5,660,18,6,37.9,0,,2024-02-28 23:38:00,train
TXN-DDA0C7B206CD,CUST-0391,86.48,USD,hard_decline,Card permanently blocked,28,7,47,10,6,70.5,0,,2024-09-23 18:05:00,train
TXN-5F64FDDCCA54,CUST-0396,28.25,AUD,temp_error,Gateway timeout,48,4,607,15,13,77.5,1,14.0,2024-06-19 09:22:00,train
TXN-9941909E07C7,CUST-0403,91.76,USD,hard_decline,Invalid account number,26,3,572,20,7,25.83,0,,2024-11-01 13:41:00,train
TXN-D570686B5C74,CUST-0099,253.89,USD,temp_error,Temporary bank unavailability,29,2,1237,17,21,14.63,1,14.0,2024-01-01 12:36:00,train
TXN-8A46174614A1,CUST-0408,73.12,GBP,auth_required,Additional verification required by issuing bank,54,4,1518,28,15,54.86,1,59.0,2024-08-11 15:58:00,train
TXN-666ABEBE14B1,CUST-0371,90.44,USD,fraud_flag,Security flag triggered by issuer,57,6,1041,20,7,126.73,0,,2024-12-26 10:55:00,train
TXN-A194B43E0D3B,CUST-0445,101.59,USD,temp_error,Temporary bank unavailability,45,5,1621,15,15,179.35,1,24.0,2024-11-12 14:22:00,test
TXN-CF596FB8C10E,CUST-0216,47.6,USD,insufficient_funds,Decline: NSF,29,0,312,28,6,21.14,1,117.0,2024-01-02 03:37:00,train
TXN-06BC7CFA8912,CUST-0303,80.56,USD,temp_error,Gateway timeout,53,7,687,16,14,23.39,1,11.0,2024-11-19 03:19:00,train
TXN-3746F4EC8112,CUST-0240,14.63,GBP,unknown,Payment declined — reason not specified,38,5,235,8,11,45.52,0,,2024-04-12 07:02:00,test
TXN-768725E3B271,CUST-0399,55.8,EUR,hard_decline,Card reported lost or stolen,36,5,1248,3,20,93.09,0,,2024-04-17 23:19:00,train
TXN-52C06856E1B6,CUST-0406,119.86,USD,fraud_flag,Suspected fraudulent activity — transaction blocked,10,7,969,28,8,26.38,0,,2024-11-20 10:16:00,test
TXN-4B2A2FA6B360,CUST-0161,64.49,EUR,expired_card,Card has expired,9,0,1641,2,18,78.01,0,,2024-08-16 09:35:00,train
TXN-A90282833169,CUST-0361,249.26,EUR,fraud_flag,Fraud prevention hold,23,2,785,13,18,29.31,0,,2024-03-24 19:28:00,train
TXN-FF488EEF5184,CUST-0043,88.71,USD,insufficient_funds,Not enough balance,40,2,1995,8,8,55.01,1,128.0,2024-12-26 05:26:00,train
TXN-C6414F6A95F2,CUST-0250,31.93,USD,insufficient_funds,Insufficient funds in account,39,3,718,10,14,51.04,1,105.0,2024-08-12 21:36:00,train
TXN-C4EFD29F0D02,CUST-0182,22.91,EUR,insufficient_funds,Decline: NSF,14,2,645,21,13,33.5,0,,2024-05-27 16:20:00,train
TXN-B8F9E1873495,CUST-0280,39.68,USD,temp_error,Processing system temporarily unavailable,45,9,1287,15,15,76.79,1,2.0,2024-06-21 14:18:00,train
TXN-0924110D5D88,CUST-0036,54.48,USD,fraud_flag,Suspected fraudulent activity — transaction blocked,1,1,1429,23,16,83.98,0,,2024-03-05 16:45:00,train
TXN-51E7D0613D07,CUST-0139,201.35,GBP,expired_card,Expiration date is in the past,17,9,1527,6,20,90.97,1,120.0,2024-04-22 18:19:00,train
TXN-B79AD36C0B48,CUST-0079,40.99,USD,expired_card,Declined — expired card on file,54,9,1759,14,20,76.29,1,112.0,2024-05-23 05:15:00,train
TXN-FEAE561B86AD,CUST-0167,85.39,USD,expired_card,Card has expired,36,7,1691,9,6,39.32,1,161.0,2024-05-06 18:52:00,train
TXN-0907D57E9AEC,CUST-0285,489.9,USD,insufficient_funds,Decline: NSF,59,4,113,21,13,126.17,0,,2024-10-04 02:35:00,train
TXN-2F3514926AD2,CUST-0174,127.09,EUR,temp_error,Gateway timeout,37,0,767,23,14,53.34,1,8.0,2024-12-27 10:17:00,train
TXN-F2420475B2BB,CUST-0241,74.16,USD,expired_card,Card has expired,34,9,847,20,14,67.28,0,,2024-01-23 15:19:00,train
TXN-C18356A671B1,CUST-0407,154.73,EUR,auth_required,Strong customer authentication needed,59,5,1915,22,20,114.0,0,,2024-11-07 09:43:00,train
TXN-96551E45C0DD,CUST-0405,60.23,USD,expired_card,Card expiry passed,51,1,1354,13,17,62.95,1,126.0,2024-10-26 20:57:00,train
TXN-A2663F3975D1,CUST-0354,53.56,USD,auth_required,Additional verification required by issuing bank,39,5,1873,26,8,124.02,0,,2024-03-21 06:28:00,train
TXN-2EBE533BD24C,CUST-0362,109.8,GBP,expired_card,Declined — expired card on file,48,5,427,1,7,31.68,1,157.0,2024-03-15 06:51:00,train
TXN-E0222013CF9C,CUST-0289,58.26,USD,insufficient_funds,Card declined — insufficient funds,45,6,322,14,11,59.27,0,,2024-05-05 06:16:00,train
TXN-70E19D86AEA8,CUST-0118,22.45,USD,unknown,Payment declined — reason not specified,14,8,632,2,12,57.27,0,,2024-10-15 05:20:00,train
TXN-54C03828C30B,CUST-0146,28.79,EUR,hard_decline,Account closed,49,4,1325,23,11,122.74,0,,2024-06-28 14:04:00,train
TXN-D69B7E235DA5,CUST-0404,23.15,GBP,unknown,Error code: 05,55,4,564,7,11,28.87,1,69.0,2024-07-10 04:57:00,train
TXN-47F5A29EFBE6,CUST-0174,101.28,USD,temp_error,"Temporary processing error, please retry",49,1,448,3,14,50.14,1,19.0,2024-07-17 15:29:00,test
TXN-E4432CBE1371,CUST-0007,35.68,USD,insufficient_funds,Card declined — insufficient funds,10,2,1016,1,6,64.62,0,,2024-02-27 18:37:00,train
TXN-C438B68A93EB,CUST-0127,61.52,USD,temp_error,Temporary bank unavailability,3,7,448,13,10,63.32,1,20.0,2024-05-22 01:16:00,test
TXN-F189078BA0C2,CUST-0420,46.67,USD,auth_required,Strong customer authentication needed,32,7,1258,11,14,41.08,1,69.0,2024-02-17 07:48:00,train
TXN-73F9071D64B2,CUST-0306,49.73,USD,temp_error,Network error during authorization,17,0,576,13,17,46.1,1,9.0,2024-09-07 18:47:00,train
TXN-BE22BF1DF06B,CUST-0341,56.88,EUR,temp_error,Network error during authorization,38,7,1307,15,9,41.83,1,7.0,2024-07-12 10:30:00,train
TXN-9A1B50393DBA,CUST-0423,139.74,GBP,temp_error,Gateway timeout,26,6,295,20,12,24.38,1,1.0,2024-01-30 19:01:00,train
TXN-6E9F0494F3AA,CUST-0171,96.34,USD,hard_decline,Card reported lost or stolen,9,6,652,19,13,17.97,0,,2024-11-03 04:09:00,train
TXN-9B800CA566CC,CUST-0055,51.24,USD,insufficient_funds,Not enough balance,9,9,1998,5,6,41.01,1,127.0,2024-05-10 17:31:00,test
TXN-5AF058B6C0FC,CUST-0439,109.52,AUD,unknown,Generic decline,50,8,179,27,12,45.08,0,,2024-04-02 20:39:00,train
TXN-5CCE690D0AE6,CUST-0356,8.17,USD,hard_decline,Card reported lost or stolen,24,8,82,4,14,64.11,0,,2024-03-11 17:48:00,train
TXN-906405AE4EED,CUST-0379,167.17,GBP,temp_error,Temporary bank unavailability,52,5,921,16,17,45.6,1,7.0,2024-10-26 00:28:00,train
TXN-A2F616A2ED07,CUST-0193,54.34,USD,expired_card,Card has expired,23,6,614,22,12,27.8,0,,2024-11-11 20:10:00,train
TXN-61C0D655FF2A,CUST-0173,83.55,GBP,insufficient_funds,Card declined — insufficient funds,5,1,1123,3,20,49.32,1,108.0,2024-10-15 14:14:00,test
TXN-AE32D2D39752,CUST-0303,10.31,EUR,insufficient_funds,Not enough balance,29,7,812,3,11,77.84,1,123.0,2024-01-27 19:11:00,train
TXN-1272EDD94EAD,CUST-0088,26.59,GBP,fraud_flag,Security flag triggered by issuer,51,2,425,4,12,26.34,0,,2024-08-18 22:45:00,test
TXN-13BD80C16189,CUST-0357,27.83,CAD,insufficient_funds,Insufficient funds in account,40,1,1189,2,12,76.53,1,117.0,2024-07-11 03:07:00,train
TXN-7514B041DFE1,CUST-0465,91.96,USD,insufficient_funds,Card declined — insufficient funds,8,6,145,27,15,40.72,1,114.0,2024-02-22 17:11:00,train
TXN-E254E99B0DE9,CUST-0101,30.42,EUR,insufficient_funds,Payment failed: low account balance,22,0,284,17,13,26.33,1,65.0,2024-03-17 05:00:00,train
TXN-83227754F2BE,CUST-0217,22.32,AUD,expired_card,Card has expired,58,5,1763,12,17,81.25,1,136.0,2024-01-30 00:14:00,train
TXN-B0E952AD7BCB,CUST-0047,28.84,EUR,expired_card,Declined — expired card on file,16,3,683,27,19,233.57,0,,2024-04-19 12:34:00,test
TXN-78D598D9A6C1,CUST-0092,39.61,USD,insufficient_funds,Not enough balance,59,1,329,6,20,45.17,1,98.0,2024-06-04 13:15:00,train
TXN-1862341C35B6,CUST-0406,21.38,USD,insufficient_funds,Not enough balance,11,4,1960,9,12,67.41,1,117.0,2024-11-25 06:56:00,train
TXN-38F0F9865837,CUST-0331,70.42,USD,expired_card,Declined — expired card on file,46,6,1811,6,14,33.03,1,154.0,2024-08-27 07:49:00,train
TXN-6DAA034DA5CD,CUST-0020,63.79,USD,expired_card,Card expiry passed,55,7,1346,14,14,42.75,1,80.0,2024-04-04 08:15:00,train
TXN-EF1E34B0DD64,CUST-0358,40.32,USD,hard_decline,Card permanently blocked,39,8,1340,9,19,74.45,0,,2024-04-23 22:07:00,train
TXN-E4452CA0F3FE,CUST-0197,28.92,USD,fraud_flag,Security flag triggered by issuer,26,5,1933,6,7,62.28,0,,2024-08-27 06:44:00,train
TXN-F83648183CC5,CUST-0347,85.64,EUR,hard_decline,Invalid account number,36,4,367,28,8,66.45,0,,2024-10-24 09:26:00,train
TXN-828E0414E3C8,CUST-0324,40.54,USD,temp_error,"Temporary processing error, please retry",20,2,318,9,17,31.66,1,23.0,2024-06-19 12:52:00,train
TXN-5818B6BCCD87,CUST-0011,38.74,USD,insufficient_funds,Payment failed: low account balance,45,5,1493,24,12,63.56,1,91.0,2024-03-09 04:19:00,train
TXN-D5DADF173922,CUST-0310,51.71,EUR,temp_error,Network error during authorization,26,5,1811,14,10,67.83,1,18.0,2024-09-03 02:57:00,train
TXN-C089277FD6D9,CUST-0294,222.96,GBP,temp_error,Processing system temporarily unavailable,46,6,1782,15,11,67.84,1,24.0,2024-10-07 20:35:00,train
TXN-D7BEF322F2CB,CUST-0158,110.8,GBP,expired_card,Declined — expired card on file,24,3,1902,12,21,41.39,0,,2024-01-15 12:48:00,train
TXN-957EBCE0C320,CUST-0239,65.75,USD,hard_decline,Account closed,8,5,1464,5,14,49.86,0,,2024-02-15 12:04:00,test
TXN-04ACA5D9D9A8,CUST-0427,58.43,USD,auth_required,3D Secure authentication required,47,0,1592,2,12,93.1,1,25.0,2024-06-04 06:03:00,train
TXN-F075142FF42D,CUST-0392,133.31,USD,expired_card,Expiration date is in the past,34,0,1437,1,12,103.35,1,136.0,2024-11-27 16:27:00,train
TXN-6EEAAD4CFD01,CUST-0261,62.81,EUR,insufficient_funds,Not enough balance,1,2,1720,20,6,49.68,0,,2024-05-25 12:38:00,test
TXN-4E156A58A020,CUST-0229,45.39,EUR,auth_required,Strong customer authentication needed,7,5,1991,10,15,91.5,0,,2024-12-06 15:40:00,train
TXN-054BA1A9C56F,CUST-0449,16.89,CAD,insufficient_funds,Decline: NSF,58,8,1400,19,7,56.65,1,107.0,2024-03-01 01:56:00,test
TXN-F148F5D801AB,CUST-0205,128.27,USD,temp_error,Temporary bank unavailability,31,9,1983,4,7,34.23,1,2.0,2024-11-18 21:06:00,test
TXN-D9B2B3F323F8,CUST-0403,215.94,EUR,insufficient_funds,Insufficient funds in account,13,1,1231,20,6,37.13,1,117.0,2024-09-28 04:45:00,train
TXN-31232070A580,CUST-0033,37.9,USD,insufficient_funds,Not enough balance,40,3,171,2,9,67.63,1,119.0,2024-12-22 11:10:00,train
TXN-C7FD51A68CA1,CUST-0167,30.51,EUR,insufficient_funds,Decline: NSF,53,1,442,27,14,52.31,1,85.0,2024-09-28 23:41:00,train
TXN-3FCBF8D06F23,CUST-0198,85.14,USD,insufficient_funds,Payment failed: low account balance,52,4,1615,16,16,43.45,1,106.0,2024-08-27 23:49:00,train
TXN-EC5D0EB321AE,CUST-0254,16.67,USD,auth_required,Strong customer authentication needed,58,1,531,17,18,33.01,1,33.0,2024-04-12 03:09:00,train
TXN-87C073371BAC,CUST-0007,96.04,USD,insufficient_funds,Decline: NSF,57,9,1007,8,15,47.69,1,128.0,2024-12-16 10:16:00,train
TXN-ECD4841DBF7A,CUST-0342,155.9,EUR,temp_error,Gateway timeout,1,7,849,15,21,32.15,1,21.0,2024-02-16 19:42:00,train
TXN-304E25C58B91,CUST-0438,12.43,USD,expired_card,Card has expired,42,9,1177,1,21,224.41,0,,2024-05-09 18:07:00,train
TXN-0CFFAE9FD357,CUST-0466,37.26,AUD,hard_decline,Card permanently blocked,36,1,1805,3,10,29.9,0,,2024-01-24 18:35:00,train
TXN-EE7CA35C820A,CUST-0258,17.97,USD,expired_card,Card expiry passed,31,2,1994,20,19,75.52,1,142.0,2024-06-21 04:59:00,test
TXN-578607F5F766,CUST-0006,163.65,CAD,insufficient_funds,Card declined — insufficient funds,0,6,1110,1,14,76.12,1,123.0,2024-03-25 06:47:00,train
TXN-276F87EC2006,CUST-0222,97.7,GBP,hard_decline,Account closed,23,5,1512,24,20,388.63,0,,2024-07-20 16:03:00,train
TXN-84000C661249,CUST-0408,91.63,EUR,temp_error,Gateway timeout,50,2,758,26,21,83.33,1,1.0,2024-02-07 07:04:00,train
TXN-762B85A3E2E5,CUST-0420,79.91,USD,insufficient_funds,Card declined — insufficient funds,34,8,43,26,8,32.81,1,129.0,2024-07-15 17:20:00,train
TXN-E5AE9DEFA915,CUST-0227,99.55,USD,temp_error,Processing system temporarily unavailable,4,6,1999,19,15,72.93,1,13.0,2024-01-19 05:41:00,test
TXN-2C754CDD5D70,CUST-0156,223.39,USD,expired_card,Declined — expired card on file,55,6,1485,25,21,41.26,1,129.0,2024-05-20 11:46:00,train
TXN-37AA04D3AA6C,CUST-0357,168.41,USD,insufficient_funds,Not enough balance,9,9,173,17,9,165.09,0,,2024-03-02 17:11:00,train
TXN-F9EF46D54AE5,CUST-0113,49.27,USD,temp_error,"Temporary processing error, please retry",28,1,439,24,14,41.34,1,4.0,2024-11-30 12:09:00,train
TXN-29480E2469F9,CUST-0290,92.86,EUR,insufficient_funds,Insufficient funds in account,2,3,1522,16,13,117.78,1,91.0,2024-06-10 18:20:00,train
TXN-97403759523B,CUST-0340,57.37,USD,auth_required,SCA challenge required,28,9,1548,17,14,54.93,1,48.0,2024-12-01 08:52:00,train
TXN-77A7ADC37D08,CUST-0185,86.58,USD,insufficient_funds,Payment failed: low account balance,56,7,1486,27,14,63.28,1,108.0,2024-04-15 00:40:00,train
TXN-344412E6061B,CUST-0321,749.21,USD,temp_error,"Temporary processing error, please retry",22,5,514,6,15,31.19,1,20.0,2024-02-20 06:01:00,train
TXN-9753AC4876F7,CUST-0450,289.89,USD,fraud_flag,Suspected fraudulent activity — transaction blocked,48,8,748,11,9,77.2,0,,2024-05-06 07:27:00,test
TXN-C1F80C21BAF9,CUST-0020,54.6,USD,expired_card,Card has expired,54,4,1756,20,12,40.82,0,,2024-04-13 13:44:00,test
TXN-898D07366AE4,CUST-0010,101.02,USD,unknown,Error code: 05,14,3,1309,20,8,22.68,1,64.0,2024-04-22 01:42:00,train
TXN-068571643249,CUST-0326,318.54,USD,expired_card,Expiration date is in the past,9,5,1731,5,11,14.7,0,,2024-08-28 21:14:00,train
TXN-F214420B6103,CUST-0461,120.17,USD,temp_error,Gateway timeout,39,3,230,16,20,92.33,1,22.0,2024-03-27 10:58:00,train
TXN-F358FCA39E7F,CUST-0317,316.02,USD,auth_required,Additional verification required by issuing bank,19,7,488,5,7,84.21,0,,2024-10-06 12:59:00,train
TXN-6206D3D9ED36,CUST-0262,77.16,USD,unknown,Error code: 05,59,4,220,1,13,27.19,0,,2024-02-03 18:26:00,test
TXN-DD8CE058CCB0,CUST-0009,64.15,USD,temp_error,Temporary bank unavailability,47,4,924,25,9,51.97,1,15.0,2024-02-15 07:45:00,test
TXN-50FB96B77A3B,CUST-0429,209.07,USD,insufficient_funds,Decline: NSF,25,8,1294,9,15,32.46,1,130.0,2024-10-05 17:05:00,train
TXN-1E7B97C9E416,CUST-0386,123.01,EUR,fraud_flag,Security flag triggered by issuer,58,6,1468,24,9,84.48,0,,2024-09-03 18:38:00,train
TXN-F42C60E3A244,CUST-0158,63.91,USD,temp_error,Processing system temporarily unavailable,1,6,966,12,19,60.85,1,2.0,2024-02-06 08:55:00,train
TXN-1053850CE3CE,CUST-0206,30.88,USD,expired_card,Card expiry passed,58,2,1412,8,8,58.02,0,,2024-09-21 05:04:00,test
TXN-589F7FAB167F,CUST-0117,67.05,EUR,temp_error,"Temporary processing error, please retry",46,5,1724,21,12,77.78,1,1.0,2024-01-09 15:59:00,test
TXN-C263098C1609,CUST-0137,90.5,EUR,fraud_flag,Suspected fraudulent activity — transaction blocked,12,0,326,18,14,98.66,0,,2024-07-01 07:05:00,train
TXN-3EDBED428596,CUST-0438,34.69,USD,insufficient_funds,Payment failed: low account balance,18,8,732,26,7,92.95,1,116.0,2024-08-03 01:40:00,test
TXN-CBF8FCEDD35B,CUST-0473,91.05,EUR,unknown,Processor response unclear,30,4,149,26,7,56.57,0,,2024-08-22 20:14:00,train
TXN-B4FA55F4FC20,CUST-0485,51.61,AUD,insufficient_funds,Payment failed: low account balance,26,2,1739,6,20,66.29,0,,2024-04-30 10:37:00,train
TXN-03D572CFAA3D,CUST-0321,44.69,USD,temp_error,Processing system temporarily unavailable,51,8,1875,7,17,35.85,1,2.0,2024-02-08 03:51:00,train
TXN-036A41DBEA84,CUST-0337,54.06,USD,expired_card,Card expiry passed,28,5,650,16,13,57.67,0,,2024-04-13 05:38:00,train
TXN-DE5016DF195B,CUST-0469,28.65,USD,fraud_flag,Card flagged for unusual activity,10,2,224,11,10,101.86,0,,2024-08-15 07:32:00,train
TXN-88F178EF2DBE,CUST-0135,209.6,EUR,temp_error,Processing system temporarily unavailable,10,1,112,28,9,22.21,1,12.0,2024-02-15 00:00:00,train
TXN-2CC05A5F7F39,CUST-0174,115.87,USD,unknown,Unknown decline code from processor,18,8,1503,13,9,76.62,1,56.0,2024-11-04 10:07:00,test
TXN-9AC881C211C4,CUST-0208,34.63,USD,fraud_flag,Security flag triggered by issuer,27,1,1764,9,16,67.69,0,,2024-05-28 10:09:00,train
TXN-5F337E18507F,CUST-0041,125.61,USD,temp_error,"Temporary processing error, please retry",23,8,821,20,10,80.36,1,1.0,2024-06-12 07:59:00,test
TXN-7340C2B18298,CUST-0018,5.71,USD,insufficient_funds,Payment failed: low account balance,4,7,1408,25,17,71.35,1,121.0,2024-12-10 08:45:00,train
TXN-FB26E91D21BD,CUST-0498,94.65,GBP,expired_card,Card has expired,46,7,576,1,13,12.64,0,,2024-06-04 17:47:00,train
TXN-D9332C95722D,CUST-0427,186.88,USD,temp_error,Network error during authorization,53,7,804,14,21,134.42,1,9.0,2024-10-05 08:52:00,train
TXN-34CB388204C5,CUST-0421,80.81,USD,insufficient_funds,Card declined — insufficient funds,20,4,154,23,13,91.95,1,87.0,2024-03-30 10:54:00,train
TXN-B8CB7601EC51,CUST-0096,69.08,USD,expired_card,Expiration date is in the past,25,4,1183,6,14,61.18,1,78.0,2024-12-18 14:46:00,test
TXN-72CC61C730CE,CUST-0355,327.93,USD,insufficient_funds,Decline: NSF,18,4,327,26,7,10.1,1,120.0,2024-05-05 21:54:00,train
TXN-76B5F122F474,CUST-0340,70.38,USD,insufficient_funds,Card declined — insufficient funds,1,2,268,13,18,39.49,1,85.0,2024-07-20 01:13:00,train
TXN-612A5A7EC7F4,CUST-0291,32.55,USD,fraud_flag,Card flagged for unusual activity,31,0,502,11,9,29.18,0,,2024-06-25 05:32:00,train
TXN-2F532B99B1E9,CUST-0237,40.82,CAD,unknown,Generic decline,30,8,649,15,13,52.71,1,50.0,2024-12-02 03:26:00,train
TXN-CDB1B447B414,CUST-0329,93.83,EUR,temp_error,Temporary bank unavailability,15,3,434,19,6,32.44,1,2.0,2024-12-12 00:47:00,train
TXN-7B078EDC2FB6,CUST-0234,104.96,USD,insufficient_funds,Insufficient funds in account,59,9,1306,26,9,87.98,1,118.0,2024-08-01 22:52:00,train
TXN-30686188A1E0,CUST-0374,104.23,USD,insufficient_funds,Insufficient funds in account,45,2,1371,27,21,68.66,1,69.0,2024-03-26 04:59:00,train
TXN-04FDD0AFBB3E,CUST-0339,40.5,USD,auth_required,SCA challenge required,2,3,868,13,13,22.19,1,46.0,2024-10-24 01:24:00,test
TXN-EAC310D0B227,CUST-0218,36.8,USD,temp_error,"Temporary processing error, please retry",23,9,1038,19,12,51.61,1,13.0,2024-03-21 05:43:00,train
TXN-A0BD85980159,CUST-0451,82.66,EUR,auth_required,Additional verification required by issuing bank,42,9,755,12,10,33.65,0,,2024-05-26 23:24:00,train
TXN-F568278A1476,CUST-0391,32.91,EUR,temp_error,Processing system temporarily unavailable,44,1,1218,10,16,64.87,1,20.0,2024-10-28 09:00:00,train
TXN-FEE8300F48A0,CUST-0078,81.26,USD,fraud_flag,Security flag triggered by issuer,16,3,853,1,10,66.35,0,,2024-02-13 15:25:00,train
TXN-92C840CA8B74,CUST-0068,11.11,GBP,auth_required,3D Secure authentication required,19,1,408,25,7,93.68,1,54.0,2024-07-08 11:41:00,train
TXN-75E64C9E546E,CUST-0275,62.63,USD,temp_error,Gateway timeout,46,8,1872,19,20,29.07,1,23.0,2024-02-12 09:14:00,train
TXN-5E14BC1A661F,CUST-0317,278.09,USD,expired_card,Declined — expired card on file,42,5,494,9,14,30.2,1,109.0,2024-07-28 16:19:00,test
TXN-90E1D4E3652B,CUST-0299,174.96,USD,temp_error,"Temporary processing error, please retry",51,1,1404,24,19,142.67,1,8.0,2024-02-09 20:23:00,test
TXN-72C9396781B2,CUST-0112,55.17,EUR,insufficient_funds,Not enough balance,12,4,888,2,9,52.31,1,122.0,2024-08-15 21:42:00,train
TXN-CA1A2AE22B9C,CUST-0316,70.41,EUR,insufficient_funds,Card declined — insufficient funds,34,3,1979,25,14,77.29,1,94.0,2024-02-14 10:13:00,train
TXN-56810A598FD0,CUST-0232,32.96,GBP,expired_card,Card expiry passed,22,7,1882,4,16,41.74,1,109.0,2024-02-07 09:59:00,train
TXN-2B33B7264B21,CUST-0364,145.36,USD,fraud_flag,Security flag triggered by issuer,12,6,1699,14,11,38.82,0,,2024-09-18 12:45:00,test
TXN-720B8E6920C7,CUST-0432,65.76,EUR,auth_required,Additional verification required by issuing bank,9,7,1294,11,20,49.98,0,,2024-09-21 12:11:00,train
TXN-578A31A803C7,CUST-0191,216.11,USD,temp_error,"Temporary processing error, please retry",48,0,1112,17,13,47.12,1,7.0,2024-10-12 15:41:00,train
TXN-FAE4B7BC4F3A,CUST-0370,34.84,USD,insufficient_funds,Decline: NSF,25,8,1961,15,9,29.64,1,91.0,2024-09-02 17:13:00,train
TXN-4852CF0470E5,CUST-0032,26.81,USD,insufficient_funds,Not enough balance,22,0,30,9,15,35.07,1,92.0,2024-01-12 13:37:00,test
TXN-FCB92458F377,CUST-0158,55.27,USD,fraud_flag,Fraud prevention hold,30,2,1167,22,18,39.75,0,,2024-02-09 21:46:00,train
TXN-6D4AF17F75FB,CUST-0111,100.15,USD,expired_card,Card expiry passed,36,6,327,16,9,44.72,0,,2024-04-01 02:27:00,train
TXN-9A8F61B98A32,CUST-0003,25.55,USD,auth_required,Strong customer authentication needed,55,1,715,27,13,77.25,1,34.0,2024-07-25 14:20:00,train
TXN-FB4DA8A8F0BA,CUST-0130,53.37,USD,insufficient_funds,Payment failed: low account balance,46,6,1310,19,19,49.25,1,87.0,2024-09-13 04:14:00,train
TXN-E27509E2CE81,CUST-0102,33.65,USD,auth_required,SCA challenge required,47,4,399,14,15,65.69,0,,2024-08-05 22:22:00,train
TXN-4C64FA7A231B,CUST-0419,359.6,USD,temp_error,Gateway timeout,25,3,1272,21,15,40.13,1,21.0,2024-02-10 00:51:00,train
TXN-68AD0AB56ED7,CUST-0390,173.72,GBP,temp_error,Network error during authorization,11,5,1535,25,21,97.87,1,14.0,2024-10-05 05:09:00,train
TXN-DB2F84A98531,CUST-0198,163.7,GBP,insufficient_funds,Insufficient funds in account,58,1,1997,18,21,102.92,1,110.0,2024-11-21 10:29:00,train
TXN-E805AF82AEEF,CUST-0269,39.07,USD,insufficient_funds,Decline: NSF,36,5,1958,2,14,68.19,1,58.0,2024-03-02 21:18:00,train
TXN-A8EF4F388E58,CUST-0460,201.96,USD,temp_error,Processing system temporarily unavailable,14,5,1249,11,10,107.55,1,13.0,2024-03-24 10:56:00,test
TXN-8A43D0DACC4E,CUST-0306,71.1,USD,expired_card,Card has expired,43,8,1829,5,12,79.52,0,,2024-07-31 08:03:00,test
TXN-E22037FFBD2A,CUST-0040,48.06,CAD,auth_required,Strong customer authentication needed,17,8,1661,12,6,23.38,0,,2024-10-03 10:21:00,train
TXN-721BC19BEEF9,CUST-0011,75.08,GBP,temp_error,Network error during authorization,51,2,1948,16,19,61.4,1,6.0,2024-04-17 21:36:00,train
TXN-43EDB1BC4830,CUST-0225,83.14,GBP,insufficient_funds,Decline: NSF,20,1,581,12,15,52.48,0,,2024-05-04 22:04:00,train
TXN-48D9569B679E,CUST-0058,124.53,USD,temp_error,Processing system temporarily unavailable,41,6,1535,16,10,45.62,1,14.0,2024-04-04 13:47:00,test
TXN-9FD02F6C8DB9,CUST-0322,93.67,AUD,insufficient_funds,Not enough balance,17,9,365,5,16,23.41,1,109.0,2024-03-21 08:52:00,train
TXN-3C05FB6B8DE8,CUST-0027,44.33,EUR,insufficient_funds,Decline: NSF,2,5,460,16,11,105.23,0,,2024-04-04 07:19:00,test
TXN-9C8A3860F13C,CUST-0417,58.2,EUR,expired_card,Declined — expired card on file,8,0,1789,28,13,89.33,1,72.0,2024-02-07 01:21:00,test
TXN-4966BC7D8268,CUST-0263,35.98,AUD,expired_card,Declined — expired card on file,56,5,975,4,19,68.42,1,100.0,2024-05-31 07:44:00,train
TXN-F9425CA17624,CUST-0373,28.81,EUR,insufficient_funds,Decline: NSF,42,8,668,27,6,59.68,1,93.0,2024-11-21 01:14:00,train
TXN-D92B9BD4BB8F,CUST-0008,48.82,USD,temp_error,Network error during authorization,0,2,1179,19,11,30.39,1,11.0,2024-01-20 07:01:00,test
TXN-230D6A368164,CUST-0447,38.8,USD,temp_error,Temporary bank unavailability,9,6,1219,4,20,172.13,1,9.0,2024-09-02 10:16:00,train
TXN-8CC1A22ADD7A,CUST-0104,131.4,USD,insufficient_funds,Not enough balance,27,3,600,5,16,47.82,1,119.0,2024-01-08 08:55:00,train
TXN-6581F36874E3,CUST-0036,338.42,CAD,expired_card,Card expiry passed,19,4,495,17,13,54.56,1,100.0,2024-08-10 00:20:00,test
TXN-99AD81E45629,CUST-0247,29.44,USD,temp_error,"Temporary processing error, please retry",28,7,861,13,20,55.81,1,24.0,2024-02-20 08:11:00,train
TXN-B18723A91D4C,CUST-0400,57.37,EUR,hard_decline,Do not honor,35,6,816,21,8,146.63,0,,2024-09-14 10:38:00,test
TXN-9946053C07C7,CUST-0282,112.53,USD,insufficient_funds,Decline: NSF,59,4,591,25,16,51.95,1,88.0,2024-06-01 04:32:00,test
TXN-B53A5B0B1F63,CUST-0046,71.17,GBP,insufficient_funds,Not enough balance,45,5,893,25,21,39.5,1,131.0,2024-08-07 19:25:00,test
TXN-C9D705AE9BCB,CUST-0325,57.65,USD,temp_error,Network error during authorization,15,0,315,21,11,19.9,1,12.0,2024-02-16 22:08:00,train
TXN-0B07E45EF1A4,CUST-0328,245.13,USD,fraud_flag,Fraud prevention hold,45,9,1969,17,20,32.29,0,,2024-09-19 13:43:00,test
TXN-F6C314C56A4B,CUST-0380,12.26,USD,expired_card,Card expiry passed,11,7,1896,4,8,31.72,0,,2024-10-13 20:18:00,train
TXN-971E1368A21C,CUST-0369,397.59,EUR,expired_card,Expiration date is in the past,45,9,1884,17,10,187.89,1,143.0,2024-12-27 07:15:00,train
TXN-8B33584126E2,CUST-0277,39.05,USD,temp_error,Temporary bank unavailability,21,6,1453,2,21,68.8,1,7.0,2024-12-17 04:57:00,train
TXN-0EE965974E3C,CUST-0497,72.83,USD,expired_card,Expiration date is in the past,23,5,274,2,7,76.87,1,149.0,2024-12-01 18:19:00,train
TXN-29407ABC94ED,CUST-0317,55.94,USD,fraud_flag,Security flag triggered by issuer,55,6,89,8,20,26.76,0,,2024-02-23 08:35:00,train
TXN-0F73254F04AF,CUST-0382,48.66,USD,auth_required,Strong customer authentication needed,16,7,498,10,17,39.27,1,37.0,2024-04-08 19:14:00,train
TXN-EB63E43C1742,CUST-0348,135.28,USD,fraud_flag,Suspected fraudulent activity — transaction blocked,4,6,757,21,18,69.08,0,,2024-09-30 18:12:00,train
TXN-279B5886F9FD,CUST-0238,53.5,EUR,auth_required,SCA challenge required,54,2,1560,26,16,39.45,0,,2024-08-05 15:21:00,train
TXN-BBF6E640A8D8,CUST-0207,87.24,CAD,insufficient_funds,Payment failed: low account balance,53,4,966,27,9,87.63,1,112.0,2024-06-05 01:49:00,test
TXN-B6FEFE6EE1A8,CUST-0072,155.03,EUR,unknown,Processor response unclear,31,6,67,9,10,128.48,1,64.0,2024-02-29 05:35:00,train
TXN-D7250636602A,CUST-0403,24.7,USD,auth_required,Additional verification required by issuing bank,46,6,117,3,9,73.57,1,45.0,2024-03-10 06:55:00,test
TXN-3FD880BB5140,CUST-0193,120.6,USD,unknown,Payment declined — reason not specified,18,3,931,9,11,37.65,1,57.0,2024-02-05 00:31:00,train
TXN-68597CBA7C5F,CUST-0312,46.9,EUR,insufficient_funds,Card declined — insufficient funds,21,1,1015,5,18,94.16,1,116.0,2024-03-23 21:16:00,train
TXN-4EBC79A634F2,CUST-0165,274.96,USD,insufficient_funds,Payment failed: low account balance,7,9,1456,13,8,234.27,1,107.0,2024-12-24 09:59:00,train
TXN-D086DEF9C2E6,CUST-0014,91.64,CAD,hard_decline,Card permanently blocked,49,6,597,26,8,135.27,0,,2024-08-07 00:26:00,train
TXN-27E73B5EA42D,CUST-0405,196.53,USD,expired_card,Declined — expired card on file,49,4,1016,6,6,49.09,0,,2024-12-10 01:07:00,train
TXN-5ECB3CF81DAE,CUST-0079,14.22,USD,auth_required,SCA challenge required,49,4,491,10,17,32.97,1,49.0,2024-07-15 01:00:00,train
TXN-84AFBEA1D732,CUST-0373,104.28,USD,insufficient_funds,Decline: NSF,1,6,1863,13,9,150.29,1,89.0,2024-08-21 16:37:00,test
TXN-53FA7ABD184A,CUST-0375,164.87,EUR,insufficient_funds,Payment failed: low account balance,8,9,930,15,16,52.03,0,,2024-02-05 15:03:00,test
TXN-1A177D02D36E,CUST-0393,65.11,USD,temp_error,Gateway timeout,27,5,199,17,16,48.44,1,23.0,2024-12-30 02:00:00,train
TXN-AB5DBA7FF664,CUST-0183,59.92,USD,fraud_flag,Security flag triggered by issuer,37,4,1825,18,17,44.95,0,,2024-11-30 15:53:00,train
TXN-BDB294BFCA37,CUST-0118,66.97,AUD,expired_card,Expiration date is in the past,18,3,1721,7,6,52.49,1,121.0,2024-11-05 04:38:00,train
TXN-3280BC26791B,CUST-0233,202.46,USD,fraud_flag,Card flagged for unusual activity,24,8,956,23,8,36.59,0,,2024-08-03 15:32:00,train
TXN-46D58A94CAE9,CUST-0043,166.8,AUD,expired_card,Expiration date is in the past,10,4,1244,6,13,142.97,1,92.0,2024-02-23 15:26:00,train
TXN-B58A6ADE0AE4,CUST-0214,109.57,USD,temp_error,"Temporary processing error, please retry",8,1,568,4,21,110.54,1,21.0,2024-09-23 08:28:00,train
TXN-E59DFC8634A6,CUST-0418,66.95,USD,fraud_flag,Security flag triggered by issuer,36,4,443,11,17,28.47,0,,2024-01-01 15:32:00,train
TXN-78EBD45BC34B,CUST-0007,43.47,USD,temp_error,Network error during authorization,58,7,115,18,18,97.04,1,8.0,2024-09-01 21:17:00,train
TXN-E5962C49FFF4,CUST-0175,64.58,USD,insufficient_funds,Card declined — insufficient funds,33,3,1326,10,16,57.94,1,101.0,2024-04-04 22:15:00,train
TXN-511AC31CC45F,CUST-0134,150.66,EUR,hard_decline,Card permanently blocked,9,7,1739,6,15,66.28,0,,2024-11-16 19:01:00,train
TXN-77AF994898A6,CUST-0342,119.37,USD,fraud_flag,Card flagged for unusual activity,58,5,220,19,9,53.49,0,,2024-11-06 11:41:00,train
TXN-D7FCB76CD30A,CUST-0272,33.24,EUR,expired_card,Expiration date is in the past,57,2,900,16,7,17.93,0,,2024-04-17 22:36:00,train
TXN-DED465B684D1,CUST-0305,58.62,USD,temp_error,Temporary bank unavailability,38,6,489,26,6,88.59,1,10.0,2024-05-31 12:28:00,train
TXN-F6EC3E961CF1,CUST-0033,97.41,USD,fraud_flag,Security flag triggered by issuer,4,0,1821,14,15,32.17,0,,2024-04-17 17:36:00,train
TXN-F4DC407837BB,CUST-0023,43.55,EUR,auth_required,SCA challenge required,52,2,578,5,13,88.02,1,27.0,2024-12-20 14:58:00,train
TXN-79934B71C610,CUST-0138,10.14,USD,temp_error,Gateway timeout,36,3,1757,21,15,38.08,1,18.0,2024-10-07 15:18:00,train
TXN-BB827D9F02E4,CUST-0089,27.87,EUR,expired_card,Card has expired,30,2,148,4,17,40.12,0,,2024-03-07 13:10:00,train
TXN-34BDC4986069,CUST-0195,19.44,USD,auth_required,3D Secure authentication required,59,4,755,8,8,57.11,1,52.0,2024-02-17 10:44:00,train
TXN-31BAEF9341D1,CUST-0184,34.99,EUR,insufficient_funds,Card declined — insufficient funds,7,7,323,21,17,62.19,1,86.0,2024-06-01 06:31:00,train
TXN-5D8E7908AE7E,CUST-0104,76.18,EUR,temp_error,Processing system temporarily unavailable,41,8,519,28,15,14.5,1,14.0,2024-09-06 08:37:00,train
TXN-A0DFC1921E12,CUST-0311,25.45,EUR,insufficient_funds,Decline: NSF,22,8,773,25,14,66.85,1,123.0,2024-05-16 17:35:00,train
TXN-7B53AB289D13,CUST-0007,58.07,GBP,insufficient_funds,Payment failed: low account balance,15,5,396,3,7,38.57,1,119.0,2024-07-17 20:09:00,train
TXN-168D6CFB3B89,CUST-0087,23.12,USD,hard_decline,Card permanently blocked,49,0,696,3,19,50.67,0,,2024-01-24 15:32:00,test
TXN-188C64841B1F,CUST-0044,19.09,USD,hard_decline,Card reported lost or stolen,36,5,1243,22,20,41.07,0,,2024-07-19 23:41:00,test
TXN-50B5C13AA2F1,CUST-0320,98.72,AUD,insufficient_funds,Insufficient funds in account,5,9,265,3,17,38.92,0,,2024-10-05 07:04:00,train
TXN-7BF8E8C0286A,CUST-0498,76.42,USD,fraud_flag,Fraud prevention hold,54,3,829,9,8,48.77,0,,2024-04-10 03:40:00,train
TXN-4612DBBB89CD,CUST-0383,257.72,EUR,insufficient_funds,Decline: NSF,40,0,1926,26,8,25.62,1,98.0,2024-05-18 00:38:00,test
TXN-62B1806CC165,CUST-0448,38.33,CAD,temp_error,Network error during authorization,24,9,141,2,21,43.19,1,19.0,2024-10-03 09:17:00,test
TXN-429BD929A426,CUST-0097,77.62,USD,temp_error,"Temporary processing error, please retry",14,0,866,2,16,69.5,1,20.0,2024-01-30 08:44:00,train
TXN-BC4161DED90B,CUST-0234,13.51,USD,expired_card,Card expiry passed,49,7,721,23,18,54.32,1,123.0,2024-11-03 05:58:00,train
TXN-5C93594C91C6,CUST-0182,47.97,EUR,auth_required,3D Secure authentication required,5,3,1743,28,19,16.56,1,28.0,2024-12-28 03:51:00,test
TXN-3AFCC535642B,CUST-0368,21.24,USD,fraud_flag,Fraud prevention hold,45,8,1630,4,17,49.23,0,,2024-03-03 02:53:00,train
TXN-9172A714F9BF,CUST-0385,90.3,EUR,temp_error,Temporary bank unavailability,34,3,1042,25,12,99.61,1,14.0,2024-09-07 18:44:00,test
TXN-009A0C07EADE,CUST-0169,42.77,USD,auth_required,Additional verification required by issuing bank,45,8,679,15,18,40.25,1,53.0,2024-01-28 12:42:00,test
TXN-94610C1E8695,CUST-0396,303.78,USD,expired_card,Expiration date is in the past,30,6,409,9,19,19.29,1,107.0,2024-02-11 04:27:00,test
TXN-1A8A1DE7B552,CUST-0236,50.33,EUR,insufficient_funds,Payment failed: low account balance,40,8,784,9,19,63.39,1,127.0,2024-05-01 14:32:00,test
TXN-594A258D84A6,CUST-0436,107.67,USD,temp_error,Processing system temporarily unavailable,56,3,950,18,10,100.25,1,22.0,2024-02-24 11:06:00,train
TXN-F52B06061058,CUST-0437,90.58,AUD,insufficient_funds,Card declined — insufficient funds,51,1,1694,1,21,41.37,1,79.0,2024-04-01 14:49:00,train
TXN-A90A01CA39CB,CUST-0256,848.86,USD,temp_error,Processing system temporarily unavailable,17,6,510,20,17,39.41,1,20.0,2024-07-30 07:22:00,train
TXN-FEF74E9FB0D5,CUST-0062,68.99,USD,insufficient_funds,Insufficient funds in account,7,4,1156,5,7,18.75,1,85.0,2024-03-01 13:36:00,train
TXN-7C6F30FF61FD,CUST-0356,101.15,EUR,insufficient_funds,Card declined — insufficient funds,42,9,627,11,13,35.11,1,91.0,2024-05-21 06:28:00,train
TXN-AED40709C42A,CUST-0480,33.18,USD,unknown,Payment declined — reason not specified,50,5,1074,1,17,7.06,0,,2024-10-10 03:50:00,test
TXN-D7FAFFE5C29E,CUST-0480,50.5,USD,fraud_flag,Suspected fraudulent activity — transaction blocked,47,8,1565,14,10,59.72,0,,2024-11-17 03:37:00,train
TXN-CD3D6ABF0C55,CUST-0290,162.12,USD,insufficient_funds,Card declined — insufficient funds,31,5,1109,8,16,119.85,1,110.0,2024-04-06 15:47:00,train
TXN-02CF6824BC5D,CUST-0434,63.77,EUR,insufficient_funds,Not enough balance,49,3,935,9,14,35.28,1,123.0,2024-07-01 19:43:00,train
TXN-F0AC1F34B4F0,CUST-0124,30.12,USD,unknown,Payment declined — reason not specified,14,0,1197,8,9,34.28,0,,2024-07-20 13:23:00,train
TXN-215A8AA4040A,CUST-0482,163.08,USD,temp_error,Processing system temporarily unavailable,48,8,754,2,13,38.96,1,19.0,2024-04-06 12:40:00,train
TXN-FC359E5D5C32,CUST-0326,123.57,USD,expired_card,Card has expired,31,4,915,6,16,71.03,1,136.0,2024-02-01 01:25:00,test
TXN-370A1DDDC157,CUST-0430,14.7,USD,insufficient_funds,Insufficient funds in account,41,2,1939,7,7,39.52,1,98.0,2024-10-09 08:37:00,test
TXN-BE0EB4BA4AD7,CUST-0192,13.7,AUD,insufficient_funds,Payment failed: low account balance,40,2,1074,19,18,23.2,1,115.0,2024-10-31 03:00:00,test
TXN-4C1CF34C7DF8,CUST-0067,119.84,EUR,fraud_flag,Card flagged for unusual activity,21,5,1359,2,12,100.03,0,,2024-05-17 22:28:00,test
TXN-079E435519CE,CUST-0323,34.02,CAD,temp_error,"Temporary processing error, please retry",34,0,1957,11,18,120.2,1,13.0,2024-07-30 01:51:00,test
TXN-24A00A2C5FCB,CUST-0227,98.11,USD,insufficient_funds,Not enough balance,8,4,1141,18,16,120.89,1,89.0,2024-05-18 18:05:00,test
TXN-65E04DDA57A6,CUST-0485,67.9,USD,insufficient_funds,Payment failed: low account balance,3,9,1438,5,13,117.77,0,,2024-10-27 16:56:00,train
TXN-54A4AB4A7B2C,CUST-0258,63.57,GBP,insufficient_funds,Decline: NSF,52,7,217,5,17,93.53,1,86.0,2024-02-12 04:10:00,train
TXN-E67F4BCDBA76,CUST-0227,172.35,GBP,insufficient_funds,Card declined — insufficient funds,27,9,48,5,10,149.07,1,105.0,2024-10-27 10:24:00,train
TXN-F568CFA1DBCB,CUST-0375,42.83,USD,unknown,Error code: 05,23,5,1655,3,11,56.35,0,,2024-04-07 17:25:00,train
TXN-B3AD71E28A8F,CUST-0027,78.47,USD,insufficient_funds,Decline: NSF,8,6,1873,16,9,56.54,1,97.0,2024-10-21 17:38:00,train
TXN-4C1198E0F1DD,CUST-0077,583.15,USD,expired_card,Card expiry passed,47,2,669,1,10,51.32,1,76.0,2024-05-01 22:04:00,test
TXN-9EAE6B0383CD,CUST-0013,54.86,EUR,fraud_flag,Suspected fraudulent activity — transaction blocked,21,8,1310,2,7,86.35,0,,2024-11-08 04:01:00,train
TXN-DE6BA6B13E48,CUST-0058,20.35,GBP,insufficient_funds,Not enough balance,29,1,1044,7,19,90.56,1,50.0,2024-05-07 16:03:00,train
TXN-7EF6D51998BE,CUST-0308,15.7,USD,temp_error,"Temporary processing error, please retry",1,6,1945,11,8,31.59,1,21.0,2024-09-29 04:32:00,train
TXN-EAE62401CFB3,CUST-0361,238.88,USD,unknown,Generic decline,22,9,93,17,15,51.88,0,,2024-01-31 11:15:00,train
TXN-B410C2F745AA,CUST-0279,56.83,USD,auth_required,Strong customer authentication needed,51,4,1069,1,9,38.91,1,72.0,2024-01-21 03:41:00,test
TXN-6858681BDD2C,CUST-0033,62.77,USD,expired_card,Declined — expired card on file,2,1,495,3,10,49.56,0,,2024-04-23 17:17:00,train
TXN-24576F9356F8,CUST-0131,81.0,USD,insufficient_funds,Card declined — insufficient funds,9,4,1914,20,9,62.45,1,114.0,2024-10-12 02:27:00,train
TXN-978D4F549D46,CUST-0344,133.12,CAD,auth_required,Additional verification required by issuing bank,43,7,1634,23,10,23.27,1,34.0,2024-09-20 22:16:00,test
TXN-3F05AD9213F7,CUST-0048,69.24,CAD,expired_card,Declined — expired card on file,9,6,92,1,14,22.05,0,,2024-03-12 13:16:00,test
TXN-A2B39A4D4F51,CUST-0445,23.5,EUR,temp_error,Temporary bank unavailability,39,9,924,12,12,57.59,1,11.0,2024-10-13 10:47:00,train
TXN-244522458E52,CUST-0263,211.02,USD,expired_card,Declined — expired card on file,2,9,52,15,12,75.66,0,,2024-10-23 16:11:00,train
TXN-8A2EDBFE10B5,CUST-0010,22.75,EUR,insufficient_funds,Payment failed: low account balance,50,2,102,4,20,39.64,1,106.0,2024-03-12 18:02:00,train
TXN-45ED66B43A30,CUST-0394,327.5,USD,insufficient_funds,Decline: NSF,25,4,923,9,14,80.38,1,116.0,2024-04-15 03:50:00,train
TXN-173C898B72DE,CUST-0039,33.23,USD,insufficient_funds,Card declined — insufficient funds,44,3,983,11,16,146.31,1,100.0,2024-08-06 06:09:00,test
TXN-40BC547D29D0,CUST-0347,28.02,USD,insufficient_funds,Not enough balance,16,5,876,2,8,57.27,1,107.0,2024-08-26 02:51:00,test
TXN-D7CF78E3D1DF,CUST-0113,34.82,USD,expired_card,Expiration date is in the past,49,8,1926,7,13,23.96,0,,2024-05-08 14:25:00,train
TXN-315B7412EFA9,CUST-0042,79.44,USD,temp_error,Processing system temporarily unavailable,2,1,856,23,8,100.51,1,9.0,2024-03-01 06:56:00,train
TXN-A783E83E1E29,CUST-0308,37.83,USD,expired_card,Card has expired,18,3,1667,9,20,60.63,0,,2024-12-26 15:49:00,train
TXN-42356742A567,CUST-0055,56.18,USD,insufficient_funds,Insufficient funds in account,27,7,1770,21,13,130.48,1,122.0,2024-03-08 01:09:00,train
TXN-8E61A53E3276,CUST-0084,148.62,USD,expired_card,Card has expired,1,0,1639,1,12,87.27,0,,2024-09-22 15:39:00,train
TXN-8E4BFA88252E,CUST-0211,59.54,USD,auth_required,3D Secure authentication required,5,9,924,24,9,53.93,1,42.0,2024-07-23 05:58:00,train
TXN-51C2D59E6F8A,CUST-0445,88.61,AUD,auth_required,SCA challenge required,38,1,1857,4,18,41.65,0,,2024-12-07 15:45:00,test
TXN-7C855FB91590,CUST-0139,52.5,USD,insufficient_funds,Decline: NSF,20,7,1002,24,7,48.3,1,100.0,2024-06-12 20:04:00,train
TXN-9D2C89F1CC81,CUST-0428,147.03,USD,fraud_flag,Suspected fraudulent activity — transaction blocked,41,0,283,15,7,143.82,0,,2024-07-12 21:29:00,test
TXN-2D41AFFA78D6,CUST-0320,63.22,GBP,insufficient_funds,Payment failed: low account balance,6,6,561,17,11,26.55,1,87.0,2024-03-08 17:34:00,train
TXN-76A2D43E77BA,CUST-0124,68.53,USD,expired_card,Card has expired,50,7,1915,25,12,90.69,0,,2024-07-23 08:27:00,test
TXN-E1A3AD646051,CUST-0075,70.3,USD,fraud_flag,Fraud prevention hold,24,2,1811,25,16,91.19,0,,2024-06-02 17:30:00,train
TXN-F022453F9664,CUST-0247,46.31,EUR,temp_error,Processing system temporarily unavailable,23,4,1546,22,10,34.84,1,12.0,2024-02-07 12:50:00,train
TXN-891F94C7B8A9,CUST-0068,63.41,GBP,temp_error,Temporary bank unavailability,21,6,1804,13,9,37.61,1,7.0,2024-03-16 02:42:00,train
TXN-293B783E9E08,CUST-0025,78.8,USD,unknown,Unknown decline code from processor,21,2,1409,19,20,36.71,0,,2024-10-26 11:30:00,train
TXN-59701D6FAC9E,CUST-0352,122.36,GBP,temp_error,Network error during authorization,31,2,1507,5,8,93.34,1,4.0,2024-05-23 04:25:00,train
TXN-43E7E7579FE2,CUST-0492,283.34,EUR,insufficient_funds,Card declined — insufficient funds,47,4,923,5,6,29.31,1,89.0,2024-07-22 21:09:00,train
TXN-47EBFD118582,CUST-0001,230.66,AUD,temp_error,"Temporary processing error, please retry",6,2,395,13,16,162.1,1,19.0,2024-06-02 00:23:00,train
TXN-ADF2746E0683,CUST-0243,79.48,USD,temp_error,Processing system temporarily unavailable,12,1,641,25,15,30.26,1,10.0,2024-09-09 14:31:00,train
TXN-2C2287461888,CUST-0391,26.64,USD,insufficient_funds,Decline: NSF,7,4,51,26,8,48.35,0,,2024-08-04 10:18:00,train
TXN-EBB56472712D,CUST-0054,60.62,USD,temp_error,Temporary bank unavailability,52,8,781,7,15,14.98,1,21.0,2024-09-12 21:37:00,test
TXN-94FC46389C3F,CUST-0426,23.94,USD,insufficient_funds,Card declined — insufficient funds,41,3,25,22,7,39.34,1,96.0,2024-04-17 22:29:00,train
TXN-BDD45E856585,CUST-0333,24.51,USD,auth_required,Additional verification required by issuing bank,5,7,947,26,9,140.1,1,37.0,2024-05-01 17:42:00,test
TXN-13B74D3FDE1C,CUST-0203,18.28,CAD,insufficient_funds,Decline: NSF,51,7,1567,12,6,22.92,1,84.0,2024-08-09 16:34:00,train
TXN-5DF086183ED7,CUST-0022,272.8,USD,auth_required,Strong customer authentication needed,41,7,851,3,13,31.44,0,,2024-10-16 17:00:00,test
TXN-91E58DA513A8,CUST-0487,83.42,AUD,insufficient_funds,Insufficient funds in account,21,2,1320,19,16,100.4,1,124.0,2024-07-30 03:19:00,train
TXN-A4DF7C5DEC37,CUST-0328,18.25,USD,expired_card,Expiration date is in the past,54,0,1349,10,10,55.6,1,159.0,2024-07-30 22:46:00,train
TXN-0D560EB1BAD5,CUST-0471,172.55,EUR,insufficient_funds,Payment failed: low account balance,0,1,1180,22,8,54.89,1,106.0,2024-03-15 03:00:00,train
TXN-6565DCA0AA8F,CUST-0452,57.33,AUD,insufficient_funds,Payment failed: low account balance,26,3,487,2,20,104.1,1,97.0,2024-03-21 03:59:00,train
TXN-D005FBFD4E65,CUST-0013,50.54,AUD,temp_error,Gateway timeout,18,7,173,22,6,143.53,1,3.0,2024-07-04 04:27:00,train
TXN-62729112F75F,CUST-0017,74.79,USD,auth_required,Additional verification required by issuing bank,55,7,315,15,16,43.2,1,26.0,2024-04-04 23:02:00,train
TXN-8641BEFA7BF6,CUST-0360,218.86,GBP,insufficient_funds,Card declined — insufficient funds,55,0,1727,23,8,52.34,1,90.0,2024-06-08 20:41:00,train
TXN-3AEA30514B0E,CUST-0331,169.76,USD,expired_card,Card has expired,56,5,1061,13,20,30.74,0,,2024-09-08 18:30:00,test
TXN-BD3C8AE445FC,CUST-0376,47.09,EUR,temp_error,Processing system temporarily unavailable,36,3,540,13,9,93.84,1,1.0,2024-08-16 22:45:00,train
TXN-AB781C0DAAC4,CUST-0479,198.0,USD,fraud_flag,Fraud prevention hold,20,4,1206,21,10,53.43,0,,2024-01-12 23:51:00,test
TXN-FEC46C983E57,CUST-0431,218.95,USD,temp_error,Temporary bank unavailability,18,8,513,28,21,20.37,1,7.0,2024-10-12 05:53:00,train
TXN-B4A0952919EE,CUST-0040,228.33,USD,insufficient_funds,Card declined — insufficient funds,9,8,762,21,7,87.37,1,98.0,2024-02-08 02:13:00,test
TXN-94FBA3780C0D,CUST-0005,68.48,USD,auth_required,Strong customer authentication needed,10,9,518,21,8,41.59,1,35.0,2024-03-07 20:56:00,train
TXN-32F277214B74,CUST-0291,65.54,USD,insufficient_funds,Decline: NSF,0,2,1237,26,21,93.91,1,115.0,2024-08-22 08:12:00,train
TXN-423A3BF5789F,CUST-0338,24.81,EUR,insufficient_funds,Payment failed: low account balance,27,2,1762,14,7,130.89,1,102.0,2024-04-29 19:03:00,train
TXN-5628B8261014,CUST-0354,33.18,EUR,insufficient_funds,Decline: NSF,5,0,193,3,10,47.98,1,111.0,2024-01-10 04:18:00,train
TXN-CA14752E448C,CUST-0494,63.14,USD,temp_error,Network error during authorization,7,5,1053,22,21,100.11,1,8.0,2024-04-01 10:25:00,train
TXN-54984C60E57C,CUST-0163,64.55,EUR,fraud_flag,Suspected fraudulent activity — transaction blocked,48,9,1581,14,7,130.24,0,,2024-03-11 00:22:00,train
TXN-08AF0EC25367,CUST-0122,145.33,EUR,temp_error,Gateway timeout,8,3,93,13,21,36.92,1,4.0,2024-11-21 02:27:00,train
TXN-86E1034BEEA3,CUST-0443,26.63,USD,temp_error,"Temporary processing error, please retry",1,9,1650,23,20,103.46,1,11.0,2024-06-16 11:35:00,test
TXN-40900037E3F7,CUST-0096,139.15,USD,fraud_flag,Fraud prevention hold,20,4,1454,4,13,45.45,0,,2024-09-20 21:14:00,train
TXN-E98BD929E65D,CUST-0149,206.22,USD,unknown,Error code: 05,29,4,1781,5,12,21.43,1,54.0,2024-07-13 10:09:00,train
TXN-0795E25E9954,CUST-0428,65.08,GBP,expired_card,Card has expired,37,7,1263,12,19,54.78,0,,2024-05-11 10:50:00,test
TXN-C5BFA8250A34,CUST-0196,110.22,USD,expired_card,Card has expired,19,0,264,8,10,54.36,0,,2024-01-27 13:39:00,train
TXN-D769024011C4,CUST-0403,170.04,AUD,fraud_flag,Suspected fraudulent activity — transaction blocked,8,0,1593,26,15,35.76,0,,2024-05-23 07:17:00,train
TXN-0E96768B1590,CUST-0299,62.74,USD,expired_card,Expiration date is in the past,21,0,127,11,15,73.24,1,139.0,2024-10-08 10:06:00,train
TXN-B41D469CA028,CUST-0218,49.77,USD,auth_required,Strong customer authentication needed,4,3,1686,23,10,68.71,1,37.0,2024-11-19 21:14:00,train
TXN-E80D3D6488EB,CUST-0295,55.24,EUR,hard_decline,Invalid account number,1,8,1358,11,13,92.76,0,,2024-04-07 09:02:00,train
TXN-AC264FC2214F,CUST-0174,22.75,USD,temp_error,Processing system temporarily unavailable,31,3,933,24,12,37.45,1,18.0,2024-03-14 08:30:00,train
TXN-D96E0FBE594A,CUST-0033,106.29,EUR,temp_error,Gateway timeout,30,0,176,13,16,50.19,1,19.0,2024-09-19 05:50:00,test
TXN-73FEC027123C,CUST-0163,60.85,USD,auth_required,Additional verification required by issuing bank,30,7,1166,28,9,36.87,1,43.0,2024-12-13 03:29:00,test
TXN-8E0E3C32C483,CUST-0147,57.69,EUR,expired_card,Expiration date is in the past,31,0,1527,27,16,76.07,1,79.0,2024-06-03 18:10:00,train
TXN-D1E88B01DC47,CUST-0169,35.55,EUR,insufficient_funds,Payment failed: low account balance,35,1,1007,4,7,89.27,1,128.0,2024-05-14 15:58:00,test
TXN-39DC18B8BDC4,CUST-0231,48.31,USD,temp_error,"Temporary processing error, please retry",51,7,1294,18,7,236.62,1,20.0,2024-09-28 13:37:00,train
TXN-9B379CE5049D,CUST-0486,127.66,EUR,expired_card,Card expiry passed,20,9,330,25,20,74.36,0,,2024-07-05 23:05:00,train
TXN-32897E84A751,CUST-0361,467.69,USD,temp_error,Temporary bank unavailability,34,2,165,11,21,77.32,1,18.0,2024-10-31 08:34:00,train
TXN-94FBA783785A,CUST-0164,128.44,USD,expired_card,Card has expired,12,2,1200,4,11,71.05,1,116.0,2024-03-20 08:05:00,train
TXN-2F4B30585886,CUST-0264,45.94,EUR,expired_card,Expiration date is in the past,40,5,1038,15,16,154.63,1,105.0,2024-04-26 10:07:00,train
TXN-E476FE9A8567,CUST-0209,50.65,EUR,insufficient_funds,Not enough balance,6,9,1941,2,20,60.98,0,,2024-08-26 02:48:00,test
TXN-242BF22C0EFE,CUST-0365,81.43,EUR,expired_card,Card expiry passed,37,2,884,18,13,38.43,1,81.0,2024-04-27 18:12:00,train
TXN-304D4E8134A7,CUST-0061,288.6,CAD,hard_decline,Card reported lost or stolen,24,3,34,22,14,44.76,0,,2024-11-02 07:04:00,train
TXN-3D7B366F8A61,CUST-0238,149.37,AUD,fraud_flag,Security flag triggered by issuer,39,3,1492,13,17,132.15,0,,2024-07-28 15:25:00,train
TXN-439BCAEB4462,CUST-0369,101.5,EUR,auth_required,SCA challenge required,5,2,1772,20,15,54.09,1,44.0,2024-03-01 18:35:00,train
TXN-01D2DBCCAA51,CUST-0275,63.36,CAD,insufficient_funds,Card declined — insufficient funds,18,0,222,28,17,138.1,1,116.0,2024-03-29 22:34:00,train
TXN-DEC42A251348,CUST-0321,40.2,USD,auth_required,3D Secure authentication required,52,2,1811,8,17,23.59,1,53.0,2024-07-04 13:17:00,train
TXN-273F3F75B334,CUST-0386,158.52,EUR,auth_required,SCA challenge required,53,9,1674,17,17,109.17,0,,2024-12-18 21:37:00,train
TXN-038234D66DBB,CUST-0016,27.55,USD,insufficient_funds,Not enough balance,54,2,490,10,11,85.34,1,128.0,2024-03-05 10:23:00,train
TXN-CFE1AECAAB09,CUST-0282,310.05,USD,temp_error,Processing system temporarily unavailable,44,7,352,25,11,135.92,1,14.0,2024-11-04 22:17:00,train
TXN-452465BAC11F,CUST-0352,46.43,EUR,insufficient_funds,Decline: NSF,58,0,1255,28,15,67.34,1,93.0,2024-04-10 23:19:00,train
TXN-30542840F9CA,CUST-0298,43.29,USD,insufficient_funds,Insufficient funds in account,4,2,17,22,20,50.54,1,124.0,2024-10-09 19:09:00,train
TXN-D13B2F2F59BB,CUST-0263,13.69,EUR,fraud_flag,Security flag triggered by issuer,54,5,185,17,9,61.77,0,,2024-07-11 17:27:00,test
TXN-A670F0C40CFF,CUST-0417,67.46,USD,insufficient_funds,Decline: NSF,4,9,1079,28,15,158.3,0,,2024-01-03 17:14:00,train
TXN-AEC8C3894781,CUST-0254,110.59,USD,insufficient_funds,Card declined — insufficient funds,59,5,1025,28,18,114.22,1,97.0,2024-05-03 14:06:00,train
TXN-582A16A86C0A,CUST-0299,47.67,USD,insufficient_funds,Payment failed: low account balance,36,2,1226,8,9,209.29,1,114.0,2024-07-13 03:30:00,train
TXN-218FDF26CC41,CUST-0403,52.91,EUR,fraud_flag,Card flagged for unusual activity,11,4,45,3,13,22.98,0,,2024-03-25 23:57:00,train
TXN-2AEB4633EA85,CUST-0077,56.77,USD,expired_card,Expiration date is in the past,58,3,1959,7,14,40.78,1,102.0,2024-05-14 00:07:00,train
TXN-E4D3501506CD,CUST-0428,49.27,USD,insufficient_funds,Decline: NSF,52,0,1170,2,10,29.42,1,122.0,2024-05-19 09:07:00,train
TXN-70130D5C6849,CUST-0261,141.61,EUR,expired_card,Card expiry passed,13,6,1566,9,12,26.52,1,115.0,2024-07-12 09:27:00,train
TXN-16ADC41A92F7,CUST-0496,96.83,GBP,insufficient_funds,Card declined — insufficient funds,23,7,1912,25,9,55.9,1,107.0,2024-09-23 18:10:00,train
TXN-4FAF55FF08FB,CUST-0058,368.91,USD,expired_card,Card has expired,50,4,1075,22,20,44.72,1,79.0,2024-09-03 14:28:00,train
TXN-C9EB7A4763FB,CUST-0117,65.1,USD,insufficient_funds,Decline: NSF,51,0,683,23,10,34.67,1,111.0,2024-12-14 15:58:00,train
TXN-E958A4EB8EBA,CUST-0219,211.21,EUR,unknown,Payment declined — reason not specified,31,7,131,23,15,51.7,1,38.0,2024-11-23 10:41:00,test
TXN-A5218058CDA4,CUST-0325,174.1,GBP,expired_card,Declined — expired card on file,13,2,20,28,21,86.49,1,154.0,2024-10-19 11:50:00,train
TXN-0958B76A3243,CUST-0487,64.52,USD,temp_error,Network error during authorization,18,4,58,19,15,13.29,1,15.0,2024-02-19 06:42:00,train
TXN-4D1D94D5D963,CUST-0211,211.76,GBP,auth_required,3D Secure authentication required,33,7,1532,5,11,61.9,1,53.0,2024-05-08 17:18:00,train
TXN-81DCF8FA7509,CUST-0040,104.41,GBP,unknown,Error code: 05,44,3,291,24,19,39.03,0,,2024-12-14 03:09:00,train
TXN-372F14B821A8,CUST-0175,27.39,CAD,temp_error,Network error during authorization,25,3,127,21,16,66.82,1,7.0,2024-03-12 11:01:00,train
TXN-BF2EA2131799,CUST-0272,28.92,USD,auth_required,3D Secure authentication required,21,1,1301,25,21,32.0,1,36.0,2024-08-02 07:26:00,train
TXN-C38DE8BE92E8,CUST-0192,18.84,USD,expired_card,Declined — expired card on file,15,6,1990,10,10,42.92,1,139.0,2024-02-29 08:31:00,train
TXN-1FAADFDE1165,CUST-0276,34.96,USD,expired_card,Expiration date is in the past,24,8,1593,8,17,38.08,1,105.0,2024-02-02 08:20:00,train
TXN-C03559EACFC6,CUST-0269,78.07,USD,temp_error,Processing system temporarily unavailable,2,8,101,5,11,57.23,1,24.0,2024-08-15 23:47:00,train
TXN-10B6F1F935F3,CUST-0300,160.54,EUR,fraud_flag,Fraud prevention hold,55,2,143,6,9,15.01,0,,2024-06-10 04:09:00,train
TXN-82659A5CF160,CUST-0261,119.21,USD,insufficient_funds,Not enough balance,14,3,1320,24,9,157.04,1,94.0,2024-12-16 07:05:00,train
TXN-1D316CF56DDE,CUST-0322,42.12,USD,temp_error,Gateway timeout,37,8,1060,14,11,79.48,1,17.0,2024-11-04 02:17:00,test
TXN-7795718EFFE4,CUST-0410,62.27,USD,expired_card,Declined — expired card on file,50,7,1974,28,15,43.84,0,,2024-07-05 12:17:00,train
TXN-17C2C242245E,CUST-0426,32.14,CAD,temp_error,Temporary bank unavailability,53,7,104,10,6,50.35,1,14.0,2024-06-27 19:55:00,train
TXN-FCC96498C419,CUST-0378,130.36,EUR,insufficient_funds,Not enough balance,54,6,733,11,10,39.33,1,112.0,2024-11-09 08:01:00,test
TXN-F681C1B7A902,CUST-0354,90.36,EUR,auth_required,3D Secure authentication required,28,7,789,5,17,101.38,0,,2024-09-21 03:46:00,train
TXN-5C0B0CC8A5B1,CUST-0066,104.48,USD,hard_decline,Do not honor,51,1,1596,6,11,61.05,0,,2024-02-17 19:47:00,train
TXN-2CAEF553C087,CUST-0072,49.99,USD,temp_error,Temporary bank unavailability,37,9,1967,12,16,20.34,1,22.0,2024-10-01 15:06:00,train
TXN-4215AF55CAE3,CUST-0170,35.99,EUR,expired_card,Declined — expired card on file,7,1,1545,12,9,42.35,0,,2024-05-21 02:24:00,test
TXN-F590A67D12F4,CUST-0160,929.91,AUD,insufficient_funds,Card declined — insufficient funds,27,6,53,10,9,94.2,0,,2024-01-18 11:23:00,train
TXN-E95DCBD05B4F,CUST-0408,145.24,USD,expired_card,Declined — expired card on file,16,6,288,12,15,59.2,0,,2024-03-18 10:21:00,train
TXN-901C325E5F86,CUST-0281,74.42,USD,hard_decline,Do not honor,7,6,67,26,8,66.86,0,,2024-07-18 15:52:00,train
TXN-9FF43D195D69,CUST-0119,76.23,USD,expired_card,Card has expired,28,5,1472,8,11,44.46,0,,2024-02-17 14:09:00,train
TXN-54D4521C2B5B,CUST-0348,61.19,EUR,expired_card,Declined — expired card on file,8,0,538,8,11,41.9,0,,2024-08-27 17:46:00,train
TXN-D7293DFAAE0A,CUST-0179,117.7,USD,insufficient_funds,Decline: NSF,47,4,1671,26,20,100.42,1,87.0,2024-12-03 01:50:00,train
TXN-0480A7CE6733,CUST-0411,29.68,CAD,temp_error,Temporary bank unavailability,25,4,297,12,11,75.38,1,23.0,2024-08-12 09:37:00,test
TXN-EEE01808CC5F,CUST-0263,38.3,USD,auth_required,3D Secure authentication required,2,4,960,7,20,42.55,0,,2024-04-05 03:12:00,train
TXN-383E74D1EF5C,CUST-0443,62.3,USD,fraud_flag,Fraud prevention hold,59,1,1210,22,20,52.49,0,,2024-07-15 04:19:00,test
TXN-BE845972F080,CUST-0373,73.06,CAD,temp_error,Network error during authorization,34,9,1498,17,14,44.56,1,4.0,2024-03-18 07:44:00,train
TXN-639285E85F60,CUST-0297,252.97,GBP,temp_error,Gateway timeout,42,4,1672,6,7,105.56,1,7.0,2024-07-12 04:07:00,train
TXN-64552F7A73F3,CUST-0076,23.34,USD,insufficient_funds,Payment failed: low account balance,35,9,623,27,20,41.08,1,126.0,2024-10-30 17:42:00,train
TXN-695975C06C39,CUST-0004,37.51,USD,expired_card,Card expiry passed,25,9,185,11,20,111.04,1,86.0,2024-11-07 17:44:00,train
TXN-2CB36078694D,CUST-0368,109.15,USD,temp_error,Temporary bank unavailability,18,2,1278,12,7,22.72,1,15.0,2024-08-08 06:32:00,test
TXN-3FC8970C8B08,CUST-0403,36.89,USD,insufficient_funds,Card declined — insufficient funds,44,0,1308,17,20,115.52,1,94.0,2024-05-08 00:40:00,train
TXN-47235F6E9BFA,CUST-0467,41.06,GBP,temp_error,Temporary bank unavailability,21,8,731,13,12,68.94,1,9.0,2024-05-21 00:28:00,train
TXN-9521BA11F156,CUST-0212,70.6,EUR,hard_decline,Card reported lost or stolen,22,2,1009,2,18,50.85,0,,2024-11-04 00:28:00,train
TXN-2C4EC55B4898,CUST-0080,37.17,GBP,insufficient_funds,Insufficient funds in account,40,7,1894,26,11,55.22,1,85.0,2024-07-17 15:28:00,train
TXN-1D43CA0D11ED,CUST-0284,31.51,USD,insufficient_funds,Payment failed: low account balance,44,3,1272,28,16,89.86,1,117.0,2024-11-05 00:35:00,train
TXN-A07B0CC10573,CUST-0272,166.9,USD,insufficient_funds,Payment failed: low account balance,2,8,1398,14,16,178.35,1,86.0,2024-08-15 00:53:00,train
TXN-41ADE6B9EE11,CUST-0017,29.18,USD,insufficient_funds,Not enough balance,46,6,1146,22,17,76.23,1,94.0,2024-05-19 16:06:00,train
TXN-07C83084CE6E,CUST-0195,199.66,USD,insufficient_funds,Card declined — insufficient funds,20,8,671,4,8,61.59,1,102.0,2024-06-17 22:39:00,train
TXN-5B5C172D33ED,CUST-0126,42.48,USD,temp_error,Processing system temporarily unavailable,3,2,547,4,16,57.25,1,16.0,2024-01-03 13:40:00,train
TXN-7C56D18F82FE,CUST-0110,108.31,USD,temp_error,Processing system temporarily unavailable,37,8,1839,8,20,35.32,1,3.0,2024-01-27 07:07:00,train
TXN-19E597050032,CUST-0043,35.36,EUR,fraud_flag,Security flag triggered by issuer,54,4,271,28,7,82.91,0,,2024-08-25 14:04:00,train
TXN-E903DEA18D3B,CUST-0107,24.82,CAD,insufficient_funds,Card declined — insufficient funds,1,7,1312,1,19,55.08,0,,2024-05-13 13:09:00,train
TXN-F39FCA3205DC,CUST-0204,77.27,AUD,expired_card,Declined — expired card on file,37,3,1481,13,6,46.35,0,,2024-05-15 22:49:00,train
TXN-28E393AF82A7,CUST-0109,127.46,EUR,fraud_flag,Card flagged for unusual activity,24,4,1031,17,6,24.71,0,,2024-12-30 00:30:00,train
TXN-52E62CFBDA66,CUST-0208,24.26,EUR,fraud_flag,Card flagged for unusual activity,3,3,285,10,18,61.81,0,,2024-11-23 01:44:00,train
TXN-689312210457,CUST-0049,58.37,GBP,expired_card,Declined — expired card on file,17,5,685,20,8,85.77,0,,2024-09-22 13:19:00,train
TXN-7477E5D9DB39,CUST-0227,36.74,USD,insufficient_funds,Insufficient funds in account,56,5,341,26,21,27.99,1,129.0,2024-01-18 11:30:00,train
TXN-E236C0C39392,CUST-0443,67.1,USD,temp_error,Gateway timeout,47,9,238,16,15,21.54,1,22.0,2024-02-02 00:43:00,train
TXN-436517A4FA10,CUST-0304,63.95,USD,temp_error,Temporary bank unavailability,23,9,690,9,21,58.68,1,12.0,2024-09-12 10:31:00,train
TXN-4186DB778D3A,CUST-0107,77.89,USD,auth_required,3D Secure authentication required,26,5,1588,22,12,113.82,1,69.0,2024-11-26 15:41:00,train
TXN-3FE38A449F1C,CUST-0302,143.86,EUR,auth_required,Strong customer authentication needed,30,5,1276,28,10,66.88,1,26.0,2024-03-04 14:24:00,train
TXN-9CB7AD2BE819,CUST-0264,56.62,AUD,insufficient_funds,Not enough balance,22,9,1927,19,16,134.99,1,85.0,2024-07-10 20:47:00,train
TXN-0B54D479EE5B,CUST-0372,11.73,USD,temp_error,Network error during authorization,1,0,96,12,14,35.31,1,8.0,2024-05-29 09:14:00,train
TXN-BFF7B4E02145,CUST-0158,25.26,USD,fraud_flag,Suspected fraudulent activity — transaction blocked,2,5,228,28,14,50.41,0,,2024-01-12 10:46:00,test
TXN-E3DE976EA607,CUST-0254,8.08,EUR,insufficient_funds,Payment failed: low account balance,0,4,929,11,18,39.85,1,97.0,2024-04-05 05:12:00,train
TXN-B705C4FEC3EC,CUST-0013,51.75,USD,fraud_flag,Card flagged for unusual activity,11,5,855,25,10,71.65,0,,2024-01-21 19:51:00,train
TXN-B0827E7951DB,CUST-0475,57.01,EUR,insufficient_funds,Card declined — insufficient funds,9,7,736,19,19,23.67,1,109.0,2024-06-08 14:14:00,train
TXN-48EB0F83ABD6,CUST-0198,83.14,USD,auth_required,3D Secure authentication required,32,5,884,22,13,85.79,1,62.0,2024-08-27 21:13:00,train
TXN-10FFC474CFCB,CUST-0001,92.86,GBP,temp_error,Network error during authorization,51,7,893,8,9,22.76,1,15.0,2024-11-25 22:25:00,train
TXN-6E46F2C9897B,CUST-0060,111.39,USD,insufficient_funds,Card declined — insufficient funds,44,9,700,21,10,48.64,1,84.0,2024-06-23 15:17:00,train
TXN-99CAF84E7B22,CUST-0061,141.45,USD,unknown,Unknown decline code from processor,5,7,499,3,16,83.88,1,44.0,2024-12-13 21:25:00,train
TXN-0C581697EBC3,CUST-0436,73.31,USD,insufficient_funds,Not enough balance,24,5,1415,26,9,54.15,1,117.0,2024-11-08 23:27:00,test
TXN-0CA6CC65B77F,CUST-0340,131.79,USD,insufficient_funds,Not enough balance,10,8,1709,12,19,27.13,0,,2024-08-19 01:14:00,train
TXN-5BD989790C93,CUST-0023,171.4,GBP,insufficient_funds,Card declined — insufficient funds,21,6,1762,14,7,89.95,1,98.0,2024-03-22 12:46:00,test
TXN-9AB932AB1CF5,CUST-0472,86.79,EUR,insufficient_funds,Payment failed: low account balance,36,2,271,23,14,19.84,0,,2024-01-04 13:20:00,train
TXN-C82A715A0355,CUST-0329,45.36,USD,expired_card,Declined — expired card on file,25,2,1298,16,21,81.23,0,,2024-12-02 18:26:00,test
TXN-D1BC21AA15BA,CUST-0073,34.5,USD,insufficient_funds,Insufficient funds in account,24,6,1934,10,15,124.55,1,118.0,2024-04-03 06:15:00,train
TXN-D542BA485AD0,CUST-0155,63.26,USD,fraud_flag,Security flag triggered by issuer,35,6,916,3,6,55.71,0,,2024-04-10 22:17:00,test
TXN-6DA746270EBC,CUST-0226,40.56,GBP,auth_required,3D Secure authentication required,34,9,376,14,6,35.99,1,60.0,2024-04-05 07:11:00,train
TXN-4F5667030B6F,CUST-0420,41.08,USD,auth_required,SCA challenge required,53,4,1228,3,17,25.29,1,33.0,2024-04-23 00:54:00,train
TXN-6C44AAD189C8,CUST-0342,102.08,USD,insufficient_funds,Payment failed: low account balance,5,4,1692,16,21,63.21,0,,2024-02-15 01:46:00,train
TXN-672EC20730A0,CUST-0266,45.78,USD,insufficient_funds,Decline: NSF,42,0,1475,2,16,37.9,1,106.0,2024-05-11 08:13:00,train
TXN-A1731D3B2506,CUST-0329,9.61,USD,temp_error,Network error during authorization,54,3,1822,22,16,156.6,1,24.0,2024-03-07 01:45:00,train
TXN-7E82A5ABBC7F,CUST-0179,217.55,EUR,temp_error,Gateway timeout,57,3,1004,6,12,106.98,1,23.0,2024-08-13 00:30:00,test
TXN-C54B05BDB0DA,CUST-0492,12.77,CAD,insufficient_funds,Payment failed: low account balance,46,9,825,21,20,133.46,1,104.0,2024-10-25 22:18:00,test
TXN-E4DB2881A66E,CUST-0337,30.7,GBP,fraud_flag,Security flag triggered by issuer,11,2,165,6,17,53.76,0,,2024-06-09 05:41:00,train
TXN-D79D1B5411D4,CUST-0397,12.97,USD,temp_error,Gateway timeout,37,0,521,9,8,79.31,1,24.0,2024-03-19 01:12:00,train
TXN-D4D025FF2821,CUST-0083,77.4,USD,expired_card,Card has expired,8,2,1377,21,20,46.07,0,,2024-11-17 06:26:00,train
TXN-8ACD100C3A33,CUST-0452,31.11,GBP,temp_error,Gateway timeout,48,6,1774,11,11,53.37,1,23.0,2024-06-01 02:19:00,train
TXN-D69DD42893D4,CUST-0143,43.28,USD,temp_error,Gateway timeout,48,6,291,15,15,252.39,1,6.0,2024-11-05 09:02:00,train
TXN-B7C5196503B7,CUST-0075,57.52,GBP,temp_error,Temporary bank unavailability,48,8,35,15,21,47.85,1,10.0,2024-05-23 10:41:00,train
TXN-A0A525D9298F,CUST-0226,58.65,USD,unknown,Processor response unclear,56,6,1632,27,19,31.85,0,,2024-08-31 06:05:00,train
TXN-E1979485D3B2,CUST-0261,59.33,USD,expired_card,Card has expired,13,6,404,27,21,69.08,1,149.0,2024-07-23 22:16:00,train
TXN-49F9E731B0E2,CUST-0387,118.15,GBP,auth_required,Strong customer authentication needed,8,5,1094,9,21,29.32,1,41.0,2024-02-01 16:06:00,test
TXN-26273E68850D,CUST-0293,237.45,USD,auth_required,3D Secure authentication required,37,6,1156,6,15,109.0,1,62.0,2024-04-06 02:24:00,train
TXN-C121EE3F4067,CUST-0243,173.01,USD,expired_card,Card expiry passed,0,5,1460,20,11,64.35,0,,2024-10-19 07:27:00,train
TXN-A8C93B013A48,CUST-0000,139.0,GBP,expired_card,Card has expired,34,1,987,1,12,22.23,1,162.0,2024-11-18 10:25:00,test
TXN-A6F27AB8A1B6,CUST-0340,48.87,EUR,unknown,Error code: 05,23,3,1804,22,21,101.15,0,,2024-11-27 18:56:00,test
TXN-2A7F6CED321B,CUST-0017,24.96,GBP,expired_card,Declined — expired card on file,38,1,202,7,8,52.68,1,75.0,2024-07-17 10:56:00,test
TXN-BB73FA42FDAF,CUST-0063,117.89,USD,expired_card,Card expiry passed,11,5,257,28,9,86.09,1,119.0,2024-10-18 23:05:00,train
TXN-974FC48EFF82,CUST-0403,20.47,USD,unknown,Unknown decline code from processor,36,3,1387,3,16,54.46,0,,2024-07-29 12:49:00,train
TXN-0E7F667902D1,CUST-0105,37.03,USD,expired_card,Card has expired,3,1,1480,8,19,39.82,1,152.0,2024-12-27 00:51:00,train
TXN-3DC49AAC912F,CUST-0264,105.63,USD,expired_card,Card has expired,27,7,1863,2,17,78.04,0,,2024-07-01 00:45:00,test
TXN-CDBDCAF9846F,CUST-0129,38.94,USD,temp_error,Gateway timeout,54,9,1207,5,17,53.95,1,14.0,2024-09-26 22:13:00,test
TXN-DD32F0E0D9B5,CUST-0118,67.47,USD,auth_required,Strong customer authentication needed,42,8,1859,6,21,20.44,0,,2024-12-10 09:25:00,train
TXN-6921385D137E,CUST-0106,43.26,CAD,expired_card,Declined — expired card on file,48,1,40,24,18,74.98,1,114.0,2024-04-04 07:33:00,train
TXN-0B6979EBEAD9,CUST-0384,68.97,USD,expired_card,Card has expired,40,3,570,22,15,146.41,0,,2024-12-02 06:58:00,train
TXN-783917922D40,CUST-0103,87.16,USD,insufficient_funds,Not enough balance,31,8,1029,7,15,21.65,1,94.0,2024-04-01 20:37:00,train
TXN-39A40B14476A,CUST-0131,109.97,USD,expired_card,Expiration date is in the past,13,9,618,11,12,46.5,1,87.0,2024-09-02 13:58:00,test
TXN-A693F5028C3A,CUST-0196,122.89,USD,unknown,Error code: 05,11,0,1382,28,20,54.84,1,50.0,2024-03-28 13:44:00,test
TXN-72EB0AE4676E,CUST-0420,62.05,USD,auth_required,Strong customer authentication needed,23,1,1073,27,21,66.02,0,,2024-05-16 11:37:00,train
TXN-1EFEE73C6D1D,CUST-0094,23.19,CAD,fraud_flag,Card flagged for unusual activity,54,1,1689,15,17,47.39,0,,2024-08-16 10:26:00,train
TXN-292611FF93AE,CUST-0469,15.01,USD,insufficient_funds,Card declined — insufficient funds,35,9,1406,9,21,69.61,1,97.0,2024-05-15 16:20:00,train
TXN-9CBD995CBDD9,CUST-0480,106.73,EUR,expired_card,Card has expired,13,2,1946,3,7,134.21,0,,2024-02-29 13:07:00,train
TXN-9AE2D8E2A9B5,CUST-0207,142.02,CAD,expired_card,Card expiry passed,12,2,1568,12,8,74.9,0,,2024-02-27 03:01:00,train
TXN-33D1B1359507,CUST-0474,60.04,EUR,insufficient_funds,Not enough balance,54,8,423,1,7,41.08,1,116.0,2024-04-27 12:34:00,test
TXN-7651ABAE34EE,CUST-0444,6.57,USD,unknown,Payment declined — reason not specified,56,3,62,5,13,92.7,1,49.0,2024-02-26 11:23:00,train
TXN-50B08C129B25,CUST-0197,183.24,EUR,insufficient_funds,Decline: NSF,45,2,1462,16,18,30.81,1,88.0,2024-07-03 08:02:00,train
TXN-C339E37C991F,CUST-0209,27.99,CAD,temp_error,Processing system temporarily unavailable,11,6,1958,21,19,23.83,1,18.0,2024-05-07 09:09:00,train
TXN-E41CF0FC803A,CUST-0363,109.26,EUR,insufficient_funds,Payment failed: low account balance,46,9,747,23,11,113.8,1,102.0,2024-01-24 14:26:00,train
TXN-6791D2079DEC,CUST-0289,96.13,CAD,insufficient_funds,Insufficient funds in account,20,7,141,7,21,82.13,1,105.0,2024-09-28 02:27:00,train
TXN-08A73C58DC42,CUST-0344,43.48,USD,expired_card,Card expiry passed,6,3,1349,28,17,49.64,0,,2024-12-08 05:34:00,train
TXN-B10C65682369,CUST-0232,151.49,USD,insufficient_funds,Not enough balance,6,9,1385,24,20,84.83,1,98.0,2024-04-28 00:10:00,train
TXN-F23C20C12821,CUST-0253,27.41,USD,hard_decline,Card reported lost or stolen,25,9,1537,2,6,39.66,0,,2024-07-17 18:56:00,train
TXN-D05A10F3D772,CUST-0243,181.48,USD,insufficient_funds,Decline: NSF,48,7,1311,14,10,48.13,1,92.0,2024-03-10 23:04:00,train
TXN-5843B98C0272,CUST-0106,114.54,USD,temp_error,Gateway timeout,24,7,1657,14,8,103.04,1,9.0,2024-05-01 16:55:00,test
TXN-31FA21F6AC09,CUST-0105,54.87,USD,temp_error,Network error during authorization,3,7,31,26,12,35.11,1,16.0,2024-11-18 17:11:00,train
TXN-5CD994F6D71A,CUST-0398,68.6,USD,temp_error,Processing system temporarily unavailable,42,9,237,14,13,27.28,1,24.0,2024-05-18 13:53:00,train
TXN-27A265C69AAA,CUST-0153,22.43,USD,expired_card,Card expiry passed,32,2,835,6,20,51.35,0,,2024-05-27 13:34:00,train
TXN-D4A09409A479,CUST-0096,57.03,USD,expired_card,Card expiry passed,33,2,259,4,19,75.75,0,,2024-04-24 08:23:00,train
TXN-8C407B6C107C,CUST-0155,113.14,EUR,expired_card,Declined — expired card on file,26,3,234,13,7,39.05,0,,2024-09-13 00:32:00,train
TXN-5C9FB4EB690D,CUST-0360,29.18,USD,unknown,Error code: 05,10,6,1234,17,14,33.39,1,38.0,2024-10-31 23:49:00,train
TXN-7FC2264CB6F9,CUST-0356,184.04,USD,fraud_flag,Card flagged for unusual activity,21,6,1364,18,10,29.88,0,,2024-04-17 19:39:00,train
TXN-3DA0B099F8FB,CUST-0471,130.24,USD,fraud_flag,Suspected fraudulent activity — transaction blocked,0,8,672,15,16,31.75,0,,2024-02-23 08:18:00,train
TXN-440F4B471B0E,CUST-0275,22.53,USD,auth_required,Additional verification required by issuing bank,10,0,473,6,6,51.5,0,,2024-06-12 15:51:00,train
TXN-90BDDF2E335F,CUST-0381,80.28,USD,expired_card,Expiration date is in the past,42,7,1598,20,10,29.98,1,155.0,2024-06-19 09:55:00,train
TXN-5D5F76970EF0,CUST-0063,26.86,USD,temp_error,Network error during authorization,9,2,1935,28,14,39.8,1,14.0,2024-03-13 07:57:00,train
TXN-3B5DF09AF23D,CUST-0327,77.86,EUR,temp_error,"Temporary processing error, please retry",21,8,1839,7,16,53.12,1,13.0,2024-01-09 09:02:00,train
TXN-FB5CAEB5096F,CUST-0378,50.72,USD,expired_card,Expiration date is in the past,1,1,1586,8,12,78.92,1,150.0,2024-03-25 10:26:00,train
TXN-34BCE954238C,CUST-0405,92.34,USD,insufficient_funds,Decline: NSF,22,7,354,20,19,49.01,1,122.0,2024-10-07 01:17:00,train
TXN-1951C20BE948,CUST-0170,97.04,GBP,hard_decline,Do not honor,36,6,1795,15,6,78.57,0,,2024-02-28 01:33:00,train
TXN-E5AC7962E6CB,CUST-0181,44.21,USD,insufficient_funds,Insufficient funds in account,35,4,1763,20,11,65.94,0,,2024-04-11 14:14:00,train
TXN-C120BD493BB2,CUST-0257,44.44,USD,insufficient_funds,Decline: NSF,57,5,594,12,6,33.64,1,85.0,2024-07-24 05:09:00,train
TXN-80AC29E203CE,CUST-0052,101.78,USD,temp_error,Gateway timeout,21,1,735,2,19,81.85,1,18.0,2024-03-31 16:57:00,train
TXN-2024287FDAAF,CUST-0299,35.87,CAD,insufficient_funds,Payment failed: low account balance,44,6,44,7,19,145.42,1,87.0,2024-02-10 17:06:00,train
TXN-7D370E10E405,CUST-0091,221.97,USD,insufficient_funds,Card declined — insufficient funds,31,5,633,25,17,38.41,1,115.0,2024-12-01 17:44:00,train
TXN-17A8EEBC27C6,CUST-0178,21.3,EUR,auth_required,Additional verification required by issuing bank,8,3,1606,19,19,34.66,1,45.0,2024-09-26 21:52:00,train
TXN-E6705419A613,CUST-0121,71.82,USD,fraud_flag,Suspected fraudulent activity — transaction blocked,40,8,499,26,13,40.1,0,,2024-03-12 19:21:00,train
TXN-6B05E0EB5F69,CUST-0313,84.32,CAD,hard_decline,Invalid account number,12,5,1606,20,6,58.93,0,,2024-04-12 14:00:00,train
TXN-89FBD8235848,CUST-0078,45.77,USD,temp_error,"Temporary processing error, please retry",31,8,727,17,11,51.54,1,12.0,2024-03-27 10:35:00,train
TXN-F31B51084F60,CUST-0011,233.37,USD,insufficient_funds,Not enough balance,4,3,447,22,21,47.68,1,125.0,2024-08-28 15:25:00,train
TXN-AA76431DCB72,CUST-0268,26.71,EUR,insufficient_funds,Card declined — insufficient funds,38,4,602,28,9,43.14,1,91.0,2024-11-12 03:15:00,train
TXN-8E2F4FB5660A,CUST-0351,149.46,EUR,insufficient_funds,Payment failed: low account balance,34,3,1521,20,19,31.54,1,90.0,2024-03-05 02:56:00,test
TXN-5B79805F2DE3,CUST-0098,93.56,USD,temp_error,Temporary bank unavailability,37,9,690,8,12,111.69,1,13.0,2024-03-26 12:19:00,train
TXN-21BC2205D9F6,CUST-0462,174.41,USD,insufficient_funds,Payment failed: low account balance,23,0,1490,16,8,65.74,1,93.0,2024-01-06 12:59:00,train
TXN-F07EB5B77C61,CUST-0159,30.28,USD,expired_card,Card expiry passed,24,4,763,1,16,83.54,1,167.0,2024-08-08 22:51:00,train
TXN-28BB5578D392,CUST-0107,156.42,USD,insufficient_funds,Card declined — insufficient funds,33,8,81,12,11,66.55,0,,2024-04-09 22:59:00,train
TXN-4BC3EE47E0A8,CUST-0426,43.52,EUR,temp_error,"Temporary processing error, please retry",35,2,592,25,7,78.54,1,9.0,2024-01-25 14:59:00,train
TXN-22E269365A8E,CUST-0063,44.27,EUR,auth_required,3D Secure authentication required,40,6,1556,6,8,20.49,1,66.0,2024-08-13 18:18:00,train
TXN-6776BF2E2CC6,CUST-0367,72.0,USD,auth_required,3D Secure authentication required,49,7,185,15,15,50.88,0,,2024-04-29 16:02:00,train
TXN-1F25C955B3F5,CUST-0291,344.88,USD,insufficient_funds,Not enough balance,6,4,468,8,9,98.57,1,90.0,2024-07-19 16:20:00,train
TXN-B153D348E234,CUST-0210,36.5,USD,insufficient_funds,Not enough balance,36,7,84,14,8,45.82,1,84.0,2024-02-02 17:23:00,test
TXN-3977CC9BABD2,CUST-0184,51.59,USD,insufficient_funds,Insufficient funds in account,48,2,925,14,19,54.71,0,,2024-09-22 16:30:00,train
TXN-448390F20BC4,CUST-0437,66.3,USD,expired_card,Card expiry passed,13,0,227,15,15,241.11,1,145.0,2024-05-18 23:45:00,train
TXN-A8A45A4D93C9,CUST-0268,77.87,USD,expired_card,Card has expired,43,6,1571,19,8,184.41,0,,2024-11-08 13:43:00,test
TXN-80A6C31EC0CE,CUST-0200,142.35,EUR,fraud_flag,Suspected fraudulent activity — transaction blocked,27,4,1559,23,18,202.11,0,,2024-04-29 03:52:00,test
TXN-23731C0C8E2D,CUST-0119,52.23,USD,insufficient_funds,Not enough balance,54,5,338,1,7,44.19,1,103.0,2024-02-25 15:50:00,test
TXN-7FC7BD924972,CUST-0054,46.54,USD,unknown,Error code: 05,6,2,1903,28,14,55.64,1,48.0,2024-09-04 01:40:00,train
TXN-299B8D66ADAE,CUST-0224,29.69,USD,auth_required,Strong customer authentication needed,24,1,1733,16,21,55.65,1,35.0,2024-06-23 17:08:00,train
TXN-BB9685AB1FCF,CUST-0041,25.67,GBP,expired_card,Declined — expired card on file,51,1,473,10,14,83.35,0,,2024-09-28 09:35:00,train
TXN-7D14815BEE15,CUST-0292,56.7,USD,insufficient_funds,Payment failed: low account balance,16,7,1902,4,21,59.72,1,85.0,2024-03-18 04:32:00,train
TXN-69DF7EA6D751,CUST-0394,168.94,AUD,hard_decline,Invalid account number,20,5,1761,1,21,44.38,0,,2024-05-08 07:31:00,train
TXN-9BDFD1DC3360,CUST-0431,49.57,USD,auth_required,3D Secure authentication required,5,4,1553,22,16,6.57,0,,2024-12-28 21:35:00,test
TXN-1B0B0349C8F6,CUST-0437,128.12,USD,unknown,Generic decline,39,5,363,16,7,26.82,0,,2024-11-05 09:20:00,train
TXN-5681963651E4,CUST-0040,154.2,USD,auth_required,SCA challenge required,23,1,354,10,8,81.2,0,,2024-04-30 18:01:00,train
TXN-7372CB7202F2,CUST-0298,15.36,USD,temp_error,Temporary bank unavailability,11,1,1596,8,8,76.23,1,5.0,2024-05-22 13:36:00,train
TXN-10D09AA156E7,CUST-0006,24.82,USD,insufficient_funds,Decline: NSF,23,9,1582,24,12,79.94,1,124.0,2024-08-05 12:28:00,train
TXN-C5C145396512,CUST-0203,108.18,GBP,expired_card,Expiration date is in the past,17,0,1299,2,18,74.5,0,,2024-10-23 07:58:00,train
TXN-FA919A3362CB,CUST-0439,222.81,CAD,insufficient_funds,Card declined — insufficient funds,48,6,985,4,6,9.87,1,112.0,2024-09-15 01:15:00,train
TXN-9C55E3D394AF,CUST-0266,203.84,EUR,auth_required,3D Secure authentication required,14,1,439,12,14,38.97,1,66.0,2024-02-13 13:18:00,train
TXN-D2686E05969E,CUST-0087,46.6,USD,insufficient_funds,Not enough balance,20,9,1803,21,9,44.76,1,105.0,2024-01-30 19:52:00,train
TXN-6C65E441D2EE,CUST-0425,174.5,USD,temp_error,Gateway timeout,25,9,1568,8,17,40.99,1,12.0,2024-07-14 04:52:00,train
TXN-B5E1FB844832,CUST-0205,36.9,USD,auth_required,Strong customer authentication needed,37,4,20,8,17,126.74,1,41.0,2024-10-28 09:42:00,train
TXN-868424F04958,CUST-0417,143.29,GBP,insufficient_funds,Card declined — insufficient funds,57,9,942,7,19,26.8,1,54.0,2024-01-07 07:56:00,test
TXN-A2A6EA7410AA,CUST-0058,54.55,EUR,insufficient_funds,Card declined — insufficient funds,56,0,1531,26,17,39.1,1,98.0,2024-06-09 03:13:00,test
TXN-B7EC03B7F82E,CUST-0238,35.7,USD,unknown,Unknown decline code from processor,40,7,436,19,15,14.67,1,37.0,2024-01-01 09:14:00,test
TXN-3E41717D0F58,CUST-0353,45.43,USD,temp_error,Temporary bank unavailability,25,3,741,21,20,36.09,1,10.0,2024-06-22 20:51:00,train
TXN-FF2F9FCFF759,CUST-0423,83.01,USD,insufficient_funds,Insufficient funds in account,55,7,389,21,10,41.86,1,129.0,2024-08-16 20:34:00,train
TXN-D0F6D7E7182A,CUST-0413,109.33,AUD,temp_error,Processing system temporarily unavailable,4,0,1498,4,12,52.52,1,4.0,2024-11-29 04:49:00,train
TXN-060A635D7166,CUST-0020,247.7,USD,hard_decline,Card reported lost or stolen,58,7,223,18,17,135.9,0,,2024-11-14 00:29:00,test
TXN-8B7C14474F5E,CUST-0247,201.24,USD,insufficient_funds,Insufficient funds in account,32,8,1741,20,16,86.51,0,,2024-01-12 20:41:00,train
TXN-24FB46400396,CUST-0031,252.47,EUR,unknown,Unknown decline code from processor,23,6,187,20,19,39.91,0,,2024-10-24 06:59:00,train
TXN-B16BC257B0EC,CUST-0216,46.56,EUR,auth_required,Strong customer authentication needed,49,9,66,1,16,85.52,1,28.0,2024-01-29 12:55:00,train
TXN-5B4E0F66A7BF,CUST-0443,78.52,USD,expired_card,Card has expired,52,3,582,9,6,20.0,0,,2024-03-19 03:42:00,train
TXN-3F14B55B4C50,CUST-0182,74.19,USD,expired_card,Card has expired,27,9,137,19,12,16.53,0,,2024-05-21 13:01:00,test
TXN-6AD08945B500,CUST-0459,58.99,AUD,fraud_flag,Security flag triggered by issuer,11,0,1856,13,19,114.47,0,,2024-07-20 22:29:00,train
TXN-C2177100BBBF,CUST-0239,21.47,USD,auth_required,Strong customer authentication needed,19,5,395,20,16,26.87,1,39.0,2024-08-24 05:04:00,train
TXN-0E6DF4B6B30D,CUST-0064,65.39,GBP,auth_required,Additional verification required by issuing bank,41,7,869,1,20,130.03,1,67.0,2024-05-02 13:21:00,train
TXN-CE8DA583419B,CUST-0103,82.22,GBP,insufficient_funds,Insufficient funds in account,1,5,192,21,12,40.45,1,90.0,2024-01-13 12:23:00,train
TXN-2EE868506B99,CUST-0041,280.24,USD,temp_error,Gateway timeout,33,2,405,28,12,49.06,1,14.0,2024-04-24 04:28:00,train
TXN-BE793BA9409C,CUST-0365,135.92,GBP,auth_required,Strong customer authentication needed,54,3,408,20,21,193.64,1,47.0,2024-09-26 11:47:00,test
TXN-1D7D8AD123DF,CUST-0202,148.33,EUR,insufficient_funds,Decline: NSF,51,6,1633,18,9,21.58,1,94.0,2024-12-16 23:20:00,train
TXN-94E664651BBC,CUST-0479,102.54,EUR,insufficient_funds,Card declined — insufficient funds,2,0,1223,2,17,78.87,1,85.0,2024-02-14 14:02:00,train
TXN-688A95389A26,CUST-0054,45.32,USD,temp_error,Network error during authorization,26,0,1213,27,17,30.08,1,12.0,2024-03-24 13:02:00,train
TXN-E6ACF2CBB313,CUST-0119,196.28,USD,expired_card,Card has expired,22,3,739,20,14,107.07,0,,2024-09-23 11:02:00,train
TXN-337446FF37F3,CUST-0457,47.76,USD,insufficient_funds,Card declined — insufficient funds,52,8,465,1,16,24.28,1,103.0,2024-05-22 11:12:00,train
TXN-E1B96120AECC,CUST-0215,152.99,USD,insufficient_funds,Insufficient funds in account,40,4,754,1,10,51.95,1,86.0,2024-02-28 23:59:00,train
TXN-82912714EF99,CUST-0247,88.91,USD,auth_required,Strong customer authentication needed,36,4,79,21,21,52.34,1,60.0,2024-02-16 23:28:00,test
TXN-D54B3A52E773,CUST-0192,13.34,USD,temp_error,Temporary bank unavailability,31,6,1876,8,17,61.82,1,7.0,2024-06-26 09:33:00,train
TXN-7E0DDE5E7EEF,CUST-0146,27.73,USD,expired_card,Expiration date is in the past,18,3,330,1,6,128.44,1,112.0,2024-12-19 15:55:00,train
TXN-CBF70652BE2F,CUST-0118,72.31,USD,hard_decline,Account closed,6,1,866,1,18,111.29,0,,2024-09-28 23:59:00,test
TXN-CE96EC4E60D6,CUST-0007,8.79,USD,insufficient_funds,Payment failed: low account balance,20,0,156,20,12,80.9,1,109.0,2024-01-18 21:59:00,test
TXN-A6B6876035BA,CUST-0390,42.14,USD,expired_card,Card expiry passed,46,9,138,22,7,71.04,0,,2024-05-05 08:13:00,train
TXN-49D9060DBEAB,CUST-0341,115.68,USD,unknown,Payment declined — reason not specified,45,2,595,27,11,128.61,0,,2024-06-23 11:56:00,train
TXN-3566B532A228,CUST-0182,30.17,EUR,fraud_flag,Suspected fraudulent activity — transaction blocked,53,7,488,9,19,27.33,0,,2024-05-10 12:12:00,train
TXN-BBC7CBAAA68F,CUST-0450,1041.84,USD,expired_card,Declined — expired card on file,43,7,863,7,19,44.92,0,,2024-03-03 17:12:00,train
TXN-A8D6D6B869F7,CUST-0234,37.03,EUR,hard_decline,Do not honor,55,9,1745,3,15,117.51,0,,2024-01-07 01:40:00,train
TXN-0382E309A8AD,CUST-0428,137.52,CAD,insufficient_funds,Not enough balance,13,9,631,13,13,89.47,0,,2024-03-11 11:11:00,train
TXN-E13539D0948E,CUST-0051,28.24,USD,temp_error,Processing system temporarily unavailable,6,8,813,23,17,35.07,1,10.0,2024-03-20 03:31:00,test
TXN-992D030F3CD3,CUST-0363,42.03,EUR,temp_error,Processing system temporarily unavailable,22,1,1738,7,19,60.96,1,14.0,2024-07-27 18:27:00,train
TXN-FD6AEF7230A9,CUST-0464,157.69,USD,expired_card,Card expiry passed,6,2,1287,26,15,71.86,1,158.0,2024-03-20 22:25:00,test
TXN-C9AD23D4BC34,CUST-0474,22.34,USD,insufficient_funds,Payment failed: low account balance,8,3,872,19,21,72.71,1,108.0,2024-06-20 11:31:00,train
TXN-024AEB80715A,CUST-0025,92.85,USD,temp_error,"Temporary processing error, please retry",1,6,1250,11,16,16.73,1,14.0,2024-06-02 10:48:00,train
TXN-6CA74FF5EAE4,CUST-0322,64.96,GBP,insufficient_funds,Card declined — insufficient funds,12,7,708,18,6,41.48,1,119.0,2024-07-29 07:50:00,train
TXN-6FD654D9DC59,CUST-0011,29.74,EUR,auth_required,Strong customer authentication needed,14,6,1017,5,10,18.63,1,53.0,2024-01-24 15:34:00,train
TXN-30921EDE615E,CUST-0369,71.15,USD,expired_card,Expiration date is in the past,45,0,67,8,12,70.36,0,,2024-09-13 22:45:00,train
TXN-47C15BF77A97,CUST-0103,40.47,AUD,insufficient_funds,Decline: NSF,34,8,1083,7,14,45.79,1,124.0,2024-12-30 03:20:00,train
TXN-2F7F26DA26ED,CUST-0232,139.55,USD,expired_card,Card expiry passed,44,5,986,25,20,40.26,0,,2024-03-30 05:58:00,train
TXN-0599EA0930D4,CUST-0006,149.3,EUR,fraud_flag,Security flag triggered by issuer,12,6,1108,10,15,140.07,0,,2024-01-05 18:57:00,train
TXN-22EF6D6C3D16,CUST-0333,53.79,USD,temp_error,Temporary bank unavailability,46,7,1326,9,15,25.01,1,17.0,2024-09-17 03:23:00,train
TXN-4E09E77E8F43,CUST-0331,376.95,AUD,expired_card,Expiration date is in the past,51,7,995,16,18,30.68,0,,2024-05-26 15:31:00,train
TXN-D0F46BF1339E,CUST-0032,31.37,USD,insufficient_funds,Insufficient funds in account,36,9,574,22,14,36.72,1,84.0,2024-02-20 05:41:00,train
TXN-D43EDF2CE890,CUST-0248,186.96,EUR,insufficient_funds,Payment failed: low account balance,11,5,1174,26,10,53.51,1,92.0,2024-04-09 12:33:00,train
TXN-86FD7BC92ED6,CUST-0089,34.68,EUR,auth_required,SCA challenge required,16,1,799,16,16,178.5,0,,2024-07-11 09:20:00,train
TXN-3DE61037A0C9,CUST-0164,118.29,USD,fraud_flag,Security flag triggered by issuer,8,5,139,6,6,17.68,0,,2024-03-06 09:58:00,train
TXN-603EB1B9903A,CUST-0192,55.37,USD,insufficient_funds,Decline: NSF,58,2,771,7,21,38.89,1,111.0,2024-03-14 22:33:00,test
TXN-D324BC061C58,CUST-0335,127.25,USD,insufficient_funds,Insufficient funds in account,17,9,45,21,14,55.98,0,,2024-08-20 07:59:00,test
TXN-BAA34CD805EE,CUST-0359,63.62,EUR,expired_card,Card expiry passed,58,2,1998,28,16,48.55,0,,2024-02-18 22:45:00,train
TXN-988AB7EC89CA,CUST-0452,30.82,USD,hard_decline,Card permanently blocked,8,1,1770,22,7,24.29,0,,2024-10-07 23:24:00,train
TXN-88D877956335,CUST-0106,64.39,USD,temp_error,Temporary bank unavailability,55,5,1275,25,16,36.17,1,18.0,2024-09-09 04:27:00,train
TXN-02896B335F62,CUST-0080,66.51,GBP,expired_card,Declined — expired card on file,10,5,936,27,19,31.01,1,154.0,2024-11-18 07:18:00,train
TXN-316C539D8227,CUST-0458,58.97,USD,temp_error,Processing system temporarily unavailable,55,5,70,3,14,33.73,1,7.0,2024-07-13 19:06:00,train
TXN-272949FEA5BB,CUST-0000,42.22,CAD,unknown,Error code: 05,21,4,1668,25,10,23.35,0,,2024-03-27 05:05:00,train
TXN-FA4B4BD45CA2,CUST-0436,88.7,USD,expired_card,Card expiry passed,16,2,84,19,20,59.91,0,,2024-09-11 12:08:00,train
TXN-B73504494F34,CUST-0120,33.01,USD,temp_error,"Temporary processing error, please retry",1,7,144,11,10,48.07,1,6.0,2024-08-21 11:40:00,train
TXN-FACCD095C176,CUST-0070,53.38,USD,insufficient_funds,Not enough balance,26,2,1253,19,18,43.4,1,89.0,2024-01-04 15:39:00,test
TXN-5E50540D7991,CUST-0198,90.91,USD,auth_required,Strong customer authentication needed,8,1,1209,20,13,36.69,1,71.0,2024-02-13 05:42:00,test
TXN-1EB845F283AF,CUST-0112,185.52,USD,fraud_flag,Fraud prevention hold,11,5,1620,25,18,60.86,0,,2024-10-01 17:27:00,train
TXN-D0E268473354,CUST-0048,325.39,USD,hard_decline,Do not honor,13,1,1277,23,11,75.48,0,,2024-07-19 12:10:00,train
TXN-A1C82BAC6137,CUST-0264,82.36,USD,insufficient_funds,Card declined — insufficient funds,34,9,1382,13,14,45.38,0,,2024-08-01 23:12:00,train
TXN-58E2BEA94E93,CUST-0183,520.54,USD,temp_error,Processing system temporarily unavailable,9,4,1268,4,6,144.57,1,18.0,2024-02-21 14:55:00,train
TXN-633BB86D8E48,CUST-0370,15.71,EUR,hard_decline,Account closed,42,9,302,7,6,29.29,0,,2024-05-11 10:39:00,test
TXN-DE8120F34E5C,CUST-0490,341.03,USD,unknown,Error code: 05,38,3,666,1,21,103.19,1,64.0,2024-07-27 15:36:00,train
TXN-4DFED62FCC05,CUST-0362,121.41,GBP,insufficient_funds,Decline: NSF,46,4,1790,15,12,54.31,1,105.0,2024-03-27 04:03:00,train
TXN-D3BD86CB52B9,CUST-0444,30.47,USD,insufficient_funds,Decline: NSF,2,7,920,27,14,99.06,1,103.0,2024-05-24 08:45:00,train
TXN-D3A7262306F6,CUST-0417,189.71,AUD,insufficient_funds,Decline: NSF,22,9,1483,23,19,38.91,1,92.0,2024-03-23 23:30:00,test
TXN-15637396C2E9,CUST-0036,181.32,EUR,insufficient_funds,Not enough balance,24,1,924,12,14,44.29,1,112.0,2024-07-28 22:57:00,test
TXN-59D49B24BED1,CUST-0070,21.18,USD,insufficient_funds,Not enough balance,0,1,1714,2,13,34.77,1,50.0,2024-06-02 17:40:00,test
TXN-EC34D5505729,CUST-0174,38.95,USD,expired_card,Expiration date is in the past,13,3,633,2,15,87.07,1,103.0,2024-02-12 00:16:00,train
TXN-C9FCB1450C62,CUST-0063,101.91,EUR,auth_required,Additional verification required by issuing bank,34,8,1848,15,12,27.08,1,24.0,2024-06-07 19:40:00,train
TXN-5F1CD0973D08,CUST-0119,116.13,USD,insufficient_funds,Card declined — insufficient funds,43,8,127,28,6,16.24,1,87.0,2024-06-24 07:36:00,train
TXN-E3753E31C8BC,CUST-0120,53.09,USD,insufficient_funds,Card declined — insufficient funds,11,3,1217,23,21,65.82,1,112.0,2024-01-02 01:38:00,train
TXN-E99418F0658F,CUST-0218,110.78,USD,temp_error,"Temporary processing error, please retry",23,1,921,17,21,43.74,1,24.0,2024-08-22 00:47:00,train
TXN-3C258C8D6E1E,CUST-0447,44.55,GBP,fraud_flag,Card flagged for unusual activity,23,3,272,23,6,21.64,0,,2024-08-18 10:58:00,test
TXN-33142F7092B6,CUST-0374,241.7,GBP,temp_error,Processing system temporarily unavailable,29,0,159,1,17,69.58,1,13.0,2024-12-07 10:03:00,train
TXN-84C80A2F7F5E,CUST-0480,146.67,USD,temp_error,Temporary bank unavailability,44,0,1134,21,11,78.21,1,6.0,2024-07-17 04:06:00,test
TXN-0507B9752DCE,CUST-0328,38.64,USD,temp_error,Gateway timeout,22,6,1630,21,9,58.79,1,6.0,2024-01-19 15:26:00,train
TXN-9DD5738A7AAB,CUST-0194,12.52,USD,hard_decline,Do not honor,2,8,584,2,14,16.77,0,,2024-03-10 19:01:00,train
TXN-9590EB0FC2C8,CUST-0079,114.23,USD,insufficient_funds,Card declined — insufficient funds,36,1,1083,20,6,29.18,1,93.0,2024-09-23 04:52:00,train
TXN-B2492E0CF012,CUST-0028,157.19,USD,expired_card,Expiration date is in the past,40,6,1537,19,6,36.69,1,74.0,2024-05-04 04:11:00,test
TXN-AAF9C96135B1,CUST-0298,238.81,CAD,fraud_flag,Security flag triggered by issuer,32,6,1403,13,8,80.97,0,,2024-05-20 20:54:00,train
TXN-A5FC42D33246,CUST-0209,72.72,EUR,expired_card,Expiration date is in the past,13,6,391,20,21,140.05,1,112.0,2024-09-16 09:00:00,test
TXN-1DEAE4A166E1,CUST-0235,185.87,USD,fraud_flag,Card flagged for unusual activity,54,1,1930,28,16,23.78,0,,2024-07-26 13:59:00,train
TXN-C4281589598A,CUST-0417,97.26,USD,expired_card,Expiration date is in the past,24,6,761,18,11,61.19,0,,2024-06-21 02:31:00,test
TXN-70F7E9FDCDB2,CUST-0047,66.84,USD,temp_error,Gateway timeout,35,5,1040,9,6,40.08,1,11.0,2024-09-15 01:56:00,test
TXN-9F659C5EB67F,CUST-0155,42.62,USD,insufficient_funds,Payment failed: low account balance,49,3,1850,19,10,22.16,1,116.0,2024-04-01 08:21:00,train
TXN-FA8938E51CEF,CUST-0430,243.57,USD,insufficient_funds,Card declined — insufficient funds,57,6,711,13,11,83.54,1,119.0,2024-08-06 20:14:00,train
TXN-7D32B207FE4C,CUST-0384,179.8,USD,hard_decline,Card permanently blocked,0,6,19,26,11,39.32,0,,2024-07-17 12:39:00,train
TXN-B16BA61E45FB,CUST-0480,112.46,USD,temp_error,Temporary bank unavailability,12,5,696,20,20,310.84,1,24.0,2024-07-02 00:42:00,train
TXN-131C652D3638,CUST-0393,199.48,EUR,expired_card,Card expiry passed,56,8,1718,7,10,108.5,0,,2024-06-16 07:23:00,test
TXN-90B5DE39485E,CUST-0282,172.35,USD,insufficient_funds,Payment failed: low account balance,33,5,1783,21,6,231.88,1,115.0,2024-02-26 23:43:00,train
TXN-83F07F274912,CUST-0106,263.77,EUR,temp_error,Temporary bank unavailability,29,0,811,6,9,75.6,1,18.0,2024-11-16 03:17:00,train
TXN-DC8B9316B5A2,CUST-0383,17.35,EUR,auth_required,Additional verification required by issuing bank,18,5,1806,12,10,80.55,1,35.0,2024-09-30 19:39:00,train
TXN-05121ECBD984,CUST-0099,195.44,GBP,insufficient_funds,Not enough balance,29,3,1657,20,15,19.01,1,89.0,2024-06-22 05:08:00,train
TXN-B5F7124CD1EB,CUST-0167,71.49,AUD,expired_card,Card expiry passed,37,0,904,16,6,22.34,0,,2024-08-27 14:47:00,train
TXN-CF1D6BAC21D6,CUST-0089,164.21,USD,auth_required,Additional verification required by issuing bank,39,6,194,27,7,93.79,1,29.0,2024-05-07 20:03:00,test
TXN-75E0805A507D,CUST-0209,224.81,USD,insufficient_funds,Card declined — insufficient funds,36,7,1976,27,15,33.72,1,103.0,2024-10-30 15:20:00,train
TXN-C27BAB743B53,CUST-0145,57.05,USD,expired_card,Declined — expired card on file,57,4,743,1,10,45.78,0,,2024-02-29 08:21:00,train
TXN-B78388762FA5,CUST-0240,45.63,USD,auth_required,Additional verification required by issuing bank,23,1,410,11,12,27.43,0,,2024-04-12 04:32:00,train
TXN-3A8BA6D4CB32,CUST-0159,82.92,CAD,temp_error,"Temporary processing error, please retry",54,1,94,28,16,62.79,1,18.0,2024-06-25 06:31:00,train
TXN-63D5EBEED4A0,CUST-0469,15.49,USD,expired_card,Expiration date is in the past,7,1,7,26,8,55.26,0,,2024-02-29 05:39:00,train
TXN-6B6A87B81958,CUST-0155,90.88,AUD,auth_required,SCA challenge required,56,3,1074,26,21,43.38,1,34.0,2024-08-15 07:32:00,train
TXN-9EB20A907110,CUST-0249,20.06,USD,temp_error,Gateway timeout,42,6,1319,10,12,71.12,1,1.0,2024-01-13 16:29:00,train
TXN-981131117696,CUST-0159,23.17,USD,expired_card,Declined — expired card on file,0,8,1320,11,18,24.35,0,,2024-09-25 19:53:00,test
TXN-48457A424E6C,CUST-0475,131.09,CAD,insufficient_funds,Decline: NSF,23,2,192,27,8,36.92,0,,2024-03-21 15:31:00,train
TXN-1B2E54055394,CUST-0216,54.5,EUR,fraud_flag,Security flag triggered by issuer,33,5,505,5,6,120.29,0,,2024-09-19 09:30:00,test
TXN-A725FB6A0A66,CUST-0490,88.14,EUR,insufficient_funds,Card declined — insufficient funds,48,5,1031,20,20,44.36,1,121.0,2024-10-29 04:29:00,train
TXN-46D50BEC13F4,CUST-0051,14.71,EUR,insufficient_funds,Not enough balance,45,0,1270,25,21,58.58,1,118.0,2024-05-23 05:27:00,train
TXN-4E4F4EB7FAAE,CUST-0210,80.24,USD,fraud_flag,Fraud prevention hold,19,1,1539,27,13,29.21,0,,2024-11-10 08:22:00,test
TXN-345AEB19CC89,CUST-0218,345.93,USD,expired_card,Expiration date is in the past,26,6,7,27,8,21.37,1,122.0,2024-07-17 10:18:00,train
TXN-B628C0D6E765,CUST-0112,83.64,USD,insufficient_funds,Insufficient funds in account,17,0,259,4,21,177.13,1,126.0,2024-04-13 09:54:00,train
TXN-2E255CA4D2AF,CUST-0245,81.47,USD,fraud_flag,Security flag triggered by issuer,44,4,631,20,17,22.9,0,,2024-05-12 21:00:00,test
TXN-0D3F90DA89BB,CUST-0191,54.83,USD,expired_card,Card expiry passed,55,7,419,1,7,70.79,0,,2024-01-21 17:40:00,train
TXN-2E2824F89BBF,CUST-0392,290.22,USD,insufficient_funds,Decline: NSF,20,2,187,14,7,92.07,1,84.0,2024-10-15 21:44:00,train
TXN-A74211587B0B,CUST-0280,19.49,CAD,expired_card,Declined — expired card on file,50,9,1081,13,19,62.87,1,120.0,2024-02-24 03:24:00,train
TXN-BE5DC84D73E0,CUST-0415,105.13,EUR,insufficient_funds,Decline: NSF,5,5,818,21,13,51.53,1,125.0,2024-04-07 14:52:00,test
TXN-AB94C274FFE6,CUST-0106,153.61,USD,insufficient_funds,Card declined — insufficient funds,59,3,95,10,9,154.49,1,89.0,2024-02-11 22:40:00,train
TXN-682A9D620C12,CUST-0090,53.5,USD,insufficient_funds,Not enough balance,40,9,861,18,6,74.71,1,108.0,2024-10-22 21:46:00,train
TXN-76D62973AFCC,CUST-0244,58.29,USD,auth_required,3D Secure authentication required,59,2,1139,2,11,50.51,1,24.0,2024-06-28 10:51:00,train
TXN-B4C62CDA2ABB,CUST-0089,30.7,USD,temp_error,Temporary bank unavailability,3,0,536,20,12,65.48,1,18.0,2024-10-20 14:39:00,train
TXN-7F599DEB4B35,CUST-0369,116.41,USD,auth_required,SCA challenge required,6,3,1477,13,14,57.46,0,,2024-06-03 08:42:00,train
TXN-257A9C08639A,CUST-0137,136.91,USD,insufficient_funds,Payment failed: low account balance,42,4,1642,28,10,56.79,1,100.0,2024-03-31 05:45:00,train
TXN-31AAC2B57E3F,CUST-0281,57.13,USD,insufficient_funds,Payment failed: low account balance,55,0,1254,23,7,61.18,1,92.0,2024-12-24 21:18:00,train
TXN-C4F43117E87E,CUST-0153,66.22,CAD,fraud_flag,Suspected fraudulent activity — transaction blocked,34,8,825,4,21,45.82,0,,2024-01-09 05:50:00,train
TXN-A7EBDB37CD5D,CUST-0150,107.73,EUR,expired_card,Card has expired,35,2,949,21,17,20.66,1,106.0,2024-11-03 14:17:00,train
TXN-BE0C7BC311C9,CUST-0152,228.54,USD,auth_required,3D Secure authentication required,59,6,1663,19,9,102.71,1,40.0,2024-11-04 16:57:00,test
TXN-509FC160C17E,CUST-0092,25.93,USD,fraud_flag,Suspected fraudulent activity — transaction blocked,11,3,1784,2,18,33.18,0,,2024-11-11 08:49:00,train
TXN-90FEBC9955FB,CUST-0030,100.49,USD,temp_error,Network error during authorization,52,9,1480,23,9,23.83,1,14.0,2024-05-26 14:55:00,train
TXN-9371F9178801,CUST-0219,439.73,EUR,temp_error,Temporary bank unavailability,7,0,366,1,12,27.84,1,2.0,2024-06-27 12:59:00,train
TXN-160EAE24528C,CUST-0424,19.27,USD,expired_card,Card has expired,54,8,1021,22,14,38.91,1,93.0,2024-10-22 13:20:00,train
TXN-FA1814273177,CUST-0357,24.0,GBP,insufficient_funds,Card declined — insufficient funds,23,0,1520,24,17,57.24,0,,2024-07-21 11:11:00,test
TXN-6E04CBF23EB9,CUST-0265,32.37,EUR,hard_decline,Account closed,46,4,899,28,18,17.41,0,,2024-01-07 01:23:00,test
TXN-A0113DAD2414,CUST-0485,108.16,USD,temp_error,Processing system temporarily unavailable,49,4,618,8,11,32.4,1,14.0,2024-06-28 20:44:00,test
TXN-7303FC8E7A93,CUST-0340,29.73,EUR,expired_card,Expiration date is in the past,26,8,1321,15,14,33.75,1,79.0,2024-10-11 16:31:00,train
TXN-BA9C76DF5AD0,CUST-0447,178.83,AUD,expired_card,Card expiry passed,14,8,1282,1,14,27.48,0,,2024-02-10 07:43:00,train
TXN-36DA80E0FFD6,CUST-0369,73.38,USD,insufficient_funds,Not enough balance,40,4,919,18,18,41.88,1,89.0,2024-01-08 10:45:00,train
TXN-7641465D468B,CUST-0317,95.6,EUR,temp_error,Temporary bank unavailability,51,9,292,17,15,86.52,1,11.0,2024-09-03 15:35:00,train
TXN-7579B5B787E1,CUST-0210,136.41,CAD,hard_decline,Do not honor,9,6,1879,15,21,89.71,0,,2024-08-01 03:12:00,test
TXN-25011DFD25A1,CUST-0047,45.73,USD,temp_error,Temporary bank unavailability,30,7,1510,1,8,52.68,1,24.0,2024-02-17 07:18:00,train
TXN-4B35C781F76F,CUST-0235,45.83,USD,insufficient_funds,Decline: NSF,39,1,42,2,12,51.35,1,107.0,2024-12-21 14:26:00,train
TXN-D436434F7C53,CUST-0303,25.52,USD,expired_card,Card expiry passed,37,6,1647,8,8,42.62,1,94.0,2024-06-29 12:59:00,test
TXN-DAFB0E3702F4,CUST-0456,41.66,USD,hard_decline,Invalid account number,0,9,846,9,15,101.71,0,,2024-09-10 00:41:00,train
TXN-0ED59BC11641,CUST-0423,54.76,USD,insufficient_funds,Card declined — insufficient funds,41,8,100,10,18,26.13,1,109.0,2024-02-08 08:33:00,train
TXN-F5DF1A507F81,CUST-0204,67.78,AUD,expired_card,Card has expired,39,1,1415,1,14,54.84,1,163.0,2024-09-14 12:51:00,train
TXN-66A0E395AA18,CUST-0099,24.34,USD,expired_card,Declined — expired card on file,0,7,515,19,19,57.26,0,,2024-11-23 01:29:00,train
TXN-F9A8E8F13D83,CUST-0241,175.15,USD,insufficient_funds,Decline: NSF,23,7,1793,24,16,48.36,1,90.0,2024-11-16 15:08:00,train
TXN-29B2788BC162,CUST-0141,62.58,USD,temp_error,Processing system temporarily unavailable,57,6,575,13,18,165.55,1,20.0,2024-11-24 07:20:00,train
TXN-C1D2A078BE49,CUST-0330,126.69,USD,auth_required,3D Secure authentication required,47,6,736,24,18,52.8,1,28.0,2024-05-06 14:54:00,train
TXN-44F52CA09ABF,CUST-0267,40.99,USD,temp_error,Temporary bank unavailability,24,4,195,26,13,107.62,1,11.0,2024-03-03 08:39:00,train
TXN-3197B99644CC,CUST-0476,55.11,USD,hard_decline,Account closed,18,8,1500,10,12,38.35,0,,2024-11-24 15:06:00,train
TXN-A77830381EB9,CUST-0054,99.03,USD,temp_error,"Temporary processing error, please retry",23,7,1393,7,8,89.32,1,19.0,2024-03-02 16:13:00,train
TXN-C4BF4D1AE3D8,CUST-0201,26.9,USD,hard_decline,Invalid account number,46,6,1855,7,19,24.2,0,,2024-11-03 01:23:00,train
TXN-4CE661B8C7B7,CUST-0075,43.71,USD,temp_error,Network error during authorization,55,0,436,1,8,36.88,1,23.0,2024-10-07 04:23:00,train
TXN-AA8BA25A0051,CUST-0402,70.85,GBP,fraud_flag,Security flag triggered by issuer,42,1,677,19,16,44.3,0,,2024-11-02 04:43:00,train
TXN-062B1C31C363,CUST-0415,189.41,USD,expired_card,Expiration date is in the past,37,4,1869,11,12,89.9,0,,2024-07-21 16:24:00,train
TXN-16C4936562BD,CUST-0386,37.85,USD,insufficient_funds,Payment failed: low account balance,24,5,180,22,13,90.77,0,,2024-04-02 16:08:00,train
TXN-3D127008A733,CUST-0304,30.56,GBP,insufficient_funds,Decline: NSF,28,6,1150,28,12,33.95,1,94.0,2024-01-25 10:51:00,train
TXN-717A6EF9659C,CUST-0037,10.83,EUR,fraud_flag,Suspected fraudulent activity — transaction blocked,52,3,665,23,19,144.56,0,,2024-06-06 11:22:00,train
TXN-C2B06DE331C7,CUST-0477,74.93,USD,hard_decline,Invalid account number,11,1,1632,25,7,141.97,0,,2024-02-21 01:22:00,train
TXN-C4900C8503EF,CUST-0112,22.28,EUR,temp_error,Gateway timeout,29,6,1820,13,15,30.39,1,17.0,2024-11-27 23:29:00,train
TXN-1F566F3EA837,CUST-0118,304.39,USD,insufficient_funds,Card declined — insufficient funds,57,2,1711,23,21,57.22,0,,2024-01-16 15:26:00,train
TXN-7325E7BA60F6,CUST-0036,38.07,EUR,fraud_flag,Fraud prevention hold,34,8,1098,25,18,68.52,0,,2024-07-21 15:11:00,train
TXN-ACAB9E585B65,CUST-0160,53.73,USD,expired_card,Declined — expired card on file,30,7,1633,10,13,119.8,1,104.0,2024-07-10 03:36:00,train
TXN-9CBD0F17920B,CUST-0432,119.53,USD,auth_required,Additional verification required by issuing bank,7,3,1219,20,14,44.89,1,50.0,2024-12-28 10:13:00,train
TXN-F8FDCC954476,CUST-0147,151.79,USD,insufficient_funds,Insufficient funds in account,40,7,365,25,10,58.47,1,111.0,2024-06-12 22:11:00,train
TXN-FDCAFFCC9E88,CUST-0000,38.99,USD,insufficient_funds,Payment failed: low account balance,49,5,921,23,20,30.7,1,117.0,2024-11-05 13:31:00,test
TXN-42187C7AD3D7,CUST-0436,35.4,USD,expired_card,Expiration date is in the past,4,7,1971,18,7,83.93,0,,2024-01-02 14:23:00,train
TXN-C4A97680AAB9,CUST-0439,54.99,EUR,auth_required,SCA challenge required,43,1,819,1,14,101.64,1,55.0,2024-10-04 13:35:00,test
TXN-B46F9D316938,CUST-0097,535.23,USD,expired_card,Card expiry passed,36,6,687,9,7,46.75,0,,2024-07-04 00:01:00,train
TXN-FD3C38AED688,CUST-0001,46.05,USD,insufficient_funds,Insufficient funds in account,59,6,885,28,6,97.56,0,,2024-09-19 07:46:00,train
TXN-ADF7D3675AF9,CUST-0240,30.73,AUD,insufficient_funds,Not enough balance,15,4,1074,13,12,42.67,1,102.0,2024-05-11 00:43:00,train
TXN-84451B4A5FD8,CUST-0470,44.74,EUR,auth_required,Additional verification required by issuing bank,59,5,62,4,13,18.17,1,31.0,2024-10-10 10:23:00,train
TXN-473BE9BCE889,CUST-0120,119.06,EUR,temp_error,Gateway timeout,27,5,1033,24,17,39.34,1,24.0,2024-06-26 07:54:00,train
TXN-CB200F099E10,CUST-0343,70.52,USD,insufficient_funds,Decline: NSF,34,2,1647,15,12,59.82,1,85.0,2024-02-26 19:13:00,train
TXN-A9814950FE40,CUST-0092,43.03,USD,temp_error,Network error during authorization,53,1,1550,14,12,42.76,1,15.0,2024-09-28 20:27:00,train
TXN-8EBAB0DC6059,CUST-0129,209.25,EUR,insufficient_funds,Decline: NSF,4,1,1978,2,6,36.22,1,123.0,2024-01-03 22:16:00,train
TXN-85D2EFB34BA4,CUST-0463,29.96,USD,insufficient_funds,Decline: NSF,18,2,392,27,12,30.84,1,91.0,2024-11-12 19:14:00,train
TXN-BADE24E4ACAA,CUST-0030,51.37,USD,temp_error,Network error during authorization,33,2,1171,18,20,61.06,1,8.0,2024-06-07 14:43:00,train
TXN-198D739A90EE,CUST-0330,10.33,EUR,insufficient_funds,Insufficient funds in account,15,7,247,10,21,81.66,1,119.0,2024-12-15 04:10:00,train
TXN-A10970E6611E,CUST-0141,46.34,EUR,temp_error,Temporary bank unavailability,55,4,1383,2,18,58.43,1,17.0,2024-02-20 07:11:00,train
TXN-712EF8E382E1,CUST-0042,114.64,USD,expired_card,Card has expired,43,2,1890,22,12,18.9,1,130.0,2024-08-19 18:48:00,train
TXN-444DB0226FD8,CUST-0452,84.76,USD,auth_required,Strong customer authentication needed,14,4,116,7,12,105.12,1,67.0,2024-03-31 17:31:00,train
TXN-2717448D0D1E,CUST-0121,145.26,USD,temp_error,Temporary bank unavailability,23,4,1070,22,19,19.28,1,6.0,2024-04-19 09:32:00,train
TXN-C6EF1879C639,CUST-0016,31.86,USD,insufficient_funds,Card declined — insufficient funds,53,1,1392,18,19,50.61,1,111.0,2024-08-14 23:14:00,train
TXN-3F232E215CE3,CUST-0383,59.03,USD,expired_card,Expiration date is in the past,51,8,481,22,17,72.66,0,,2024-11-10 21:13:00,train
TXN-DC09A4CF676B,CUST-0379,36.83,USD,expired_card,Card expiry passed,14,7,51,25,7,63.36,0,,2024-06-18 18:57:00,train
TXN-8A08CFDBB07A,CUST-0154,201.53,USD,insufficient_funds,Payment failed: low account balance,18,6,1079,12,11,13.56,1,113.0,2024-06-23 05:03:00,test
TXN-C5A66E7BAF52,CUST-0011,102.27,USD,fraud_flag,Fraud prevention hold,19,6,1858,27,16,63.07,0,,2024-02-13 23:49:00,test
TXN-6845266ED7EB,CUST-0213,67.92,USD,temp_error,Temporary bank unavailability,50,6,1606,4,17,105.89,1,5.0,2024-10-08 07:37:00,train
TXN-974722061E0F,CUST-0311,13.83,USD,fraud_flag,Fraud prevention hold,47,6,1318,21,7,43.66,0,,2024-07-03 21:07:00,train
TXN-7C47C3518269,CUST-0489,67.04,CAD,temp_error,Temporary bank unavailability,39,2,211,27,21,41.38,1,16.0,2024-06-22 10:56:00,train
TXN-F2EE0F43477F,CUST-0480,224.49,USD,fraud_flag,Security flag triggered by issuer,59,9,928,20,11,58.55,0,,2024-01-01 22:52:00,train
TXN-2559A6B5E2E3,CUST-0485,29.54,AUD,hard_decline,Account closed,20,2,1113,27,9,15.16,0,,2024-04-22 16:47:00,train
TXN-85F3A0EC0654,CUST-0268,43.87,EUR,insufficient_funds,Not enough balance,24,4,1029,1,14,60.07,1,103.0,2024-10-09 21:59:00,test
TXN-DEDD039BCFF5,CUST-0215,168.03,USD,expired_card,Expiration date is in the past,34,0,1816,10,20,61.17,0,,2024-04-09 17:08:00,train
TXN-410BE247EAA9,CUST-0447,5.5,GBP,insufficient_funds,Card declined — insufficient funds,36,7,1097,21,15,59.74,1,111.0,2024-07-23 09:50:00,train
TXN-FA4438A01525,CUST-0174,81.63,GBP,auth_required,3D Secure authentication required,34,0,1089,21,20,28.32,0,,2024-10-18 17:20:00,test
TXN-307BEA939AB5,CUST-0059,63.4,USD,temp_error,Temporary bank unavailability,34,8,682,22,16,82.18,1,14.0,2024-09-16 23:14:00,train
TXN-22A4841902D2,CUST-0484,89.02,USD,insufficient_funds,Not enough balance,56,6,824,28,18,94.82,1,130.0,2024-10-07 15:42:00,train
TXN-DD4AA367A63B,CUST-0413,64.89,USD,expired_card,Card has expired,38,9,1873,24,14,24.5,0,,2024-04-03 21:23:00,train
TXN-286995F2AAED,CUST-0259,18.11,USD,temp_error,Network error during authorization,2,7,1696,3,10,164.73,1,22.0,2024-07-22 19:46:00,train
TXN-6E80EDF01E18,CUST-0065,70.2,USD,insufficient_funds,Card declined — insufficient funds,52,3,465,12,12,29.35,1,115.0,2024-04-25 03:12:00,train
TXN-38847990B85F,CUST-0467,45.65,USD,insufficient_funds,Insufficient funds in account,33,2,833,11,9,34.65,1,104.0,2024-04-30 21:53:00,train
TXN-96D9BC18925C,CUST-0303,363.71,GBP,unknown,Unknown decline code from processor,19,6,836,27,12,42.99,1,57.0,2024-04-25 20:31:00,train
TXN-5F55E03EAC5F,CUST-0376,41.66,EUR,temp_error,Processing system temporarily unavailable,6,3,1375,25,21,38.38,1,21.0,2024-07-02 14:30:00,train
TXN-5C2AA24FD4A5,CUST-0334,55.33,USD,insufficient_funds,Not enough balance,2,9,961,23,10,35.71,1,118.0,2024-01-19 12:09:00,train
TXN-738D6C6D5A7C,CUST-0429,27.04,GBP,insufficient_funds,Decline: NSF,12,1,1336,5,18,117.88,1,101.0,2024-10-14 10:03:00,train
TXN-F24DF5057D15,CUST-0368,116.43,EUR,insufficient_funds,Not enough balance,29,4,275,5,21,67.42,0,,2024-05-12 23:40:00,test
TXN-E662543F2CAD,CUST-0041,343.86,CAD,temp_error,Network error during authorization,18,1,987,10,6,17.78,1,7.0,2024-03-22 23:47:00,train
TXN-98D5868E3E96,CUST-0141,50.02,CAD,insufficient_funds,Card declined — insufficient funds,41,8,1949,15,20,26.94,1,99.0,2024-01-23 04:46:00,test
TXN-C222AD44A706,CUST-0176,55.25,EUR,insufficient_funds,Payment failed: low account balance,7,7,1031,2,9,43.44,1,100.0,2024-02-09 15:08:00,train
TXN-12E44861685B,CUST-0115,41.32,CAD,auth_required,SCA challenge required,12,8,406,15,8,48.32,1,59.0,2024-10-05 04:10:00,test
TXN-6101D71ED9A5,CUST-0403,160.19,USD,fraud_flag,Fraud prevention hold,53,1,77,21,12,68.23,0,,2024-10-14 08:42:00,train
TXN-465ABC0715C5,CUST-0460,25.35,USD,unknown,Processor response unclear,25,8,1592,20,9,84.77,1,47.0,2024-12-02 04:13:00,train
TXN-C85124E68512,CUST-0309,87.57,CAD,fraud_flag,Card flagged for unusual activity,21,5,138,15,9,125.13,0,,2024-01-04 09:35:00,test
TXN-A297E0C6D14C,CUST-0058,71.34,EUR,temp_error,Gateway timeout,3,0,1187,8,8,73.34,1,18.0,2024-03-30 02:53:00,train
TXN-E9821A384D3D,CUST-0425,21.5,USD,insufficient_funds,Payment failed: low account balance,30,9,15,19,18,57.07,1,118.0,2024-10-23 06:36:00,train
TXN-06ACF9F977EC,CUST-0156,238.91,GBP,insufficient_funds,Card declined — insufficient funds,57,3,317,14,14,56.92,1,115.0,2024-07-10 08:22:00,train
TXN-C2CF70B5DEFB,CUST-0384,131.83,USD,insufficient_funds,Not enough balance,43,2,1668,19,13,36.04,1,130.0,2024-09-29 07:59:00,test
TXN-6292D16E16C9,CUST-0412,174.38,EUR,auth_required,3D Secure authentication required,43,7,1186,19,8,79.28,1,48.0,2024-11-08 01:34:00,train
TXN-2D26750AF1FC,CUST-0457,290.19,USD,expired_card,Card expiry passed,15,9,1046,15,15,80.28,1,138.0,2024-06-17 07:14:00,train
TXN-4F5ED0890671,CUST-0237,248.2,USD,insufficient_funds,Payment failed: low account balance,3,2,464,21,14,57.43,1,85.0,2024-06-19 13:03:00,test
TXN-D6AFF3EDC9CF,CUST-0179,46.02,USD,temp_error,"Temporary processing error, please retry",11,3,799,9,18,98.27,1,22.0,2024-04-26 01:12:00,train
TXN-6E4D22BE75A1,CUST-0176,57.97,USD,insufficient_funds,Not enough balance,45,0,259,8,15,55.48,1,125.0,2024-09-04 01:41:00,train
TXN-FF66093C2E72,CUST-0175,43.45,USD,hard_decline,Invalid account number,50,2,593,11,19,87.3,0,,2024-02-29 23:29:00,train
TXN-63DA80B8F2FE,CUST-0260,67.62,EUR,auth_required,SCA challenge required,38,2,589,15,13,65.85,0,,2024-12-26 19:50:00,train
TXN-B9E929C29E82,CUST-0125,66.44,USD,insufficient_funds,Not enough balance,13,9,372,12,6,38.96,1,128.0,2024-08-01 10:10:00,train
TXN-30A8AF00060F,CUST-0111,122.81,USD,expired_card,Card has expired,38,3,35,13,11,52.59,0,,2024-07-03 20:39:00,train
TXN-2FD1DC2B5427,CUST-0074,30.92,AUD,temp_error,Network error during authorization,55,6,95,26,21,43.16,1,3.0,2024-12-18 09:09:00,test
TXN-5BED81FF7531,CUST-0059,77.2,USD,expired_card,Card has expired,36,2,951,6,6,42.34,0,,2024-04-29 06:41:00,test
TXN-BFB8A42633D0,CUST-0033,37.25,AUD,insufficient_funds,Payment failed: low account balance,3,5,188,12,18,52.51,1,124.0,2024-01-15 00:27:00,train
TXN-0D1785B9442B,CUST-0259,290.47,GBP,hard_decline,Do not honor,58,4,406,18,20,37.57,0,,2024-06-21 15:40:00,train
TXN-B52EFE537976,CUST-0461,60.53,GBP,insufficient_funds,Insufficient funds in account,13,1,1602,21,12,53.56,1,87.0,2024-04-09 23:50:00,train
TXN-349045156E99,CUST-0060,21.51,USD,expired_card,Card expiry passed,38,4,657,6,13,45.4,1,103.0,2024-06-16 07:20:00,train
TXN-F4324979CE6D,CUST-0070,96.94,USD,auth_required,Additional verification required by issuing bank,24,4,342,22,17,42.49,0,,2024-10-26 20:31:00,train
TXN-EC94803AC802,CUST-0339,367.18,EUR,auth_required,Strong customer authentication needed,59,5,303,22,8,70.64,0,,2024-12-08 14:55:00,train
TXN-BF70E06F6756,CUST-0208,21.66,USD,expired_card,Expiration date is in the past,11,0,1029,2,19,40.24,0,,2024-02-05 22:14:00,test
TXN-E0637BF54AF4,CUST-0374,47.44,EUR,temp_error,Temporary bank unavailability,55,1,1632,16,16,372.18,1,17.0,2024-10-21 01:21:00,test
TXN-BD6EB018BBD2,CUST-0465,81.93,USD,insufficient_funds,Insufficient funds in account,2,4,353,21,8,66.43,1,104.0,2024-11-05 16:32:00,test
TXN-553D9D957EC6,CUST-0119,207.89,USD,auth_required,SCA challenge required,35,2,1699,21,6,66.55,1,62.0,2024-06-29 00:25:00,train
TXN-527FAD68C5F1,CUST-0214,35.96,AUD,temp_error,Temporary bank unavailability,22,3,1561,3,15,47.18,1,2.0,2024-09-30 19:13:00,test
TXN-8A9CB20DB9C5,CUST-0449,48.32,EUR,insufficient_funds,Insufficient funds in account,36,2,989,20,19,105.75,1,101.0,2024-11-17 10:45:00,test
TXN-E2F9CAE85C7E,CUST-0155,21.27,USD,expired_card,Card expiry passed,4,2,30,2,12,80.02,0,,2024-01-09 23:51:00,train
TXN-C6FBDE2B0E32,CUST-0387,271.66,USD,temp_error,Processing system temporarily unavailable,41,7,1862,8,18,113.81,1,1.0,2024-07-08 23:52:00,train
TXN-9B65E7C4D723,CUST-0368,56.59,USD,insufficient_funds,Payment failed: low account balance,24,6,60,24,11,58.15,1,109.0,2024-06-21 23:16:00,train
TXN-7A5C6F88962E,CUST-0383,30.06,EUR,temp_error,Network error during authorization,53,2,1604,9,10,56.69,1,20.0,2024-06-26 21:51:00,train
TXN-CA8176CF1A90,CUST-0135,24.87,USD,unknown,Processor response unclear,40,3,1171,14,21,109.0,1,51.0,2024-05-31 05:33:00,train
TXN-DB6130FDC627,CUST-0322,51.73,GBP,fraud_flag,Suspected fraudulent activity — transaction blocked,47,8,52,3,9,62.52,0,,2024-09-21 12:36:00,train
TXN-CA25B8B12AF0,CUST-0262,129.31,EUR,insufficient_funds,Not enough balance,6,2,112,7,14,42.49,0,,2024-07-01 15:47:00,train
TXN-EBF7ABD76274,CUST-0456,60.53,GBP,insufficient_funds,Decline: NSF,21,7,1283,20,18,121.66,1,102.0,2024-08-03 09:16:00,train
TXN-81AA220DE7DF,CUST-0066,27.28,EUR,fraud_flag,Security flag triggered by issuer,38,4,1155,20,9,20.54,0,,2024-04-10 17:55:00,train
TXN-639709FD03CD,CUST-0296,189.84,USD,fraud_flag,Fraud prevention hold,24,1,1090,20,12,23.91,0,,2024-09-17 17:09:00,train
TXN-02D1648E46B7,CUST-0221,8.06,USD,temp_error,Gateway timeout,11,9,1666,15,18,39.04,1,6.0,2024-09-06 08:54:00,train
TXN-033C22A8B888,CUST-0276,76.79,USD,expired_card,Declined — expired card on file,22,9,1741,25,8,45.0,1,150.0,2024-12-20 13:13:00,test
TXN-DAAD3A84770C,CUST-0104,78.39,EUR,expired_card,Card has expired,37,4,478,26,10,57.36,1,141.0,2024-05-04 11:44:00,train
TXN-2CC4196CDF38,CUST-0080,56.16,AUD,insufficient_funds,Decline: NSF,11,7,1276,3,11,64.52,1,115.0,2024-08-21 19:05:00,train
TXN-F2F35A15EA49,CUST-0039,86.18,GBP,temp_error,Gateway timeout,28,1,467,26,11,48.09,1,6.0,2024-11-19 06:35:00,train
TXN-15C96E811718,CUST-0251,112.6,GBP,expired_card,Expiration date is in the past,18,4,391,6,21,37.75,0,,2024-12-23 08:40:00,train
TXN-6A197C96653D,CUST-0015,55.31,USD,insufficient_funds,Not enough balance,30,1,1473,22,12,36.77,1,108.0,2024-09-16 06:58:00,test
TXN-FB1BA5EA750A,CUST-0038,40.5,USD,expired_card,Card has expired,22,5,1220,12,11,32.66,0,,2024-05-27 20:34:00,train
TXN-21CC619B3BE6,CUST-0210,170.04,USD,temp_error,Gateway timeout,53,3,1129,15,16,59.43,1,19.0,2024-05-24 23:53:00,test
TXN-B04F963579A6,CUST-0025,96.56,EUR,expired_card,Expiration date is in the past,42,6,1619,25,11,104.28,0,,2024-06-15 11:26:00,train
TXN-20C54B4814F1,CUST-0061,62.73,USD,auth_required,Strong customer authentication needed,17,1,764,27,10,19.91,1,24.0,2024-07-04 22:24:00,train
TXN-00856B38EB9E,CUST-0433,13.84,USD,unknown,Payment declined — reason not specified,22,2,1689,9,15,76.12,1,60.0,2024-09-03 04:02:00,train
TXN-1AEFE2930CE1,CUST-0300,32.95,EUR,expired_card,Expiration date is in the past,31,4,1798,23,10,66.75,1,165.0,2024-10-23 15:46:00,train
TXN-C61983992920,CUST-0251,60.22,USD,insufficient_funds,Payment failed: low account balance,21,4,857,22,16,13.8,1,88.0,2024-11-25 01:59:00,train
TXN-ABE2A1E8DF58,CUST-0365,37.32,EUR,fraud_flag,Fraud prevention hold,34,5,342,28,6,33.9,0,,2024-02-04 13:35:00,train
TXN-F38C71E5F90A,CUST-0121,40.42,USD,insufficient_funds,Card declined — insufficient funds,41,4,1997,20,7,109.39,0,,2024-03-07 19:22:00,train
TXN-9FFD435ED3F6,CUST-0282,86.22,GBP,fraud_flag,Suspected fraudulent activity — transaction blocked,48,8,230,11,9,31.45,0,,2024-09-17 07:25:00,train
TXN-A90CDEDBB011,CUST-0412,58.32,CAD,insufficient_funds,Decline: NSF,17,1,1983,5,15,58.77,1,118.0,2024-04-23 00:51:00,train
TXN-B70F078EF97B,CUST-0310,95.3,CAD,temp_error,Network error during authorization,18,3,1339,8,10,99.35,1,12.0,2024-09-22 10:55:00,train
TXN-CD10DF27A2E7,CUST-0451,127.79,USD,hard_decline,Card permanently blocked,45,6,27,1,15,53.93,0,,2024-03-22 04:30:00,train
TXN-9B28235FB469,CUST-0221,34.6,USD,temp_error,Gateway timeout,0,6,1770,10,17,38.2,1,23.0,2024-05-12 18:02:00,train
TXN-3311F97BB59D,CUST-0288,61.6,EUR,temp_error,Network error during authorization,38,3,1279,3,18,70.16,1,16.0,2024-06-14 17:59:00,train
TXN-7EEF72CEFA68,CUST-0423,158.85,USD,temp_error,"Temporary processing error, please retry",20,6,230,5,13,58.29,1,23.0,2024-04-15 21:24:00,test
TXN-D15A9CF06551,CUST-0370,300.76,USD,temp_error,Gateway timeout,42,1,1349,23,19,133.31,1,23.0,2024-11-09 11:53:00,train
TXN-8E6827F6AA9C,CUST-0002,86.77,USD,auth_required,Strong customer authentication needed,2,9,1823,13,7,131.0,0,,2024-10-14 05:47:00,train
TXN-A5DEA5C28CD5,CUST-0036,23.26,USD,insufficient_funds,Payment failed: low account balance,14,6,1866,3,6,37.86,1,107.0,2024-02-16 21:34:00,test
TXN-108984738489,CUST-0133,105.23,EUR,fraud_flag,Fraud prevention hold,46,0,1053,17,20,86.08,0,,2024-12-06 15:37:00,train
TXN-1B23A6FD7A2E,CUST-0267,53.14,USD,expired_card,Declined — expired card on file,12,1,967,11,6,54.86,0,,2024-04-29 06:12:00,train
TXN-00D889FA1255,CUST-0183,125.76,USD,insufficient_funds,Not enough balance,22,6,643,23,14,125.66,1,124.0,2024-12-24 23:00:00,test
TXN-A766067EF096,CUST-0374,101.49,EUR,temp_error,Gateway timeout,10,8,1668,7,20,25.43,1,15.0,2024-01-15 13:41:00,train
TXN-D8AC079D7901,CUST-0255,38.99,USD,expired_card,Card expiry passed,42,6,1586,13,15,28.54,1,164.0,2024-06-07 14:34:00,train
TXN-F0E4DA5EB885,CUST-0443,30.43,EUR,unknown,Unknown decline code from processor,0,2,252,14,8,42.15,0,,2024-02-25 16:09:00,test
TXN-AC8A6E566AB7,CUST-0350,23.21,USD,expired_card,Expiration date is in the past,25,3,1404,13,10,47.7,0,,2024-04-12 11:42:00,train
TXN-A7FFE56EEFBB,CUST-0447,21.05,GBP,expired_card,Card expiry passed,51,3,356,26,9,18.1,0,,2024-04-08 17:48:00,train
TXN-E6398D46DC0F,CUST-0313,34.47,EUR,unknown,Error code: 05,41,9,1972,21,21,26.33,1,46.0,2024-10-01 23:20:00,test
TXN-D10930EB3680,CUST-0373,40.38,USD,auth_required,3D Secure authentication required,35,1,1667,14,16,61.63,0,,2024-05-20 15:10:00,train
TXN-7E990B94E6EE,CUST-0447,37.18,USD,expired_card,Card expiry passed,22,2,1448,12,9,42.46,0,,2024-05-17 15:22:00,train
TXN-D0250AD721F6,CUST-0071,127.96,USD,temp_error,Network error during authorization,20,0,880,13,21,46.85,1,19.0,2024-10-03 15:33:00,train
TXN-2E88FA104C0B,CUST-0097,141.07,USD,insufficient_funds,Payment failed: low account balance,45,7,53,7,13,17.53,1,125.0,2024-04-02 22:43:00,train
TXN-F9573DACA901,CUST-0259,212.45,CAD,expired_card,Card expiry passed,2,3,1550,3,7,35.19,1,117.0,2024-03-06 01:58:00,train
TXN-9C02920BEB3E,CUST-0320,41.39,USD,temp_error,Processing system temporarily unavailable,11,4,99,6,14,21.17,1,22.0,2024-04-19 12:11:00,train
TXN-703A94664E5F,CUST-0333,20.78,USD,hard_decline,Account closed,10,1,518,11,18,39.47,0,,2024-12-01 09:23:00,train
TXN-C30182FF2476,CUST-0409,25.3,USD,temp_error,Processing system temporarily unavailable,16,9,1039,14,8,55.77,1,22.0,2024-07-10 05:23:00,test
TXN-3CEC52247CB9,CUST-0039,41.45,GBP,unknown,Generic decline,3,5,1133,11,13,240.76,0,,2024-01-20 01:54:00,train
TXN-DCCB408F7975,CUST-0466,234.21,USD,insufficient_funds,Card declined — insufficient funds,1,6,1587,19,14,65.06,1,130.0,2024-08-11 05:28:00,train
TXN-9553845F038F,CUST-0255,74.5,USD,insufficient_funds,Not enough balance,20,3,1253,23,19,51.75,1,118.0,2024-04-17 12:42:00,train
TXN-8345841773C8,CUST-0170,35.24,USD,fraud_flag,Suspected fraudulent activity — transaction blocked,7,0,1268,20,12,50.25,0,,2024-08-08 14:32:00,train
TXN-AA3E97E33F65,CUST-0290,55.9,USD,temp_error,Temporary bank unavailability,26,9,401,26,18,27.59,1,12.0,2024-07-22 18:54:00,test
TXN-12F8E65F8092,CUST-0254,17.87,EUR,insufficient_funds,Insufficient funds in account,6,3,1476,6,12,66.46,1,88.0,2024-08-31 23:02:00,test
TXN-F687D3000870,CUST-0459,17.07,USD,insufficient_funds,Payment failed: low account balance,33,9,43,28,15,117.46,1,107.0,2024-06-05 04:07:00,train
TXN-EBFF6F0AF7BF,CUST-0450,39.56,GBP,fraud_flag,Suspected fraudulent activity — transaction blocked,10,7,651,4,16,61.94,0,,2024-02-10 01:42:00,test
TXN-84FF3635B345,CUST-0307,48.91,USD,temp_error,Temporary bank unavailability,21,4,481,6,12,52.43,1,21.0,2024-08-27 02:08:00,train
TXN-5AC384FC58C0,CUST-0369,57.31,EUR,expired_card,Card has expired,36,9,387,19,7,115.77,1,148.0,2024-09-11 06:18:00,train
TXN-061E342A1F06,CUST-0227,116.31,EUR,expired_card,Declined — expired card on file,58,3,1470,4,12,20.78,0,,2024-09-18 01:35:00,train
TXN-451E5405AA97,CUST-0171,157.47,AUD,auth_required,Strong customer authentication needed,11,8,404,28,10,42.2,1,66.0,2024-11-13 01:38:00,train
TXN-873E33274E5F,CUST-0038,38.72,GBP,expired_card,Card has expired,31,7,359,14,12,98.65,0,,2024-10-01 16:45:00,train
TXN-D2E4013942EB,CUST-0285,91.24,USD,fraud_flag,Card flagged for unusual activity,3,1,1163,12,17,101.44,0,,2024-10-08 04:32:00,train
TXN-9CAE0AABD279,CUST-0273,96.49,USD,fraud_flag,Suspected fraudulent activity — transaction blocked,42,6,1285,3,10,137.66,0,,2024-11-04 12:07:00,train
TXN-5306FC0C6E46,CUST-0061,68.92,USD,insufficient_funds,Decline: NSF,43,2,1592,2,13,117.75,1,87.0,2024-01-30 19:59:00,train
TXN-159C79724280,CUST-0306,50.32,USD,temp_error,Temporary bank unavailability,11,9,1685,26,11,32.83,1,8.0,2024-01-16 21:46:00,train
TXN-686ACBD5552C,CUST-0114,159.45,EUR,fraud_flag,Security flag triggered by issuer,37,9,1123,11,8,77.08,0,,2024-01-05 03:08:00,train
TXN-6FCA94CEE2AA,CUST-0138,54.32,USD,temp_error,"Temporary processing error, please retry",22,4,1477,7,10,63.19,1,16.0,2024-02-23 16:15:00,train
TXN-BA29DD045CDB,CUST-0379,69.86,CAD,fraud_flag,Security flag triggered by issuer,16,5,1504,5,16,49.42,0,,2024-01-04 07:29:00,test
TXN-AF02F6C9D615,CUST-0165,47.56,EUR,insufficient_funds,Payment failed: low account balance,55,8,1594,12,13,38.83,0,,2024-10-06 10:29:00,train
TXN-DB2170636183,CUST-0171,78.07,EUR,temp_error,Gateway timeout,3,7,1444,17,7,168.95,1,13.0,2024-06-22 00:43:00,train
TXN-474C6B050271,CUST-0322,39.7,USD,temp_error,Temporary bank unavailability,4,3,1358,26,18,48.73,1,3.0,2024-11-25 16:14:00,train
TXN-EA408484E3FF,CUST-0382,75.54,GBP,temp_error,Network error during authorization,16,8,451,10,14,44.26,1,13.0,2024-07-12 16:28:00,train
TXN-F323B2B339DD,CUST-0262,75.74,USD,insufficient_funds,Insufficient funds in account,3,4,439,26,18,56.48,1,116.0,2024-09-13 18:18:00,train
TXN-51DDC20F2C83,CUST-0208,139.02,EUR,expired_card,Declined — expired card on file,52,1,921,6,14,42.96,0,,2024-04-28 01:03:00,test
TXN-8962A2928594,CUST-0071,59.36,EUR,insufficient_funds,Decline: NSF,23,4,561,10,21,42.39,1,103.0,2024-06-08 12:53:00,test
TXN-4667FE8D4D45,CUST-0429,52.05,EUR,unknown,Processor response unclear,12,2,295,16,8,34.65,0,,2024-10-08 16:20:00,train
TXN-AC7F8B38A80A,CUST-0044,68.22,EUR,insufficient_funds,Payment failed: low account balance,45,4,826,28,20,27.6,1,113.0,2024-01-15 10:08:00,train
TXN-C5F4C82569C6,CUST-0227,80.45,USD,fraud_flag,Card flagged for unusual activity,59,3,901,1,19,71.91,0,,2024-08-19 08:21:00,test
TXN-35DED65DFBA7,CUST-0457,25.15,EUR,expired_card,Expiration date is in the past,48,3,382,5,19,73.14,0,,2024-01-15 11:37:00,test
TXN-114FD98D9EAC,CUST-0429,13.11,USD,expired_card,Card has expired,59,1,213,6,15,66.04,1,126.0,2024-07-02 05:44:00,train
TXN-8A0A209BB8D5,CUST-0144,147.15,USD,temp_error,Temporary bank unavailability,29,1,530,3,20,261.56,1,21.0,2024-07-07 02:37:00,train
TXN-1EA0183BC4EE,CUST-0472,140.57,USD,insufficient_funds,Payment failed: low account balance,56,1,1760,13,8,76.04,1,125.0,2024-12-30 05:43:00,train
TXN-2A05CBE3EAEF,CUST-0087,19.37,USD,temp_error,Network error during authorization,56,0,947,7,20,14.98,1,1.0,2024-12-02 05:03:00,test
TXN-587B9AA51579,CUST-0085,77.5,CAD,temp_error,Temporary bank unavailability,46,2,1979,6,14,36.79,1,5.0,2024-04-05 21:45:00,train
TXN-4E1131C5274F,CUST-0222,48.89,USD,insufficient_funds,Insufficient funds in account,52,3,1112,22,14,39.15,1,131.0,2024-04-02 00:25:00,train
TXN-B740553D302E,CUST-0161,143.54,USD,temp_error,Network error during authorization,44,7,767,15,18,24.86,1,19.0,2024-05-08 12:18:00,test
TXN-5B7C2798D125,CUST-0245,201.42,USD,expired_card,Card has expired,5,7,1793,17,16,71.57,0,,2024-09-02 07:39:00,train
TXN-ED290952CAC9,CUST-0350,50.62,USD,auth_required,SCA challenge required,38,6,1908,17,18,69.6,0,,2024-09-06 17:54:00,train
TXN-886EE0882FBF,CUST-0021,74.71,USD,unknown,Error code: 05,38,5,1770,5,20,61.88,1,72.0,2024-04-17 23:28:00,train
TXN-8067FCA44675,CUST-0117,56.29,AUD,insufficient_funds,Decline: NSF,35,4,1303,2,10,30.09,1,130.0,2024-02-06 02:07:00,train
TXN-578FADF2D7F2,CUST-0036,76.91,USD,insufficient_funds,Not enough balance,24,7,1776,24,11,40.81,1,111.0,2024-08-22 19:13:00,train
TXN-C39D48E52501,CUST-0081,123.54,USD,temp_error,Network error during authorization,25,2,1214,13,19,39.84,1,13.0,2024-06-01 16:42:00,train
TXN-FBFFA29EE41C,CUST-0079,35.57,USD,expired_card,Card has expired,48,7,189,10,19,30.86,0,,2024-02-15 15:50:00,train
TXN-A4048EB4A12F,CUST-0171,192.37,USD,insufficient_funds,Card declined — insufficient funds,43,5,337,7,17,46.02,1,102.0,2024-03-19 14:35:00,train
TXN-AA1A6612EA6D,CUST-0326,24.03,GBP,temp_error,Temporary bank unavailability,57,6,1932,24,7,88.48,1,16.0,2024-09-17 14:53:00,test
TXN-B17592343710,CUST-0332,19.97,USD,fraud_flag,Security flag triggered by issuer,15,6,1959,14,20,46.13,0,,2024-10-26 02:55:00,train
TXN-1F24565A6BE9,CUST-0031,34.24,USD,expired_card,Expiration date is in the past,44,4,1823,3,8,58.61,1,132.0,2024-03-29 02:34:00,train
TXN-5D195D0F33FB,CUST-0352,28.52,USD,temp_error,Gateway timeout,55,2,1710,14,10,37.87,1,18.0,2024-06-24 12:29:00,test
TXN-BB99816C1BE3,CUST-0077,36.54,USD,insufficient_funds,Card declined — insufficient funds,33,5,1758,27,17,40.01,1,105.0,2024-03-28 00:09:00,train
TXN-092A9DC0BCAE,CUST-0005,41.38,USD,temp_error,Temporary bank unavailability,13,3,332,2,13,47.57,1,7.0,2024-07-15 22:14:00,train
TXN-6CA1423C5869,CUST-0101,113.03,USD,temp_error,Processing system temporarily unavailable,4,5,62,16,11,52.31,1,10.0,2024-06-06 10:50:00,train
TXN-8F818846735E,CUST-0040,68.0,EUR,expired_card,Expiration date is in the past,34,5,1071,14,20,66.76,0,,2024-12-03 01:19:00,train
TXN-1675976E3963,CUST-0150,194.81,EUR,insufficient_funds,Not enough balance,10,9,543,19,11,61.99,0,,2024-01-18 10:46:00,test
TXN-7125B20FA223,CUST-0175,87.22,EUR,expired_card,Card has expired,6,2,1360,21,15,68.46,1,166.0,2024-09-15 10:09:00,train
TXN-F46025BFACA8,CUST-0034,125.54,EUR,insufficient_funds,Not enough balance,45,4,601,18,7,35.53,1,122.0,2024-04-30 10:28:00,train
TXN-2F9863FFD43D,CUST-0385,47.26,USD,temp_error,Processing system temporarily unavailable,52,6,1743,22,17,26.18,1,16.0,2024-11-08 10:33:00,train
TXN-DEF66766DA5D,CUST-0156,177.03,USD,hard_decline,Account closed,12,9,20,22,15,48.84,0,,2024-08-18 03:18:00,train
TXN-8A2B0A2EB382,CUST-0100,208.69,USD,temp_error,Processing system temporarily unavailable,42,8,1510,5,21,68.06,1,13.0,2024-10-16 19:28:00,train
TXN-0D2E7690F2B2,CUST-0491,77.42,USD,auth_required,SCA challenge required,18,9,1557,21,15,63.33,0,,2024-10-11 06:49:00,train
TXN-5AF1D55BBA02,CUST-0140,126.04,USD,expired_card,Declined — expired card on file,13,0,1459,17,16,60.05,0,,2024-09-12 18:43:00,train
TXN-AB7254A7C293,CUST-0262,24.1,USD,temp_error,Network error during authorization,29,4,1036,20,20,59.92,1,5.0,2024-08-31 07:02:00,train
TXN-0241E8AF6D78,CUST-0100,9.55,EUR,auth_required,3D Secure authentication required,16,0,234,14,8,45.17,1,34.0,2024-03-13 11:56:00,train
TXN-D6AC38787A4D,CUST-0476,40.31,USD,expired_card,Declined — expired card on file,42,4,1118,7,7,84.2,1,158.0,2024-03-15 09:20:00,test
TXN-9526317824AE,CUST-0256,43.71,USD,insufficient_funds,Decline: NSF,10,4,123,3,6,160.23,0,,2024-08-27 12:34:00,test
TXN-9C2827D3E8FF,CUST-0442,53.57,USD,insufficient_funds,Card declined — insufficient funds,27,6,250,21,6,43.09,1,128.0,2024-04-18 17:38:00,train
TXN-F22B1D353317,CUST-0287,72.92,GBP,hard_decline,Card permanently blocked,13,6,587,10,18,61.73,0,,2024-12-02 12:03:00,train
TXN-50EB704E1E38,CUST-0268,29.26,USD,auth_required,3D Secure authentication required,12,8,1397,2,9,44.4,0,,2024-11-30 08:14:00,train
TXN-2DD77D983D2D,CUST-0126,71.86,USD,insufficient_funds,Decline: NSF,48,2,1315,1,14,28.91,1,95.0,2024-04-22 09:35:00,train
TXN-C40353F351AE,CUST-0108,132.12,USD,insufficient_funds,Insufficient funds in account,7,4,1869,25,8,36.35,0,,2024-08-30 22:38:00,train
TXN-7086FCB897B1,CUST-0290,21.6,EUR,insufficient_funds,Insufficient funds in account,59,6,1833,9,8,25.31,1,126.0,2024-12-10 17:42:00,train
TXN-E4501F14C9DC,CUST-0085,34.84,USD,insufficient_funds,Payment failed: low account balance,41,8,1164,28,11,30.38,1,91.0,2024-02-28 08:15:00,test
TXN-B4C959F25130,CUST-0289,35.4,EUR,insufficient_funds,Not enough balance,14,8,257,9,14,36.64,1,122.0,2024-05-19 10:49:00,train
TXN-408A901D98AC,CUST-0213,67.82,USD,auth_required,SCA challenge required,37,3,919,9,15,49.68,0,,2024-07-22 13:08:00,train
TXN-44BE59FF0BB9,CUST-0134,28.05,USD,insufficient_funds,Card declined — insufficient funds,20,0,941,8,13,47.73,1,119.0,2024-07-09 02:23:00,test
TXN-6FF15F4B62AB,CUST-0254,38.94,EUR,temp_error,Network error during authorization,46,6,1717,22,6,41.73,1,24.0,2024-04-08 18:08:00,train
TXN-BE53D2C02ABA,CUST-0001,159.56,USD,insufficient_funds,Card declined — insufficient funds,15,6,1266,8,20,40.78,1,91.0,2024-07-12 02:36:00,train
TXN-EA453324FFCF,CUST-0036,33.39,CAD,hard_decline,Do not honor,17,5,1663,21,7,75.58,0,,2024-08-30 20:15:00,test
TXN-ABE0EA11EBCC,CUST-0437,240.65,GBP,expired_card,Card has expired,17,9,1539,15,11,39.66,0,,2024-03-11 15:03:00,test
TXN-B61E58BDCDC6,CUST-0262,205.69,USD,fraud_flag,Card flagged for unusual activity,44,5,722,4,13,70.61,0,,2024-05-16 03:02:00,test
TXN-0663FD876330,CUST-0143,64.99,CAD,insufficient_funds,Insufficient funds in account,17,7,1289,15,9,149.45,0,,2024-12-29 00:24:00,train
TXN-F311C284A92C,CUST-0366,42.51,USD,insufficient_funds,Card declined — insufficient funds,47,5,878,2,17,89.33,1,94.0,2024-08-13 04:58:00,train
TXN-39AE117E1D5C,CUST-0123,93.8,USD,hard_decline,Do not honor,50,7,1263,6,15,105.02,0,,2024-11-23 21:49:00,train
TXN-42DF190EB271,CUST-0120,70.82,USD,insufficient_funds,Insufficient funds in account,43,6,1230,12,8,70.12,1,89.0,2024-07-14 21:11:00,train
TXN-61BC05CE2C2F,CUST-0491,53.65,EUR,expired_card,Card expiry passed,10,5,414,19,17,112.31,1,116.0,2024-04-24 10:41:00,train
TXN-3D225CAA12FC,CUST-0433,123.3,USD,hard_decline,Card permanently blocked,59,8,1699,16,13,128.53,0,,2024-06-24 19:11:00,train
TXN-2209B98659EF,CUST-0138,146.86,USD,insufficient_funds,Insufficient funds in account,6,5,1252,4,18,315.51,1,118.0,2024-01-10 05:00:00,train
TXN-0E954E7999DA,CUST-0282,76.91,EUR,insufficient_funds,Decline: NSF,42,2,1259,9,14,57.95,1,91.0,2024-01-09 04:17:00,test
TXN-EF7206BA5E6D,CUST-0463,62.73,GBP,insufficient_funds,Card declined — insufficient funds,53,2,1868,15,16,44.14,1,68.0,2024-02-14 22:30:00,train
TXN-F6903BA78FA5,CUST-0360,71.66,USD,insufficient_funds,Decline: NSF,4,6,1941,17,14,78.26,1,91.0,2024-07-20 08:28:00,test
TXN-305D38768C2D,CUST-0496,32.63,EUR,insufficient_funds,Card declined — insufficient funds,49,3,651,8,16,46.63,1,123.0,2024-03-21 14:04:00,train
TXN-A6531F25193C,CUST-0286,88.6,USD,insufficient_funds,Not enough balance,50,9,881,11,12,27.56,0,,2024-02-17 19:32:00,test
TXN-28F3C0E4CA8E,CUST-0407,114.6,AUD,insufficient_funds,Card declined — insufficient funds,50,1,1496,5,20,60.22,1,115.0,2024-08-12 04:46:00,test
TXN-9D2144F37285,CUST-0365,44.3,USD,temp_error,Gateway timeout,42,0,408,10,12,33.63,1,1.0,2024-08-06 20:48:00,train
TXN-F584C82F73A7,CUST-0435,56.89,GBP,expired_card,Declined — expired card on file,12,1,1070,3,10,25.31,0,,2024-09-30 23:23:00,train
TXN-5337A9628CB2,CUST-0067,68.18,USD,insufficient_funds,Decline: NSF,28,6,1495,12,13,95.1,1,125.0,2024-05-22 04:48:00,train
TXN-29C4B568F621,CUST-0443,41.92,USD,expired_card,Expiration date is in the past,1,7,1680,26,18,17.61,0,,2024-12-15 10:50:00,test
TXN-644F264FC5E7,CUST-0288,81.04,USD,expired_card,Expiration date is in the past,57,6,1517,25,21,60.27,0,,2024-11-01 05:45:00,train
TXN-0721462F54A2,CUST-0088,423.97,GBP,expired_card,Declined — expired card on file,44,4,781,24,15,108.2,1,78.0,2024-07-15 02:41:00,train
TXN-F5A28196B925,CUST-0065,115.71,USD,insufficient_funds,Not enough balance,21,7,605,4,20,54.03,0,,2024-02-16 19:41:00,train
TXN-0F9B5FB3064B,CUST-0416,16.81,AUD,insufficient_funds,Payment failed: low account balance,28,3,1016,4,20,154.84,1,85.0,2024-09-20 04:46:00,test
TXN-92C45E867D72,CUST-0305,51.15,GBP,unknown,Unknown decline code from processor,11,1,152,1,12,44.22,0,,2024-06-29 05:48:00,test
TXN-E84B62347E7D,CUST-0012,31.67,CAD,expired_card,Card has expired,15,5,1106,16,21,84.14,0,,2024-01-10 00:00:00,test
TXN-0804D620BDBC,CUST-0390,43.97,USD,insufficient_funds,Insufficient funds in account,44,5,1253,27,9,64.52,1,107.0,2024-09-14 20:01:00,train
TXN-1866FA6C99F8,CUST-0465,44.51,USD,unknown,Error code: 05,16,7,1901,18,6,106.46,1,61.0,2024-06-26 10:21:00,train
TXN-A36F83DE1F76,CUST-0431,21.5,USD,fraud_flag,Card flagged for unusual activity,20,7,706,15,12,39.43,0,,2024-02-21 01:39:00,train
TXN-E963757C52C2,CUST-0087,94.44,USD,auth_required,3D Secure authentication required,54,4,767,1,17,21.6,1,66.0,2024-07-02 17:25:00,test
TXN-93759051A571,CUST-0168,34.73,USD,insufficient_funds,Decline: NSF,3,9,1996,2,14,30.51,0,,2024-02-08 14:32:00,train
TXN-EA4DC80314F4,CUST-0187,91.97,USD,temp_error,Network error during authorization,23,8,357,27,19,27.66,1,3.0,2024-12-06 20:37:00,train
TXN-28B64566BCA2,CUST-0281,124.92,USD,insufficient_funds,Not enough balance,57,5,1310,6,7,76.03,1,94.0,2024-01-18 02:22:00,train
TXN-ABDF74FFDD3D,CUST-0321,63.92,USD,auth_required,SCA challenge required,45,8,1372,12,16,26.97,1,46.0,2024-01-10 03:09:00,train
TXN-34EC7112209D,CUST-0124,75.9,EUR,auth_required,Strong customer authentication needed,17,9,1555,12,19,45.79,1,67.0,2024-06-14 10:28:00,train
TXN-C5E70010D33A,CUST-0029,118.76,USD,insufficient_funds,Insufficient funds in account,17,0,165,18,17,29.04,1,121.0,2024-03-08 01:28:00,train
TXN-381D27011E41,CUST-0496,92.07,USD,insufficient_funds,Card declined — insufficient funds,2,1,1700,2,14,169.92,1,130.0,2024-04-03 05:58:00,train
TXN-75FB9EB29A03,CUST-0079,185.4,USD,insufficient_funds,Decline: NSF,16,6,59,6,18,30.35,1,83.0,2024-02-04 17:45:00,train
TXN-D0FC30915504,CUST-0489,207.14,GBP,insufficient_funds,Insufficient funds in account,26,0,713,9,12,38.1,1,109.0,2024-02-23 00:31:00,train
TXN-8A70DCF7DF3E,CUST-0406,57.3,GBP,expired_card,Expiration date is in the past,32,7,43,26,6,18.87,0,,2024-09-22 17:29:00,test
TXN-01CFF67C61F9,CUST-0088,37.85,USD,insufficient_funds,Decline: NSF,36,6,726,15,16,38.46,1,123.0,2024-07-21 09:39:00,train
TXN-71BEF81112BA,CUST-0291,34.35,USD,expired_card,Card expiry passed,5,7,1276,22,13,102.96,0,,2024-09-27 16:27:00,train
TXN-9BC98EBA659E,CUST-0326,109.27,USD,insufficient_funds,Payment failed: low account balance,23,1,227,18,8,26.64,1,91.0,2024-12-19 23:04:00,test
TXN-CD2AE1B62C7B,CUST-0322,19.24,GBP,unknown,Processor response unclear,8,2,1110,22,14,36.74,0,,2024-01-05 00:14:00,train
TXN-EAD402C65D4F,CUST-0035,97.37,USD,expired_card,Card has expired,53,1,1347,11,16,33.79,1,81.0,2024-03-01 12:20:00,test
TXN-5AD94711B2D7,CUST-0255,39.09,EUR,temp_error,Temporary bank unavailability,42,3,870,17,15,62.34,1,15.0,2024-09-05 05:13:00,train
TXN-06FCF5F84F89,CUST-0304,61.39,USD,unknown,Generic decline,0,4,55,28,10,111.43,0,,2024-03-28 15:39:00,test
TXN-4A3BDE6B9C55,CUST-0098,78.27,EUR,temp_error,Processing system temporarily unavailable,11,2,539,1,20,23.73,1,11.0,2024-04-03 08:13:00,train
TXN-B6C75E2FADDC,CUST-0328,224.05,GBP,temp_error,Network error during authorization,11,6,1788,19,9,104.65,1,4.0,2024-11-21 04:36:00,train
TXN-ABA53BA35F1D,CUST-0375,73.7,EUR,temp_error,Network error during authorization,10,0,984,9,18,81.98,1,2.0,2024-04-27 10:45:00,test
TXN-F1DBDF9E3B44,CUST-0098,23.02,EUR,insufficient_funds,Insufficient funds in account,8,5,1558,3,20,55.92,1,108.0,2024-12-25 01:47:00,train
TXN-CCC98B46B866,CUST-0440,36.19,USD,expired_card,Expiration date is in the past,22,9,953,4,20,27.04,1,100.0,2024-11-12 05:02:00,train
TXN-6D7B4219146A,CUST-0048,47.82,GBP,insufficient_funds,Decline: NSF,37,8,124,9,18,229.88,0,,2024-12-01 17:16:00,test
TXN-691C74333B7B,CUST-0369,186.97,USD,auth_required,SCA challenge required,20,2,1474,8,7,34.12,1,32.0,2024-05-27 02:36:00,train
TXN-9BDAC188CD9E,CUST-0027,69.55,USD,unknown,Unknown decline code from processor,24,3,1794,9,6,62.51,0,,2024-09-02 15:01:00,train
TXN-19A95466202C,CUST-0345,115.04,CAD,temp_error,"Temporary processing error, please retry",12,9,1644,21,9,167.73,1,16.0,2024-10-16 04:15:00,train
TXN-30C6776B8F5F,CUST-0110,41.08,USD,insufficient_funds,Card declined — insufficient funds,57,8,1320,28,13,29.09,1,125.0,2024-09-22 19:10:00,train
TXN-66C1D193992B,CUST-0412,88.0,USD,insufficient_funds,Insufficient funds in account,23,1,975,18,20,20.44,1,50.0,2024-03-18 02:40:00,train
TXN-894E48AFBDEF,CUST-0244,334.12,USD,insufficient_funds,Card declined — insufficient funds,55,8,1216,9,9,75.44,1,95.0,2024-12-01 06:38:00,train
TXN-A1A89BF3100D,CUST-0048,12.08,USD,expired_card,Card expiry passed,23,7,1203,23,7,61.03,1,74.0,2024-12-27 10:27:00,train
TXN-0E123F487F37,CUST-0486,203.96,AUD,expired_card,Card has expired,49,4,361,26,11,100.63,1,120.0,2024-08-03 19:09:00,train
TXN-37C9145A44C2,CUST-0433,7.7,EUR,expired_card,Expiration date is in the past,6,2,420,12,6,68.98,0,,2024-10-31 04:17:00,train
TXN-AFF4A2A4C2B0,CUST-0468,109.09,USD,fraud_flag,Suspected fraudulent activity — transaction blocked,37,1,1118,11,10,22.96,0,,2024-07-14 19:34:00,train
TXN-5AEA95BD6D63,CUST-0236,24.25,USD,auth_required,3D Secure authentication required,3,1,565,14,12,45.93,1,65.0,2024-07-24 06:40:00,train
TXN-55A674A965B5,CUST-0104,264.12,EUR,auth_required,Additional verification required by issuing bank,49,7,300,20,6,55.22,1,53.0,2024-04-02 10:17:00,train
TXN-ECBC5CD995AC,CUST-0174,181.04,USD,auth_required,Additional verification required by issuing bank,9,8,1099,8,20,57.44,1,70.0,2024-02-24 14:52:00,train
TXN-9438A9534433,CUST-0074,149.6,EUR,temp_error,"Temporary processing error, please retry",31,8,1983,28,12,178.45,1,7.0,2024-08-19 10:17:00,train
TXN-C296FB94220D,CUST-0228,35.59,USD,auth_required,3D Secure authentication required,33,9,1310,7,6,39.87,0,,2024-02-16 03:08:00,train
TXN-CCF91F85CF2B,CUST-0212,24.12,USD,fraud_flag,Security flag triggered by issuer,45,3,718,15,16,26.14,0,,2024-03-14 07:20:00,train
TXN-9AF24F4FD3A4,CUST-0294,30.91,EUR,expired_card,Card has expired,50,0,1722,16,14,50.53,0,,2024-03-22 20:06:00,train
TXN-D47BF1CEB549,CUST-0252,33.63,EUR,temp_error,"Temporary processing error, please retry",4,3,922,6,21,140.83,1,2.0,2024-11-27 00:27:00,train
TXN-DDB379FE1F9C,CUST-0451,19.99,AUD,insufficient_funds,Decline: NSF,29,1,1803,5,10,119.43,1,131.0,2024-08-22 19:08:00,train
TXN-A36D7426A97A,CUST-0056,78.64,EUR,insufficient_funds,Card declined — insufficient funds,3,3,121,28,19,33.97,0,,2024-12-04 09:31:00,train
TXN-DA1AB1D4FDB9,CUST-0301,50.54,USD,auth_required,SCA challenge required,47,4,557,11,10,108.48,1,37.0,2024-08-31 08:25:00,train
TXN-D4E1997AD666,CUST-0193,26.82,CAD,fraud_flag,Suspected fraudulent activity — transaction blocked,11,6,666,11,14,29.07,0,,2024-10-29 09:02:00,train
TXN-0F847E81BDE6,CUST-0492,26.96,USD,fraud_flag,Security flag triggered by issuer,57,6,566,7,16,48.31,0,,2024-12-11 23:25:00,train
TXN-432377EDB44E,CUST-0236,72.56,USD,auth_required,SCA challenge required,35,6,1318,16,16,250.41,1,64.0,2024-12-30 07:26:00,test
TXN-5917E2BD4A71,CUST-0277,125.12,USD,temp_error,Temporary bank unavailability,13,1,408,6,18,51.75,1,15.0,2024-08-27 16:58:00,train
TXN-2D16229D085E,CUST-0149,12.53,EUR,hard_decline,Do not honor,58,8,976,6,8,104.35,0,,2024-05-26 23:26:00,train
TXN-7D3110D08895,CUST-0004,133.07,EUR,auth_required,Strong customer authentication needed,15,9,1224,27,6,193.09,0,,2024-11-16 17:34:00,train
TXN-756F8D9D9C05,CUST-0152,130.37,CAD,expired_card,Card expiry passed,51,0,334,13,18,26.98,0,,2024-01-17 00:10:00,train
TXN-14BB6E644DAC,CUST-0130,23.63,USD,insufficient_funds,Insufficient funds in account,26,1,267,2,9,62.31,1,108.0,2024-11-30 14:45:00,test
TXN-E8BD40A48395,CUST-0498,50.98,USD,auth_required,Strong customer authentication needed,22,7,175,10,15,141.42,1,43.0,2024-03-08 07:28:00,train
TXN-87AF55F87CEA,CUST-0060,38.3,USD,temp_error,"Temporary processing error, please retry",59,7,1113,16,10,22.39,1,16.0,2024-07-10 22:22:00,train
TXN-FDDF416CC585,CUST-0273,11.96,USD,hard_decline,Invalid account number,33,8,608,28,16,23.02,0,,2024-06-27 05:32:00,train
TXN-FF6C7C427188,CUST-0413,77.37,USD,insufficient_funds,Insufficient funds in account,43,1,701,10,21,60.61,1,90.0,2024-03-02 17:19:00,train
TXN-C2C39A1A5D10,CUST-0157,11.68,USD,insufficient_funds,Not enough balance,58,1,1378,4,11,75.51,1,95.0,2024-08-30 08:31:00,test
TXN-A71C5AFABD8B,CUST-0026,546.42,USD,expired_card,Card expiry passed,7,0,1584,22,11,109.84,1,144.0,2024-01-23 22:56:00,train
TXN-D228C8AC1CAA,CUST-0100,59.05,EUR,temp_error,Gateway timeout,16,1,1959,4,16,55.81,1,3.0,2024-03-20 14:08:00,train
TXN-5204DAB7D519,CUST-0014,16.16,USD,temp_error,Gateway timeout,40,7,1572,1,7,24.79,1,16.0,2024-11-26 07:25:00,test
TXN-98069CD4693D,CUST-0378,54.5,USD,fraud_flag,Suspected fraudulent activity — transaction blocked,21,9,1617,1,16,34.26,0,,2024-08-21 14:30:00,train
TXN-1B245015452C,CUST-0314,66.54,GBP,auth_required,SCA challenge required,41,4,1109,22,8,88.54,0,,2024-11-20 14:31:00,train
TXN-FB2320F52C8E,CUST-0261,11.3,CAD,insufficient_funds,Not enough balance,23,4,579,22,9,69.75,1,108.0,2024-08-17 10:12:00,train
TXN-B285CA30D8E2,CUST-0200,220.69,EUR,temp_error,Gateway timeout,22,8,217,10,17,94.54,1,20.0,2024-05-08 21:23:00,test
TXN-5AAD2378E544,CUST-0261,36.63,GBP,fraud_flag,Fraud prevention hold,18,1,742,9,15,48.76,0,,2024-04-03 23:30:00,train
TXN-0A7F98A009DE,CUST-0360,216.33,USD,insufficient_funds,Card declined — insufficient funds,34,2,1680,7,8,53.44,1,125.0,2024-12-04 10:36:00,test
TXN-ACDE1C9DCE20,CUST-0140,73.84,USD,insufficient_funds,Payment failed: low account balance,23,6,1537,5,11,32.81,1,85.0,2024-08-09 17:46:00,test
TXN-9FEE3FC17A2E,CUST-0278,106.56,USD,temp_error,Network error during authorization,4,6,51,11,21,96.22,1,17.0,2024-09-14 16:55:00,train
TXN-8B79385A78DD,CUST-0399,65.33,GBP,unknown,Generic decline,15,0,1746,23,9,74.91,0,,2024-12-29 16:18:00,test
TXN-48B4D5F45679,CUST-0059,151.17,EUR,temp_error,"Temporary processing error, please retry",24,0,728,1,21,35.59,1,9.0,2024-03-25 23:25:00,test
TXN-F0305FAA2ABE,CUST-0368,44.1,USD,auth_required,SCA challenge required,52,1,1615,26,15,71.85,1,60.0,2024-01-01 14:30:00,test
TXN-84AF9838F4E2,CUST-0193,65.4,USD,insufficient_funds,Payment failed: low account balance,29,5,1664,14,15,152.14,1,90.0,2024-04-08 12:11:00,train
TXN-CB9C3764C2B3,CUST-0456,545.18,USD,expired_card,Expiration date is in the past,11,8,1019,5,13,35.88,0,,2024-03-08 03:36:00,test
TXN-F7B93F7B269A,CUST-0062,87.4,USD,fraud_flag,Card flagged for unusual activity,23,4,276,13,20,52.54,0,,2024-05-07 12:06:00,train
TXN-F43E896576B7,CUST-0138,46.0,USD,insufficient_funds,Decline: NSF,11,6,548,24,9,185.26,1,108.0,2024-09-09 08:31:00,train
TXN-25F2A82E3820,CUST-0283,42.15,USD,fraud_flag,Fraud prevention hold,55,5,1137,25,12,103.45,0,,2024-11-19 05:10:00,train
TXN-0C6534867AE5,CUST-0144,289.66,USD,expired_card,Card expiry passed,33,6,948,10,7,41.26,1,80.0,2024-09-08 13:30:00,train
TXN-FB075BCDA089,CUST-0468,108.87,USD,expired_card,Declined — expired card on file,22,6,902,12,6,17.41,0,,2024-05-13 02:56:00,train
TXN-C81385765A12,CUST-0499,35.77,CAD,insufficient_funds,Card declined — insufficient funds,36,7,1127,13,14,34.09,1,116.0,2024-09-01 23:46:00,train
TXN-13A5C9AA35DC,CUST-0477,179.1,USD,expired_card,Expiration date is in the past,50,9,1189,16,6,97.98,0,,2024-07-31 13:45:00,train
TXN-1E1F9C795216,CUST-0241,233.36,GBP,expired_card,Card expiry passed,46,4,1567,10,15,43.1,0,,2024-09-14 00:03:00,train
TXN-57AE10CCD332,CUST-0394,46.08,USD,insufficient_funds,Decline: NSF,54,1,434,23,21,93.88,1,123.0,2024-11-24 19:58:00,train
TXN-A682D2A681B6,CUST-0113,83.83,CAD,expired_card,Expiration date is in the past,35,2,1505,17,20,31.43,0,,2024-08-11 20:33:00,test
TXN-9A83B37B16ED,CUST-0479,38.43,GBP,temp_error,"Temporary processing error, please retry",6,2,458,9,6,40.7,1,20.0,2024-11-19 04:51:00,train
TXN-FD153BDF2573,CUST-0229,87.99,USD,unknown,Processor response unclear,16,1,314,23,11,30.25,1,30.0,2024-09-13 18:22:00,train
TXN-A316F5986130,CUST-0499,24.27,USD,fraud_flag,Card flagged for unusual activity,1,5,448,24,11,57.75,0,,2024-09-24 05:36:00,test
TXN-0AFB089E9F62,CUST-0137,244.98,USD,expired_card,Card has expired,57,7,501,9,16,30.4,0,,2024-03-25 00:50:00,train
TXN-EF8F3A1D4D93,CUST-0416,72.25,GBP,unknown,Processor response unclear,19,4,1919,17,18,19.78,1,44.0,2024-09-17 19:34:00,train
TXN-3FF25D7D9881,CUST-0310,145.8,EUR,expired_card,Expiration date is in the past,14,2,172,20,20,41.72,0,,2024-05-18 23:22:00,train
TXN-BBAA6754BCBD,CUST-0457,65.41,USD,auth_required,Additional verification required by issuing bank,41,2,704,7,20,23.88,0,,2024-06-23 14:41:00,train
TXN-13C4F9F790B3,CUST-0392,37.06,USD,fraud_flag,Security flag triggered by issuer,49,7,1027,21,14,35.59,0,,2024-11-10 08:16:00,train
TXN-552EB13BF1A8,CUST-0000,44.93,USD,hard_decline,Invalid account number,18,3,1585,24,13,39.68,0,,2024-12-13 03:23:00,test
TXN-9D667AC4CFA0,CUST-0091,65.51,USD,temp_error,"Temporary processing error, please retry",6,3,1827,5,20,55.59,1,7.0,2024-03-16 13:22:00,train
TXN-E1A908B98245,CUST-0299,78.66,EUR,unknown,Generic decline,27,7,1514,2,17,155.1,1,46.0,2024-01-13 13:46:00,train
TXN-28FFB368FE36,CUST-0497,46.41,USD,expired_card,Expiration date is in the past,29,2,1146,4,17,54.05,1,144.0,2024-05-04 20:42:00,test
TXN-CE4B15D28545,CUST-0003,174.44,USD,insufficient_funds,Card declined — insufficient funds,17,5,997,11,20,71.1,1,102.0,2024-07-21 00:37:00,train
TXN-6805FC74CD3F,CUST-0021,53.82,USD,hard_decline,Do not honor,14,4,965,26,15,109.33,0,,2024-12-27 04:19:00,train
TXN-CE649AB7E82D,CUST-0136,76.65,EUR,insufficient_funds,Payment failed: low account balance,58,2,1697,13,14,15.47,1,109.0,2024-06-29 02:24:00,train
TXN-4AFA6DFE97A9,CUST-0429,53.88,USD,insufficient_funds,Decline: NSF,8,2,1369,8,12,34.79,1,129.0,2024-04-27 15:29:00,train
TXN-D738D66B9558,CUST-0021,102.06,GBP,hard_decline,Card reported lost or stolen,57,2,231,24,14,272.57,0,,2024-07-26 15:28:00,test
TXN-1748821D236F,CUST-0228,66.29,EUR,unknown,Generic decline,30,0,700,5,21,36.0,0,,2024-08-22 09:34:00,train
TXN-24094D6107C4,CUST-0068,52.92,GBP,hard_decline,Do not honor,16,4,1124,13,10,27.61,0,,2024-11-28 22:24:00,train
TXN-4A21A9D818DF,CUST-0399,195.37,EUR,auth_required,SCA challenge required,56,1,1958,14,14,189.76,1,55.0,2024-08-15 12:42:00,train
TXN-216E2E879ED4,CUST-0183,34.88,EUR,temp_error,Temporary bank unavailability,13,8,1511,5,10,193.67,1,6.0,2024-07-16 13:58:00,train
TXN-56333C7B4C7C,CUST-0422,228.19,USD,fraud_flag,Card flagged for unusual activity,29,7,167,24,12,95.62,0,,2024-07-27 03:55:00,train
TXN-41A045F7A149,CUST-0273,118.29,EUR,expired_card,Card has expired,50,3,1834,2,8,68.27,0,,2024-10-16 10:53:00,train
TXN-41C7A6619ABA,CUST-0125,22.94,CAD,insufficient_funds,Payment failed: low account balance,35,5,430,16,16,51.11,1,90.0,2024-11-30 04:06:00,train
TXN-4A6DF903FF04,CUST-0482,83.62,USD,insufficient_funds,Decline: NSF,59,0,451,26,10,35.67,1,126.0,2024-04-16 07:33:00,train
TXN-44B5A13A3E6D,CUST-0430,110.46,USD,insufficient_funds,Payment failed: low account balance,51,2,511,27,6,23.15,1,125.0,2024-06-03 18:00:00,train
TXN-C16CF3E20993,CUST-0387,140.5,EUR,expired_card,Card expiry passed,35,2,1842,8,9,36.19,0,,2024-07-16 22:39:00,train
TXN-F2226720DA80,CUST-0292,85.03,GBP,insufficient_funds,Card declined — insufficient funds,56,2,119,20,11,19.74,1,103.0,2024-09-04 14:05:00,train
TXN-9A19A08B500A,CUST-0020,214.01,EUR,auth_required,Strong customer authentication needed,0,0,1117,26,18,56.43,1,59.0,2024-12-12 19:27:00,train
TXN-0E891A841DD0,CUST-0420,126.68,USD,temp_error,Gateway timeout,24,6,1225,26,15,67.83,1,16.0,2024-03-27 20:20:00,train
TXN-6615C2751530,CUST-0339,59.42,AUD,fraud_flag,Fraud prevention hold,24,9,413,21,19,81.44,0,,2024-09-08 23:38:00,test
TXN-F409EDC3E252,CUST-0334,202.52,EUR,expired_card,Expiration date is in the past,41,9,417,15,21,86.9,1,91.0,2024-02-27 08:06:00,train
TXN-F42AFD8E57DB,CUST-0186,21.15,GBP,fraud_flag,Security flag triggered by issuer,25,4,835,2,20,51.55,0,,2024-03-03 08:46:00,train
TXN-9EA2FFEF2558,CUST-0047,111.87,EUR,temp_error,Network error during authorization,35,2,1914,11,20,41.33,1,24.0,2024-10-17 06:13:00,train
TXN-44E7498385A8,CUST-0473,93.64,GBP,insufficient_funds,Card declined — insufficient funds,28,9,416,27,13,11.75,1,113.0,2024-01-31 08:43:00,test
TXN-48EA4BDAE531,CUST-0264,13.98,USD,temp_error,Processing system temporarily unavailable,58,4,1381,21,16,18.86,1,24.0,2024-04-29 04:46:00,train
TXN-CC822FA46C85,CUST-0224,24.46,USD,temp_error,Gateway timeout,3,4,1687,4,12,79.97,1,3.0,2024-06-05 23:20:00,train
TXN-6BC762C4618C,CUST-0300,80.83,USD,expired_card,Declined — expired card on file,54,3,869,18,6,48.96,1,155.0,2024-11-21 23:03:00,train
TXN-92E7B07FB893,CUST-0046,39.4,CAD,temp_error,Temporary bank unavailability,46,5,1215,5,14,55.22,1,23.0,2024-12-17 08:27:00,train
TXN-F0DFA0782219,CUST-0075,61.11,EUR,unknown,Unknown decline code from processor,0,8,1147,6,20,72.98,1,55.0,2024-08-25 21:51:00,train
TXN-20F7B3239CDB,CUST-0417,122.79,USD,insufficient_funds,Decline: NSF,17,1,1655,18,8,22.26,1,120.0,2024-11-26 22:33:00,train
TXN-F03726394930,CUST-0353,55.81,USD,insufficient_funds,Decline: NSF,24,4,103,28,11,73.02,1,68.0,2024-08-28 16:40:00,test
TXN-2CE632D1A802,CUST-0296,13.58,EUR,auth_required,SCA challenge required,7,7,1392,6,12,55.02,0,,2024-09-17 16:16:00,train
TXN-611B879EBEF4,CUST-0174,61.2,USD,hard_decline,Account closed,37,6,1650,11,9,31.85,0,,2024-09-11 03:00:00,train
TXN-55198993B2B3,CUST-0003,49.64,USD,auth_required,3D Secure authentication required,51,2,1589,21,16,38.46,1,58.0,2024-05-30 04:55:00,train
TXN-3E558F5D7B5E,CUST-0202,12.38,USD,hard_decline,Invalid account number,28,1,435,23,12,100.76,0,,2024-12-14 08:43:00,train
TXN-7A10C298F122,CUST-0344,52.52,EUR,fraud_flag,Suspected fraudulent activity — transaction blocked,48,1,1756,22,17,168.33,0,,2024-12-04 16:15:00,train
TXN-6870B38DA8E7,CUST-0106,96.59,EUR,temp_error,"Temporary processing error, please retry",51,3,257,19,17,39.04,1,18.0,2024-03-24 14:00:00,train
TXN-A9E71378F387,CUST-0014,30.48,EUR,insufficient_funds,Decline: NSF,13,6,1090,8,7,39.93,1,97.0,2024-04-07 07:21:00,train
TXN-CFDE3B77D5B7,CUST-0305,92.0,EUR,temp_error,Network error during authorization,29,1,509,19,9,69.37,1,8.0,2024-11-12 22:14:00,train
TXN-47514BCF67C5,CUST-0258,49.8,EUR,insufficient_funds,Insufficient funds in account,27,4,1158,24,19,38.25,1,94.0,2024-01-18 18:47:00,train
TXN-B66336BFD607,CUST-0426,31.62,USD,insufficient_funds,Card declined — insufficient funds,23,8,1005,24,10,86.8,0,,2024-12-25 18:02:00,test
TXN-17B53F21E35D,CUST-0352,75.81,AUD,fraud_flag,Fraud prevention hold,11,2,562,15,13,64.67,0,,2024-03-28 02:31:00,train
TXN-60BC65DFC2FF,CUST-0464,319.36,EUR,expired_card,Card expiry passed,39,7,1786,13,7,55.3,0,,2024-11-06 22:20:00,train
TXN-DA5C6702D381,CUST-0478,50.56,EUR,temp_error,Temporary bank unavailability,17,6,1269,11,6,114.29,1,8.0,2024-04-29 14:52:00,train
TXN-6FA053AFF5BF,CUST-0287,39.64,EUR,fraud_flag,Suspected fraudulent activity — transaction blocked,56,6,1237,25,10,74.52,0,,2024-03-20 02:12:00,test
TXN-8F1D64A17137,CUST-0135,87.76,CAD,temp_error,"Temporary processing error, please retry",36,3,252,11,15,35.4,1,7.0,2024-12-25 19:46:00,train
TXN-A1DDF7D7CD6B,CUST-0488,114.7,USD,temp_error,Temporary bank unavailability,43,5,1760,15,6,77.98,1,8.0,2024-06-06 00:48:00,train
TXN-037156A9F787,CUST-0016,20.52,EUR,fraud_flag,Security flag triggered by issuer,1,4,1484,24,13,48.88,0,,2024-02-23 12:31:00,test
TXN-130AE44603D7,CUST-0348,101.07,EUR,unknown,Processor response unclear,31,0,176,19,9,63.54,0,,2024-02-22 23:59:00,train
TXN-C4E74D86DDBF,CUST-0293,203.36,USD,insufficient_funds,Card declined — insufficient funds,13,3,287,19,19,104.64,1,99.0,2024-01-28 23:16:00,train
TXN-C2CF6A9C712D,CUST-0161,34.63,USD,expired_card,Expiration date is in the past,19,7,1315,4,10,58.22,0,,2024-02-17 10:40:00,train
TXN-1C2301494E8C,CUST-0463,57.97,EUR,auth_required,3D Secure authentication required,37,1,1831,25,10,63.66,0,,2024-08-04 17:55:00,train
TXN-CD63B3BFC48C,CUST-0360,80.03,GBP,temp_error,"Temporary processing error, please retry",47,2,1853,8,14,144.47,1,1.0,2024-09-25 23:47:00,test
TXN-FCB996826384,CUST-0316,159.83,USD,insufficient_funds,Card declined — insufficient funds,21,6,669,20,14,68.94,1,86.0,2024-05-28 04:36:00,train
TXN-62196073F0FB,CUST-0490,101.65,EUR,auth_required,SCA challenge required,50,5,1972,5,17,33.89,0,,2024-08-20 05:48:00,train
TXN-F3637ABD6682,CUST-0022,51.81,EUR,fraud_flag,Fraud prevention hold,35,5,330,5,11,52.71,0,,2024-11-10 15:06:00,test
TXN-0BC48F8D8844,CUST-0360,74.51,CAD,temp_error,Network error during authorization,4,2,1444,10,19,50.39,1,15.0,2024-12-26 15:20:00,train
TXN-0B7CCDCB2F7F,CUST-0416,16.15,USD,temp_error,Network error during authorization,59,9,1749,10,10,54.93,1,16.0,2024-05-07 13:38:00,train
TXN-121D2D71BA0F,CUST-0395,243.34,USD,temp_error,"Temporary processing error, please retry",56,8,37,27,7,273.93,1,5.0,2024-02-06 11:38:00,train
TXN-0FCE8C06F644,CUST-0158,133.86,USD,unknown,Generic decline,43,9,947,4,19,125.95,1,42.0,2024-08-20 11:43:00,train
TXN-9D281CA09720,CUST-0460,83.95,GBP,insufficient_funds,Decline: NSF,27,9,1170,14,7,91.91,1,121.0,2024-04-20 04:51:00,train
TXN-D1A45D2C71AF,CUST-0120,27.47,USD,fraud_flag,Suspected fraudulent activity — transaction blocked,58,1,1363,19,14,52.16,0,,2024-08-02 14:11:00,test
TXN-E0B66320D0B2,CUST-0306,167.41,USD,expired_card,Card has expired,41,9,1293,6,19,106.59,0,,2024-08-07 16:11:00,train
TXN-79B6F4B3B274,CUST-0364,21.54,USD,temp_error,"Temporary processing error, please retry",20,5,1530,25,19,21.89,1,18.0,2024-03-23 21:36:00,train
TXN-418A0FBE1E3C,CUST-0370,109.55,USD,temp_error,Network error during authorization,21,7,230,22,9,48.25,1,17.0,2024-10-12 17:09:00,train
TXN-6F00F621E7F4,CUST-0043,166.98,EUR,temp_error,Temporary bank unavailability,37,1,865,15,19,38.2,1,19.0,2024-10-09 14:56:00,train
TXN-FE13CCD9F4EB,CUST-0179,74.38,USD,expired_card,Expiration date is in the past,8,2,1914,19,11,52.67,1,149.0,2024-05-02 22:30:00,test
TXN-0C27BE77DEEE,CUST-0465,115.91,USD,insufficient_funds,Decline: NSF,32,1,1768,16,11,112.21,1,130.0,2024-03-23 21:48:00,train
TXN-2446ABBC1C7D,CUST-0246,74.85,EUR,insufficient_funds,Payment failed: low account balance,27,4,643,1,10,102.97,1,96.0,2024-12-30 02:15:00,train
TXN-9932070F3614,CUST-0140,38.69,EUR,insufficient_funds,Decline: NSF,34,7,1378,23,14,64.95,0,,2024-02-10 11:51:00,train
TXN-24D661CFA7D9,CUST-0027,59.83,EUR,temp_error,Network error during authorization,53,9,1136,24,13,59.15,1,5.0,2024-05-31 18:28:00,train
TXN-A8872ECE3321,CUST-0410,99.46,USD,temp_error,Gateway timeout,11,0,122,20,15,127.34,1,1.0,2024-11-04 12:15:00,test
TXN-5DF86D038CC8,CUST-0173,62.63,GBP,hard_decline,Card permanently blocked,0,1,1177,3,12,58.93,0,,2024-06-13 02:56:00,test
TXN-18A4CC1801BB,CUST-0131,115.84,USD,expired_card,Declined — expired card on file,22,3,1142,26,9,60.52,1,108.0,2024-06-24 19:50:00,train
TXN-87EA4DDD7919,CUST-0220,176.78,GBP,fraud_flag,Fraud prevention hold,5,2,852,12,20,49.64,0,,2024-01-11 14:16:00,train
TXN-FB4D2BBA00A7,CUST-0164,32.35,USD,temp_error,"Temporary processing error, please retry",52,3,105,8,15,75.75,1,6.0,2024-01-31 04:46:00,train
TXN-7E481A2C3A4C,CUST-0466,12.7,EUR,insufficient_funds,Card declined — insufficient funds,41,8,1775,8,12,21.3,1,97.0,2024-11-07 18:36:00,test
TXN-D54B439F88A1,CUST-0121,30.41,USD,expired_card,Declined — expired card on file,59,1,480,17,8,55.2,0,,2024-07-28 10:41:00,train
TXN-1429F6C6D746,CUST-0001,37.31,GBP,insufficient_funds,Payment failed: low account balance,58,5,1108,6,12,26.67,1,107.0,2024-04-09 22:39:00,train
TXN-B6893C3E18FA,CUST-0336,61.14,USD,insufficient_funds,Payment failed: low account balance,6,7,235,22,12,77.76,0,,2024-09-08 06:49:00,train
TXN-EC7C681FB642,CUST-0281,176.6,USD,unknown,Generic decline,50,8,776,12,12,41.06,1,40.0,2024-11-15 01:06:00,test
TXN-C1E68AB2FCC5,CUST-0301,97.86,USD,fraud_flag,Fraud prevention hold,53,3,809,22,16,59.82,0,,2024-04-22 02:00:00,test
TXN-136FC9763DAD,CUST-0210,78.13,EUR,temp_error,Temporary bank unavailability,21,4,522,17,6,167.76,1,6.0,2024-09-04 18:09:00,train
TXN-B03353433386,CUST-0317,49.88,USD,expired_card,Expiration date is in the past,14,0,57,3,6,31.95,0,,2024-09-02 18:48:00,train
TXN-251CD0D23AAC,CUST-0324,24.25,GBP,insufficient_funds,Not enough balance,5,6,851,26,14,49.54,1,86.0,2024-01-10 20:03:00,test
TXN-164590908B1B,CUST-0105,89.72,USD,temp_error,"Temporary processing error, please retry",15,7,1833,3,13,48.82,1,20.0,2024-06-13 11:20:00,train
TXN-E5F88F678CB2,CUST-0090,79.52,USD,auth_required,SCA challenge required,43,0,1890,11,19,32.31,1,24.0,2024-03-03 11:52:00,train
TXN-585FF702AE6B,CUST-0117,39.25,USD,insufficient_funds,Decline: NSF,4,7,116,28,18,39.74,1,130.0,2024-09-21 19:24:00,train
TXN-83D572F95702,CUST-0248,46.93,USD,expired_card,Declined — expired card on file,44,8,850,11,17,48.44,1,115.0,2024-07-25 10:36:00,train
TXN-B823DB8CC070,CUST-0361,146.48,GBP,hard_decline,Account closed,42,8,1286,3,11,21.09,0,,2024-01-06 20:39:00,train
TXN-B6E8B66A56A7,CUST-0455,105.32,EUR,insufficient_funds,Not enough balance,2,8,368,5,15,30.58,1,101.0,2024-12-04 07:44:00,train
TXN-801CA436E78C,CUST-0430,24.98,USD,expired_card,Card has expired,10,9,1742,9,10,42.17,1,88.0,2024-12-14 07:26:00,test
TXN-914FB45BF3F2,CUST-0152,36.03,GBP,fraud_flag,Suspected fraudulent activity — transaction blocked,47,3,1573,9,19,46.73,0,,2024-09-18 08:56:00,train
TXN-665D437EC5F9,CUST-0427,47.0,GBP,hard_decline,Invalid account number,25,7,1514,11,10,19.25,0,,2024-03-23 15:19:00,train
TXN-F5F460A6501A,CUST-0293,30.18,USD,fraud_flag,Fraud prevention hold,52,8,951,5,6,19.94,0,,2024-09-18 01:38:00,train
TXN-D03D9F686E20,CUST-0195,28.47,USD,fraud_flag,Fraud prevention hold,3,5,819,3,15,63.23,0,,2024-06-06 02:41:00,train
TXN-A72540BEF3AA,CUST-0169,206.78,GBP,temp_error,Processing system temporarily unavailable,56,5,1960,15,15,168.89,1,20.0,2024-09-26 20:06:00,train
TXN-CB5DF04F55C8,CUST-0496,125.29,AUD,insufficient_funds,Decline: NSF,32,8,1373,5,16,47.1,1,106.0,2024-07-02 20:49:00,test
TXN-4BC5ACCB9EE2,CUST-0024,75.46,USD,expired_card,Declined — expired card on file,50,6,47,5,15,54.69,0,,2024-01-31 13:40:00,train
TXN-8511734E3281,CUST-0357,151.91,USD,insufficient_funds,Payment failed: low account balance,23,7,737,18,11,91.52,1,120.0,2024-11-01 03:23:00,train
TXN-D1676DEB5036,CUST-0079,61.42,USD,expired_card,Declined — expired card on file,47,5,1335,17,8,147.17,0,,2024-12-15 21:36:00,train
TXN-50043EE6D85B,CUST-0019,55.59,EUR,temp_error,Gateway timeout,1,6,1038,12,7,27.2,1,23.0,2024-08-25 23:14:00,test
TXN-80B73AA84DE9,CUST-0424,15.77,CAD,insufficient_funds,Payment failed: low account balance,31,0,738,25,14,40.05,1,105.0,2024-09-20 22:41:00,train
TXN-F4C6C739F51D,CUST-0161,84.46,EUR,temp_error,Gateway timeout,29,5,1148,16,13,67.08,1,10.0,2024-11-02 19:10:00,train
TXN-1C187FB4FEB8,CUST-0393,67.02,USD,insufficient_funds,Not enough balance,13,5,1591,19,6,43.06,1,129.0,2024-08-15 13:37:00,train
TXN-3DFE4702A726,CUST-0111,17.83,CAD,expired_card,Expiration date is in the past,57,3,795,9,13,97.74,0,,2024-12-11 06:58:00,test
TXN-097877D10A59,CUST-0464,55.38,USD,temp_error,Gateway timeout,21,2,1880,18,9,37.47,1,12.0,2024-02-23 04:21:00,train
TXN-27A2D59972FD,CUST-0097,20.88,EUR,insufficient_funds,Insufficient funds in account,17,4,1303,21,16,52.56,0,,2024-06-25 20:52:00,train
TXN-510C4538A2F2,CUST-0027,39.89,USD,insufficient_funds,Not enough balance,17,4,91,5,18,39.6,1,106.0,2024-12-04 14:21:00,train
TXN-5C0155AA4D64,CUST-0208,23.25,USD,fraud_flag,Suspected fraudulent activity — transaction blocked,4,2,488,10,18,37.71,0,,2024-04-29 12:35:00,train
TXN-8B22BFA00739,CUST-0414,158.77,USD,hard_decline,Account closed,35,2,990,3,21,125.81,0,,2024-05-15 23:40:00,train
TXN-41FD69283ED2,CUST-0146,32.21,EUR,fraud_flag,Card flagged for unusual activity,45,2,749,7,19,46.73,0,,2024-08-14 07:16:00,train
TXN-B84BB504B7E5,CUST-0212,50.08,USD,expired_card,Expiration date is in the past,30,5,1266,6,13,83.31,0,,2024-08-24 23:30:00,test
TXN-B596CBC365CD,CUST-0164,86.32,EUR,expired_card,Expiration date is in the past,39,7,862,25,9,52.78,0,,2024-04-04 21:02:00,train
TXN-7D5C055874F6,CUST-0307,41.14,USD,temp_error,Temporary bank unavailability,36,8,1291,23,6,30.25,1,2.0,2024-02-02 11:53:00,train
TXN-2B6675A9E80C,CUST-0404,31.62,EUR,insufficient_funds,Card declined — insufficient funds,48,1,1166,25,19,193.9,1,87.0,2024-09-01 03:11:00,train
TXN-D20666431DC4,CUST-0099,80.56,USD,insufficient_funds,Insufficient funds in account,56,2,410,14,15,41.43,1,100.0,2024-04-05 11:01:00,train
TXN-8BB2AFEEFAC8,CUST-0055,29.58,EUR,insufficient_funds,Insufficient funds in account,3,0,212,6,16,106.49,1,92.0,2024-11-14 21:16:00,test
TXN-101E1233850B,CUST-0334,37.13,USD,unknown,Processor response unclear,56,2,1491,23,11,100.22,1,70.0,2024-03-18 11:56:00,train
TXN-050D3696054A,CUST-0388,192.91,EUR,expired_card,Card expiry passed,2,5,1449,2,20,111.22,1,91.0,2024-07-09 02:48:00,train
TXN-5168258F8A21,CUST-0078,112.71,GBP,insufficient_funds,Decline: NSF,14,2,1369,7,16,49.53,1,88.0,2024-09-02 01:50:00,train
TXN-DA10AFB04CCD,CUST-0144,8.22,EUR,temp_error,Temporary bank unavailability,19,4,1733,23,14,61.09,1,3.0,2024-10-14 10:19:00,train
TXN-640464266EEF,CUST-0137,41.35,CAD,expired_card,Declined — expired card on file,18,9,1741,8,19,88.71,0,,2024-02-06 23:15:00,train
TXN-E593EE027D9E,CUST-0236,42.07,USD,insufficient_funds,Payment failed: low account balance,0,2,1906,18,15,50.58,1,87.0,2024-03-15 13:34:00,train
TXN-F33CA63900A8,CUST-0489,55.66,CAD,temp_error,Temporary bank unavailability,5,4,336,3,12,24.17,1,4.0,2024-09-13 06:03:00,test
TXN-C5DBB977BBC7,CUST-0489,135.74,USD,auth_required,SCA challenge required,0,5,1995,9,21,37.69,1,69.0,2024-09-01 21:50:00,train
TXN-E8FC2335AB0D,CUST-0334,62.65,GBP,fraud_flag,Suspected fraudulent activity — transaction blocked,41,5,1367,25,10,70.22,0,,2024-02-11 21:29:00,train
TXN-C77589EDB102,CUST-0026,140.16,USD,hard_decline,Account closed,59,9,658,19,6,69.94,0,,2024-02-09 06:14:00,test
TXN-CD16911A2DFF,CUST-0449,35.44,USD,fraud_flag,Card flagged for unusual activity,20,2,217,17,15,14.86,0,,2024-08-27 11:15:00,train
TXN-DEBD890141A3,CUST-0127,211.1,CAD,fraud_flag,Fraud prevention hold,5,8,1112,9,10,74.4,0,,2024-12-27 06:35:00,test
TXN-559081F5D750,CUST-0146,27.97,USD,expired_card,Card has expired,45,8,335,16,9,34.19,0,,2024-02-20 08:19:00,train
TXN-68F60FBC60D9,CUST-0073,651.36,USD,auth_required,3D Secure authentication required,15,1,1593,24,12,24.0,0,,2024-03-01 07:07:00,train
TXN-1E69992671B7,CUST-0004,77.84,USD,insufficient_funds,Not enough balance,47,3,1088,3,20,32.69,1,121.0,2024-01-16 00:01:00,test
TXN-728074F51853,CUST-0472,114.65,USD,hard_decline,Account closed,22,4,211,10,7,31.67,0,,2024-07-03 22:36:00,train
TXN-FA26875070BD,CUST-0425,154.68,USD,hard_decline,Do not honor,54,9,828,10,13,24.22,0,,2024-07-07 09:55:00,train
TXN-5CDF47AA7AFC,CUST-0186,80.99,GBP,expired_card,Expiration date is in the past,6,6,512,6,18,38.43,0,,2024-12-12 11:20:00,train
TXN-DC23504E24BF,CUST-0438,137.59,EUR,temp_error,Network error during authorization,3,1,455,23,10,57.62,1,5.0,2024-01-22 05:02:00,train
TXN-635D49D52A2C,CUST-0090,42.81,GBP,insufficient_funds,Not enough balance,11,5,807,12,14,65.12,1,89.0,2024-12-09 19:25:00,train
TXN-164FE130D60B,CUST-0164,18.53,USD,insufficient_funds,Insufficient funds in account,6,5,111,24,10,11.92,0,,2024-02-13 08:21:00,train
TXN-6608846764C6,CUST-0187,76.37,USD,insufficient_funds,Payment failed: low account balance,17,9,318,19,7,50.11,1,90.0,2024-09-19 11:21:00,train
TXN-38B2CDECE376,CUST-0296,32.92,USD,unknown,Generic decline,56,7,837,12,20,80.76,1,40.0,2024-03-07 02:31:00,train
TXN-FC05A39E1FCA,CUST-0381,230.94,USD,unknown,Error code: 05,34,1,505,16,12,54.98,0,,2024-03-24 14:05:00,test
TXN-64E5C57939E4,CUST-0341,61.35,EUR,insufficient_funds,Not enough balance,26,0,629,23,11,67.69,0,,2024-07-04 04:57:00,train
TXN-D5DD9BF1AC2D,CUST-0056,81.8,USD,hard_decline,Card permanently blocked,31,7,1186,1,7,29.15,0,,2024-08-02 13:22:00,test
TXN-F986621164FF,CUST-0236,43.41,GBP,insufficient_funds,Not enough balance,12,4,1509,16,21,20.69,1,116.0,2024-05-09 15:42:00,train
TXN-C6CFEB85F864,CUST-0188,41.91,USD,temp_error,Processing system temporarily unavailable,37,8,1304,8,9,96.44,1,2.0,2024-09-03 23:36:00,train
TXN-6E61259C8F53,CUST-0025,192.43,GBP,hard_decline,Account closed,43,8,1034,15,17,53.28,0,,2024-05-12 16:15:00,train
TXN-E2DC584A4AA4,CUST-0406,67.58,USD,insufficient_funds,Decline: NSF,18,5,879,28,9,28.95,1,92.0,2024-01-18 06:27:00,train
TXN-96AE0F927E45,CUST-0107,145.11,EUR,temp_error,"Temporary processing error, please retry",34,1,222,16,10,56.84,1,13.0,2024-08-31 19:00:00,train
TXN-B1E07013275F,CUST-0362,55.04,USD,expired_card,Declined — expired card on file,2,6,1576,10,7,67.74,1,150.0,2024-09-08 09:16:00,train
TXN-8BC5930C5EE8,CUST-0341,82.08,USD,insufficient_funds,Not enough balance,51,5,1116,27,9,32.85,1,103.0,2024-07-20 03:39:00,test
TXN-255DD1FD76BC,CUST-0348,66.49,CAD,temp_error,"Temporary processing error, please retry",12,1,1582,6,20,47.09,1,15.0,2024-04-21 04:24:00,train
TXN-21972134F343,CUST-0370,211.21,EUR,insufficient_funds,Payment failed: low account balance,45,7,1100,14,11,62.53,0,,2024-07-27 12:20:00,train
TXN-D9BD4F2B4769,CUST-0066,120.61,USD,auth_required,Additional verification required by issuing bank,1,4,1843,4,12,42.37,1,40.0,2024-06-23 09:25:00,train
TXN-74D67C174BBE,CUST-0239,66.21,EUR,insufficient_funds,Decline: NSF,36,5,654,5,18,51.71,1,128.0,2024-08-13 14:51:00,train
TXN-03ABD0E3EB52,CUST-0016,92.59,EUR,temp_error,Network error during authorization,31,7,456,7,21,38.31,1,16.0,2024-05-04 21:14:00,train
TXN-2A00490FEF84,CUST-0208,25.24,USD,temp_error,Temporary bank unavailability,19,2,1805,24,19,51.07,1,4.0,2024-01-23 06:32:00,train
TXN-2C5936824386,CUST-0082,11.34,EUR,fraud_flag,Security flag triggered by issuer,22,6,37,2,12,72.67,0,,2024-01-06 19:13:00,train
TXN-A3353E8B8D97,CUST-0062,26.13,USD,insufficient_funds,Decline: NSF,14,9,1893,19,7,68.38,0,,2024-09-05 10:01:00,train
TXN-7F56DD8A5018,CUST-0393,70.45,EUR,auth_required,SCA challenge required,6,1,1952,12,20,76.42,1,64.0,2024-10-20 07:13:00,train
TXN-81B478B580A6,CUST-0489,154.63,USD,temp_error,"Temporary processing error, please retry",0,5,483,28,6,76.14,1,18.0,2024-05-31 15:42:00,train
TXN-4356BB11F833,CUST-0150,9.41,EUR,insufficient_funds,Insufficient funds in account,3,8,1655,13,6,23.18,1,129.0,2024-12-10 18:20:00,train
TXN-181178D18F2B,CUST-0382,26.64,AUD,temp_error,Gateway timeout,25,2,559,16,6,39.17,1,19.0,2024-03-03 23:50:00,train
TXN-CC8117E1D3D7,CUST-0172,26.24,USD,unknown,Generic decline,53,5,246,19,18,110.16,0,,2024-07-22 01:38:00,train
TXN-BF32B1AC8FB3,CUST-0089,54.97,EUR,temp_error,Gateway timeout,7,4,1031,4,14,85.53,1,7.0,2024-10-08 06:33:00,train
TXN-118E7855BB37,CUST-0134,39.55,AUD,insufficient_funds,Payment failed: low account balance,23,4,1304,15,14,66.87,1,131.0,2024-05-21 10:00:00,train
TXN-C8D77DEDEB08,CUST-0236,67.14,EUR,auth_required,Additional verification required by issuing bank,48,1,1917,13,13,94.59,1,72.0,2024-03-09 01:14:00,train
TXN-D7C42E3142B9,CUST-0091,49.68,USD,insufficient_funds,Card declined — insufficient funds,12,1,1209,14,17,23.26,1,85.0,2024-01-05 17:28:00,train
TXN-D67C598DD1B9,CUST-0356,42.13,USD,fraud_flag,Card flagged for unusual activity,48,6,1883,14,6,30.12,0,,2024-02-05 00:13:00,train
TXN-EAEB7B69ABE6,CUST-0457,51.71,AUD,auth_required,Additional verification required by issuing bank,53,7,1134,23,18,35.05,1,26.0,2024-01-27 00:26:00,train
TXN-1ECC48F3AB2B,CUST-0478,23.39,AUD,temp_error,Temporary bank unavailability,5,4,1961,22,13,66.37,1,4.0,2024-06-24 16:01:00,train
TXN-1CE8169CE1D3,CUST-0385,132.81,USD,expired_card,Expiration date is in the past,27,6,1037,15,12,52.78,0,,2024-05-18 17:48:00,train
TXN-5E841A236D63,CUST-0055,23.83,USD,expired_card,Card expiry passed,48,7,1871,6,8,53.34,0,,2024-10-06 22:06:00,train
TXN-FD2581B8C756,CUST-0347,22.45,CAD,temp_error,"Temporary processing error, please retry",3,3,861,19,11,70.99,1,23.0,2024-01-09 23:29:00,train
TXN-24B6BBB3994F,CUST-0471,54.76,AUD,fraud_flag,Security flag triggered by issuer,54,9,565,22,8,20.42,0,,2024-02-02 09:59:00,train
TXN-520455105CBF,CUST-0003,90.66,AUD,fraud_flag,Security flag triggered by issuer,39,1,1833,3,12,86.68,0,,2024-06-23 16:23:00,train
TXN-757E5276D8AA,CUST-0054,13.39,USD,insufficient_funds,Decline: NSF,39,8,1375,28,17,66.16,1,117.0,2024-08-26 22:59:00,train
TXN-2C9122636763,CUST-0391,51.46,GBP,insufficient_funds,Decline: NSF,31,6,858,9,15,70.57,1,129.0,2024-06-28 02:44:00,train
TXN-56C033D738D3,CUST-0499,32.16,EUR,temp_error,Gateway timeout,46,1,314,24,8,111.64,1,2.0,2024-03-06 01:03:00,train
TXN-E5F4DC8FC671,CUST-0068,40.06,GBP,expired_card,Card expiry passed,28,0,1681,25,15,39.51,0,,2024-03-16 09:26:00,train
TXN-0A0158AA7DEE,CUST-0213,57.6,CAD,temp_error,Processing system temporarily unavailable,14,0,540,10,19,17.58,1,22.0,2024-11-14 03:09:00,train
TXN-556CB33B9778,CUST-0216,127.11,EUR,insufficient_funds,Payment failed: low account balance,51,0,680,24,21,50.93,1,110.0,2024-09-07 10:09:00,train
TXN-BE900969E331,CUST-0248,40.36,USD,insufficient_funds,Decline: NSF,6,9,1911,5,15,104.93,1,103.0,2024-04-09 03:43:00,train
TXN-7894FEF0C9A4,CUST-0005,29.3,USD,auth_required,Strong customer authentication needed,0,8,1393,8,13,57.03,1,57.0,2024-03-31 04:34:00,test
TXN-B96FD6701373,CUST-0284,58.3,EUR,insufficient_funds,Card declined — insufficient funds,9,6,855,6,10,168.01,1,130.0,2024-08-23 14:37:00,train
TXN-17188CC289C7,CUST-0142,208.83,USD,temp_error,Processing system temporarily unavailable,36,5,151,9,9,30.94,1,3.0,2024-09-10 21:27:00,train
TXN-9B380A1A5D01,CUST-0313,26.45,AUD,expired_card,Card has expired,31,0,1755,28,9,71.11,1,97.0,2024-05-01 02:40:00,train
TXN-B17185DB0DD0,CUST-0453,130.0,USD,temp_error,Temporary bank unavailability,12,7,1898,28,11,22.64,1,16.0,2024-02-09 15:28:00,test
TXN-32EB5EE1EE10,CUST-0478,38.15,EUR,expired_card,Expiration date is in the past,54,3,1499,22,9,50.08,1,148.0,2024-11-17 23:49:00,train
TXN-AC071B011C1E,CUST-0492,23.28,USD,auth_required,Additional verification required by issuing bank,43,1,1207,7,6,62.62,1,57.0,2024-07-11 17:00:00,train
TXN-3C7A741C9FE2,CUST-0353,221.76,CAD,unknown,Error code: 05,14,6,367,19,21,23.81,0,,2024-04-13 19:14:00,train
TXN-35494E199F8E,CUST-0499,38.54,USD,expired_card,Card has expired,45,3,1835,4,10,192.46,0,,2024-09-09 05:17:00,train
TXN-FDE8EDF97C6D,CUST-0152,22.3,USD,insufficient_funds,Insufficient funds in account,1,2,1922,6,18,59.24,0,,2024-11-28 11:14:00,train
TXN-158D5109E8FE,CUST-0165,37.63,AUD,auth_required,Strong customer authentication needed,33,7,1438,17,12,87.46,0,,2024-04-23 21:27:00,test
TXN-9CD96DE63619,CUST-0369,35.89,USD,expired_card,Declined — expired card on file,27,3,1018,20,11,85.41,1,152.0,2024-06-12 03:13:00,test
TXN-A0C49013F51F,CUST-0243,52.78,USD,insufficient_funds,Insufficient funds in account,19,1,356,19,21,47.22,1,115.0,2024-06-26 19:20:00,train
TXN-8A0B2494E6E9,CUST-0031,38.83,GBP,insufficient_funds,Insufficient funds in account,18,7,1403,27,14,45.57,1,115.0,2024-09-07 00:08:00,train
TXN-7A8BCEFED25E,CUST-0323,50.79,USD,unknown,Unknown decline code from processor,56,5,976,9,6,70.95,0,,2024-05-23 12:24:00,train
TXN-7EC593BBAC8C,CUST-0446,178.74,USD,expired_card,Declined — expired card on file,36,3,950,8,17,89.16,0,,2024-02-25 14:52:00,train
TXN-9D1016399121,CUST-0332,101.27,CAD,temp_error,Processing system temporarily unavailable,1,7,629,12,6,20.27,1,14.0,2024-03-15 20:55:00,train
TXN-9844B77CE1D9,CUST-0147,54.3,EUR,unknown,Generic decline,47,7,65,25,20,42.09,1,46.0,2024-09-19 09:42:00,train
TXN-CF79B509932E,CUST-0304,112.69,USD,expired_card,Card expiry passed,42,0,1853,25,17,76.36,0,,2024-03-19 07:56:00,train
TXN-CF0A93A1735B,CUST-0181,20.57,EUR,insufficient_funds,Card declined — insufficient funds,13,9,1800,3,6,107.34,1,109.0,2024-03-13 15:06:00,train
TXN-6B56CC026FF7,CUST-0058,121.14,GBP,expired_card,Declined — expired card on file,38,2,975,3,20,46.98,1,89.0,2024-10-06 23:39:00,test
TXN-01059FA6E1A7,CUST-0219,36.43,USD,insufficient_funds,Payment failed: low account balance,36,7,752,23,14,37.32,1,111.0,2024-04-04 23:47:00,test
TXN-198F7B781F5B,CUST-0203,29.52,EUR,insufficient_funds,Card declined — insufficient funds,7,6,1830,1,10,33.97,1,119.0,2024-07-26 22:01:00,train
TXN-004AAB31AB30,CUST-0436,79.45,USD,insufficient_funds,Insufficient funds in account,47,7,1286,27,13,33.81,0,,2024-03-05 14:03:00,train
TXN-F9CA2CF2E867,CUST-0082,29.27,USD,expired_card,Card expiry passed,15,9,277,6,15,30.76,0,,2024-04-18 13:33:00,train
TXN-EDB5A4186526,CUST-0289,45.25,CAD,temp_error,Temporary bank unavailability,19,7,758,18,12,18.39,1,12.0,2024-01-01 22:30:00,train
TXN-0CE581F1F1A2,CUST-0000,76.86,USD,auth_required,SCA challenge required,36,6,1327,17,15,72.13,0,,2024-04-25 12:38:00,train
TXN-B49912302970,CUST-0257,130.79,GBP,expired_card,Card expiry passed,31,2,876,11,20,47.47,0,,2024-12-26 20:38:00,train
TXN-AD9AA47D0BA9,CUST-0091,23.82,USD,unknown,Error code: 05,8,1,200,28,21,80.95,1,66.0,2024-09-05 21:33:00,train
TXN-F2FBF698098B,CUST-0232,82.96,USD,expired_card,Expiration date is in the past,23,0,1108,23,20,26.78,1,75.0,2024-03-04 16:27:00,train
TXN-40670117F9E7,CUST-0088,18.05,GBP,insufficient_funds,Payment failed: low account balance,23,8,1242,9,7,58.69,0,,2024-11-18 23:06:00,train
TXN-351A4E7A341E,CUST-0021,40.34,GBP,insufficient_funds,Card declined — insufficient funds,4,8,1331,18,21,293.07,1,79.0,2024-01-18 01:26:00,train
TXN-9CFD90050ABC,CUST-0194,28.81,EUR,insufficient_funds,Insufficient funds in account,3,3,280,28,13,43.71,1,118.0,2024-10-21 19:28:00,train
TXN-26DA192D50EF,CUST-0338,36.06,USD,expired_card,Expiration date is in the past,31,3,1028,21,10,62.85,0,,2024-12-26 15:33:00,train
TXN-F387A677FDBB,CUST-0214,217.89,USD,insufficient_funds,Decline: NSF,41,1,1923,12,17,118.23,1,126.0,2024-01-28 09:38:00,train
TXN-A64FBEA22F17,CUST-0082,118.52,CAD,expired_card,Declined — expired card on file,42,3,1694,22,15,23.89,0,,2024-11-24 10:04:00,train
TXN-B53CB1B39321,CUST-0327,35.94,USD,temp_error,Temporary bank unavailability,48,2,1441,19,9,251.35,1,3.0,2024-03-14 04:08:00,train
TXN-02C9343D9866,CUST-0291,189.0,USD,temp_error,Gateway timeout,48,6,296,8,20,70.52,1,8.0,2024-11-23 17:57:00,train
TXN-E1A1B127C582,CUST-0150,9.17,USD,temp_error,Processing system temporarily unavailable,40,1,1263,9,7,151.33,1,9.0,2024-01-04 08:02:00,test
TXN-99050C8337EF,CUST-0412,84.0,USD,unknown,Payment declined — reason not specified,39,2,745,2,20,14.78,1,61.0,2024-07-13 09:25:00,train
TXN-89DDAC300ED6,CUST-0153,273.54,USD,hard_decline,Card reported lost or stolen,53,2,717,13,20,64.46,0,,2024-04-26 23:25:00,train
TXN-078D52E3FDDF,CUST-0335,44.93,USD,expired_card,Declined — expired card on file,38,8,552,25,21,62.56,1,113.0,2024-08-25 03:49:00,train
TXN-91531C10FDA9,CUST-0150,21.28,USD,insufficient_funds,Insufficient funds in account,54,8,703,2,7,111.75,1,93.0,2024-07-27 08:00:00,train
TXN-2FF21F5B1FE4,CUST-0061,117.99,CAD,expired_card,Declined — expired card on file,28,9,105,28,6,44.3,0,,2024-01-27 06:25:00,train
TXN-701CA9AD530B,CUST-0426,92.37,USD,temp_error,Network error during authorization,49,1,1837,16,8,42.25,1,13.0,2024-06-28 14:18:00,test
TXN-28A2649E4C3E,CUST-0381,69.76,EUR,expired_card,Card has expired,22,9,313,14,14,39.09,0,,2024-06-28 11:19:00,train
TXN-173C0C635987,CUST-0340,126.62,EUR,insufficient_funds,Not enough balance,39,4,1973,24,17,55.48,1,89.0,2024-10-21 07:21:00,train
TXN-59E7A8917832,CUST-0048,32.38,GBP,auth_required,3D Secure authentication required,54,4,1415,5,8,75.88,1,52.0,2024-09-15 08:55:00,train
TXN-F267280E96D1,CUST-0189,33.77,GBP,insufficient_funds,Payment failed: low account balance,38,1,1807,11,16,67.16,1,90.0,2024-01-28 02:01:00,train
TXN-C0CDBD93239E,CUST-0150,25.56,USD,auth_required,SCA challenge required,5,8,1673,21,9,63.81,1,41.0,2024-10-16 05:53:00,train
TXN-EB8F469DE624,CUST-0127,95.17,USD,fraud_flag,Fraud prevention hold,45,7,297,6,17,114.34,0,,2024-09-20 08:59:00,train
TXN-8A5605178450,CUST-0137,15.71,CAD,expired_card,Card expiry passed,48,5,1566,25,18,127.4,1,143.0,2024-10-17 11:01:00,test
TXN-85489F4A34EC,CUST-0356,127.08,USD,fraud_flag,Fraud prevention hold,58,3,447,27,11,118.83,0,,2024-08-14 13:30:00,train
TXN-7E82BB1BB16A,CUST-0233,48.87,USD,expired_card,Expiration date is in the past,39,4,1508,4,11,103.3,0,,2024-04-03 11:47:00,train
TXN-47A2A2498980,CUST-0236,99.3,USD,fraud_flag,Security flag triggered by issuer,43,5,555,13,20,66.05,0,,2024-10-16 20:12:00,train
TXN-3850C3A77F37,CUST-0402,91.46,USD,insufficient_funds,Not enough balance,19,7,1852,22,14,18.49,1,88.0,2024-02-14 12:35:00,train
TXN-B27F8FA93CFD,CUST-0242,53.3,GBP,temp_error,Network error during authorization,57,0,1704,19,13,50.1,1,3.0,2024-12-07 04:50:00,train
TXN-815ADBE74A68,CUST-0030,83.65,GBP,temp_error,"Temporary processing error, please retry",53,1,980,9,6,78.4,1,9.0,2024-03-01 15:52:00,train
TXN-F257D7D704DC,CUST-0054,24.79,GBP,unknown,Generic decline,22,9,1002,5,13,29.0,0,,2024-12-17 11:52:00,train
TXN-D723CE543B64,CUST-0109,85.41,AUD,insufficient_funds,Card declined — insufficient funds,14,8,1247,14,7,118.31,1,96.0,2024-02-20 12:47:00,test
TXN-58BF141D41F5,CUST-0092,100.54,USD,expired_card,Card expiry passed,58,5,681,19,7,62.58,1,132.0,2024-02-27 20:54:00,train
TXN-182F1E862F10,CUST-0318,88.57,CAD,auth_required,Additional verification required by issuing bank,26,3,1410,9,6,81.51,0,,2024-03-20 10:21:00,train
TXN-C85F211AB042,CUST-0019,108.46,AUD,fraud_flag,Security flag triggered by issuer,47,0,33,9,17,241.12,0,,2024-03-01 19:50:00,train
TXN-72ECF69422A5,CUST-0252,43.78,USD,fraud_flag,Card flagged for unusual activity,24,5,1417,11,11,38.85,0,,2024-12-26 04:23:00,train
TXN-A9E45254AA5F,CUST-0422,185.81,USD,auth_required,Additional verification required by issuing bank,41,1,667,25,16,15.98,1,37.0,2024-03-09 23:35:00,train
TXN-22FC86511E9B,CUST-0101,43.95,USD,expired_card,Card expiry passed,39,9,1217,11,10,52.25,0,,2024-10-27 17:52:00,train
TXN-F5240331426A,CUST-0065,23.59,EUR,temp_error,Temporary bank unavailability,39,3,967,1,15,45.61,1,8.0,2024-09-12 17:32:00,test
TXN-40550085839B,CUST-0011,53.44,USD,insufficient_funds,Insufficient funds in account,48,5,322,3,12,104.19,1,91.0,2024-08-04 19:22:00,train
TXN-1394013D09F6,CUST-0385,492.04,EUR,expired_card,Expiration date is in the past,38,3,208,10,15,97.95,0,,2024-09-14 19:50:00,train
TXN-64C64058CDF1,CUST-0395,148.44,USD,auth_required,Strong customer authentication needed,5,6,1724,23,6,79.59,1,29.0,2024-05-28 21:37:00,train
TXN-C8322024B30B,CUST-0043,56.48,EUR,unknown,Unknown decline code from processor,12,1,494,13,17,41.77,0,,2024-03-27 11:42:00,train
TXN-40013AED954D,CUST-0264,8.7,USD,hard_decline,Account closed,15,9,230,4,19,57.35,0,,2024-01-16 21:58:00,test
TXN-58A4FE882DEB,CUST-0189,20.83,EUR,insufficient_funds,Insufficient funds in account,0,4,1222,25,18,91.43,1,96.0,2024-01-23 06:27:00,train
TXN-69D937F14461,CUST-0353,99.87,USD,auth_required,3D Secure authentication required,52,8,1488,12,15,31.68,0,,2024-03-05 19:47:00,train
TXN-BE59830F8E3C,CUST-0398,19.95,EUR,insufficient_funds,Card declined — insufficient funds,22,8,1837,12,11,117.77,1,102.0,2024-05-03 11:38:00,train
TXN-813EF3C6781B,CUST-0082,82.46,USD,expired_card,Card expiry passed,31,1,925,25,14,48.75,1,108.0,2024-02-29 15:08:00,train
TXN-BAB45EFAA711,CUST-0065,84.73,GBP,expired_card,Declined — expired card on file,25,6,1099,26,21,55.32,1,131.0,2024-03-11 15:48:00,train
TXN-8E09A6814F4C,CUST-0265,78.7,CAD,temp_error,"Temporary processing error, please retry",56,7,994,10,21,25.12,1,18.0,2024-11-14 19:45:00,train
TXN-AE7EAEBCF3AA,CUST-0194,37.58,USD,temp_error,Processing system temporarily unavailable,6,2,1889,27,17,36.03,1,8.0,2024-08-24 13:11:00,train
TXN-E29D5CBA09C8,CUST-0171,25.73,USD,temp_error,Network error during authorization,56,4,1211,26,19,62.22,1,8.0,2024-05-30 18:08:00,test
TXN-E32229B1E9EE,CUST-0382,65.4,EUR,unknown,Processor response unclear,25,5,1872,5,17,38.32,1,41.0,2024-12-30 09:58:00,test
TXN-7C822148C8E1,CUST-0245,119.78,USD,fraud_flag,Suspected fraudulent activity — transaction blocked,45,0,1352,11,15,84.73,0,,2024-08-18 00:00:00,train
TXN-AE9359E7F7C9,CUST-0079,18.63,USD,temp_error,Network error during authorization,41,7,1125,7,9,61.42,1,11.0,2024-08-04 13:02:00,train
TXN-DBF4FEF767F6,CUST-0403,15.8,USD,temp_error,Temporary bank unavailability,25,1,343,14,21,88.44,1,22.0,2024-06-14 21:12:00,train
TXN-9EF9D7B80B0B,CUST-0066,107.6,EUR,hard_decline,Do not honor,12,3,1252,17,20,36.14,0,,2024-10-24 20:02:00,train
TXN-51A2FF041E4C,CUST-0283,66.6,USD,hard_decline,Account closed,52,9,1302,14,16,36.42,0,,2024-09-30 23:56:00,train
TXN-09B55A1F83EE,CUST-0343,34.56,EUR,hard_decline,Invalid account number,30,0,18,5,18,33.23,0,,2024-06-09 06:18:00,train
TXN-3321289E5FFF,CUST-0344,24.47,USD,insufficient_funds,Card declined — insufficient funds,56,5,1649,4,12,34.76,1,98.0,2024-05-29 20:26:00,train
TXN-9A959222263D,CUST-0383,93.19,USD,temp_error,Gateway timeout,15,3,1343,3,18,41.41,1,5.0,2024-02-28 01:46:00,train
TXN-D7FD66A31ABF,CUST-0026,58.28,USD,temp_error,Temporary bank unavailability,47,7,1592,15,6,29.27,1,22.0,2024-03-23 19:38:00,train
TXN-781E034C88C2,CUST-0323,18.5,USD,fraud_flag,Suspected fraudulent activity — transaction blocked,34,4,489,2,15,30.19,0,,2024-08-22 16:40:00,test
TXN-2B4C0BC45C57,CUST-0105,151.36,USD,unknown,Generic decline,40,2,1871,2,20,156.34,1,60.0,2024-04-22 00:12:00,train
TXN-0DBC655AA4A4,CUST-0308,76.85,EUR,insufficient_funds,Not enough balance,0,8,1069,28,7,39.74,1,99.0,2024-10-22 03:55:00,train
TXN-AEFDAF879D35,CUST-0335,75.09,EUR,insufficient_funds,Card declined — insufficient funds,59,1,1477,27,20,60.45,1,111.0,2024-06-07 12:00:00,train
TXN-57A933904D8A,CUST-0430,159.07,GBP,insufficient_funds,Card declined — insufficient funds,54,4,403,19,17,30.48,1,69.0,2024-07-19 08:28:00,train
TXN-F132D0355D57,CUST-0450,83.2,USD,expired_card,Card expiry passed,0,3,1097,4,7,39.74,0,,2024-03-01 06:49:00,test
TXN-3C70A0DDBEA9,CUST-0264,112.18,USD,unknown,Error code: 05,8,4,1871,5,18,120.46,0,,2024-11-22 06:20:00,train
TXN-CA547D278B46,CUST-0017,55.03,USD,temp_error,Temporary bank unavailability,51,6,1606,3,12,30.95,1,15.0,2024-11-09 12:13:00,train
TXN-4EB690720DA0,CUST-0469,68.38,USD,fraud_flag,Card flagged for unusual activity,8,1,1823,9,19,32.05,0,,2024-10-24 23:30:00,test
TXN-3351FDE44261,CUST-0424,91.14,USD,temp_error,Processing system temporarily unavailable,16,7,290,1,8,42.4,1,8.0,2024-09-30 16:42:00,test
TXN-B24295E6BA76,CUST-0364,80.36,USD,auth_required,Additional verification required by issuing bank,0,1,1148,16,21,46.94,1,24.0,2024-10-04 06:53:00,train
TXN-D799F7184CB9,CUST-0490,39.05,GBP,insufficient_funds,Decline: NSF,13,2,88,7,8,29.48,1,95.0,2024-06-05 13:32:00,test
TXN-56D775A2A370,CUST-0494,149.41,USD,temp_error,Network error during authorization,19,6,1608,19,6,69.6,1,21.0,2024-09-06 21:01:00,train
TXN-E86C2F3618B5,CUST-0377,129.22,USD,insufficient_funds,Not enough balance,10,1,1134,3,21,49.67,1,122.0,2024-05-14 04:56:00,train
TXN-90E7C87DBDC9,CUST-0013,38.04,USD,insufficient_funds,Payment failed: low account balance,58,0,1627,18,7,66.81,1,128.0,2024-10-30 18:45:00,train
TXN-FB3C567C95E2,CUST-0332,58.6,USD,expired_card,Expiration date is in the past,23,7,1244,20,7,50.41,0,,2024-01-05 21:01:00,train
TXN-9FE58FEA8FEC,CUST-0132,140.35,USD,fraud_flag,Fraud prevention hold,13,5,1493,11,11,53.23,0,,2024-02-29 23:03:00,train
TXN-B86AE1664EA6,CUST-0073,24.26,EUR,insufficient_funds,Payment failed: low account balance,37,1,1471,17,6,46.42,1,88.0,2024-05-28 23:56:00,train
TXN-5627E6ADC4F0,CUST-0053,72.93,USD,insufficient_funds,Card declined — insufficient funds,41,1,1547,9,15,117.09,0,,2024-06-24 13:49:00,test
TXN-2C7F8C522336,CUST-0333,265.96,USD,expired_card,Expiration date is in the past,48,8,149,16,9,44.66,1,137.0,2024-11-17 08:17:00,test
TXN-F956CBA35D5C,CUST-0008,248.79,USD,insufficient_funds,Payment failed: low account balance,24,2,1989,15,12,64.12,1,121.0,2024-12-08 01:56:00,test
TXN-1A2FFF5CD284,CUST-0025,5.0,USD,auth_required,3D Secure authentication required,56,3,1277,25,14,157.71,1,51.0,2024-05-16 03:17:00,test
TXN-8059EEDF8ABF,CUST-0340,83.54,USD,insufficient_funds,Not enough balance,7,8,1840,4,17,141.72,0,,2024-04-16 12:30:00,train
TXN-A8EC9022E815,CUST-0430,23.9,AUD,insufficient_funds,Card declined — insufficient funds,57,0,1303,21,14,15.28,1,104.0,2024-07-31 00:51:00,train
TXN-CF41F8C048B0,CUST-0455,29.39,EUR,auth_required,Additional verification required by issuing bank,16,5,1769,24,15,84.21,0,,2024-06-02 16:57:00,test
TXN-9B7ECD69111A,CUST-0338,241.43,AUD,insufficient_funds,Card declined — insufficient funds,17,1,477,27,18,84.41,1,92.0,2024-04-30 11:22:00,test
TXN-8AE65085456A,CUST-0468,219.12,USD,insufficient_funds,Decline: NSF,0,9,1889,8,16,109.47,0,,2024-11-17 14:59:00,train
TXN-D76890481542,CUST-0090,32.8,EUR,insufficient_funds,Insufficient funds in account,50,9,1062,4,19,155.53,1,89.0,2024-04-18 05:43:00,train
TXN-4A4C80CAB3BA,CUST-0332,23.77,AUD,temp_error,"Temporary processing error, please retry",30,3,14,16,6,97.35,1,1.0,2024-12-01 03:35:00,train
TXN-AD9485C9C9B3,CUST-0317,27.79,EUR,expired_card,Card has expired,35,1,121,22,9,83.43,0,,2024-08-02 03:32:00,train
TXN-A30A0A1E5E9C,CUST-0345,18.25,USD,expired_card,Card has expired,31,6,521,14,17,18.96,1,142.0,2024-12-02 00:45:00,test
TXN-6FA8F65BD8D2,CUST-0026,78.79,USD,insufficient_funds,Decline: NSF,19,7,1624,28,13,57.3,1,131.0,2024-02-09 08:38:00,train
TXN-51E0DC834A25,CUST-0132,111.98,USD,expired_card,Declined — expired card on file,30,2,319,27,12,68.19,0,,2024-01-17 21:15:00,train
TXN-F3C7F2328CC0,CUST-0034,22.58,GBP,insufficient_funds,Card declined — insufficient funds,24,0,427,10,19,22.08,1,122.0,2024-05-25 18:42:00,test
TXN-466F7E89828B,CUST-0483,70.14,USD,insufficient_funds,Decline: NSF,49,9,97,3,11,47.78,1,104.0,2024-06-07 08:18:00,test
TXN-0D92BC8C961C,CUST-0131,97.16,USD,auth_required,SCA challenge required,27,9,578,11,18,98.12,0,,2024-05-07 21:15:00,train
TXN-A8D7E0228979,CUST-0422,21.84,USD,temp_error,Temporary bank unavailability,30,3,146,2,6,26.85,1,3.0,2024-03-18 14:25:00,train
TXN-D867F8677965,CUST-0467,107.5,USD,expired_card,Card expiry passed,21,0,373,23,17,170.89,1,91.0,2024-08-19 00:59:00,train
TXN-2D6AFA8A7693,CUST-0347,194.39,USD,expired_card,Card has expired,14,6,990,18,15,20.17,0,,2024-04-04 02:11:00,train
TXN-B4C130DD7CD2,CUST-0289,94.98,EUR,temp_error,"Temporary processing error, please retry",22,7,14,6,6,128.43,1,16.0,2024-06-24 10:57:00,train
TXN-1D8C38E39D7A,CUST-0232,189.57,USD,hard_decline,Account closed,1,1,1143,2,12,97.93,0,,2024-12-06 20:00:00,test
TXN-E51809B35F49,CUST-0007,27.98,EUR,insufficient_funds,Decline: NSF,21,1,408,15,21,39.5,1,118.0,2024-08-17 13:59:00,train
TXN-97EDEA39CFFA,CUST-0005,95.79,USD,hard_decline,Card permanently blocked,45,0,862,4,10,63.37,0,,2024-01-13 12:37:00,train
TXN-25F01D87D071,CUST-0228,21.71,CAD,fraud_flag,Fraud prevention hold,26,8,1823,19,20,146.6,0,,2024-10-19 04:44:00,train
TXN-508CA0198243,CUST-0097,53.32,EUR,hard_decline,Card permanently blocked,7,2,1017,28,12,189.34,0,,2024-12-18 00:13:00,train
TXN-56D8DDC7C356,CUST-0357,47.89,USD,unknown,Error code: 05,11,8,214,28,14,90.56,1,42.0,2024-04-08 03:17:00,train
TXN-08D61AFCF322,CUST-0272,84.86,GBP,fraud_flag,Suspected fraudulent activity — transaction blocked,55,2,366,18,13,46.53,0,,2024-08-16 08:34:00,train
TXN-E2235C47825B,CUST-0130,82.91,USD,insufficient_funds,Card declined — insufficient funds,16,1,1740,19,13,59.59,1,114.0,2024-06-15 20:00:00,train
TXN-29C0629D08AC,CUST-0274,233.96,USD,temp_error,Gateway timeout,14,6,268,26,20,97.06,1,5.0,2024-03-13 00:24:00,train
TXN-C7A97606CD9A,CUST-0267,95.74,USD,insufficient_funds,Payment failed: low account balance,36,7,1851,8,10,72.27,1,121.0,2024-06-20 22:44:00,train
TXN-19E1D5936AF1,CUST-0210,109.19,EUR,auth_required,SCA challenge required,0,4,1852,27,20,116.25,1,63.0,2024-11-11 22:19:00,train
TXN-511257E0BA5F,CUST-0015,103.66,EUR,auth_required,3D Secure authentication required,58,3,1491,16,13,81.55,1,52.0,2024-05-06 19:01:00,train
TXN-78BF41D4073A,CUST-0451,31.72,USD,insufficient_funds,Not enough balance,12,8,1691,10,18,160.56,1,97.0,2024-12-12 05:01:00,train
TXN-B1519BDA8916,CUST-0095,21.07,EUR,expired_card,Card has expired,44,0,1937,27,15,100.62,0,,2024-01-03 12:39:00,train
TXN-4925AD45C862,CUST-0027,36.12,USD,auth_required,3D Secure authentication required,33,2,289,18,21,48.39,0,,2024-04-25 09:53:00,train
TXN-B058B28B5573,CUST-0046,242.41,USD,insufficient_funds,Not enough balance,10,7,988,5,19,86.88,0,,2024-03-06 23:16:00,train
TXN-20328F49D8E0,CUST-0233,94.74,GBP,expired_card,Expiration date is in the past,3,7,1957,7,16,97.25,0,,2024-08-14 19:48:00,train
TXN-F7B280A8BA93,CUST-0168,161.89,USD,insufficient_funds,Card declined — insufficient funds,19,1,1420,1,18,33.27,0,,2024-12-12 13:16:00,train
TXN-6D9A51F8EF58,CUST-0412,56.96,USD,temp_error,Temporary bank unavailability,48,3,1992,8,21,31.2,1,14.0,2024-12-15 19:37:00,train
TXN-F14B60A5D999,CUST-0071,102.13,AUD,expired_card,Card has expired,29,2,1564,5,16,245.27,0,,2024-10-07 11:40:00,train
TXN-93A78301746F,CUST-0327,447.9,USD,temp_error,Processing system temporarily unavailable,59,0,1123,23,8,13.28,1,1.0,2024-08-20 22:17:00,test
TXN-D2123C0FB420,CUST-0178,141.43,EUR,temp_error,Gateway timeout,4,4,477,15,13,32.18,1,2.0,2024-04-05 06:46:00,train
TXN-9D02FA954BD5,CUST-0121,21.11,USD,expired_card,Declined — expired card on file,37,3,1926,24,16,43.71,1,148.0,2024-01-02 05:12:00,train
TXN-2231D736B246,CUST-0453,179.98,USD,insufficient_funds,Decline: NSF,36,7,209,8,16,56.1,0,,2024-07-26 07:22:00,train
TXN-DC4FF99AA5E7,CUST-0436,16.84,USD,expired_card,Expiration date is in the past,52,6,1395,12,19,54.3,1,143.0,2024-12-10 06:25:00,train
TXN-76D1A58CBA3B,CUST-0338,228.76,USD,auth_required,3D Secure authentication required,9,7,377,9,17,40.21,0,,2024-07-30 12:05:00,test
TXN-935AF297FE13,CUST-0382,42.24,EUR,insufficient_funds,Decline: NSF,12,1,613,15,9,38.39,1,91.0,2024-07-11 13:08:00,test
TXN-682831190E0C,CUST-0225,58.88,USD,expired_card,Card has expired,3,7,1355,25,11,55.28,1,138.0,2024-11-19 04:38:00,train
TXN-38E8EDB1E495,CUST-0405,220.71,USD,fraud_flag,Card flagged for unusual activity,46,2,1235,2,13,60.47,0,,2024-12-25 16:56:00,train
TXN-0B0B3140B44A,CUST-0235,47.41,USD,insufficient_funds,Not enough balance,1,5,1179,23,19,49.06,1,103.0,2024-06-07 14:14:00,train
TXN-299BB4961AD0,CUST-0002,80.09,USD,expired_card,Card expiry passed,59,8,1325,24,19,110.14,0,,2024-01-26 02:08:00,train
TXN-809F7574D4D0,CUST-0104,109.06,CAD,insufficient_funds,Not enough balance,20,8,385,2,19,46.37,1,115.0,2024-12-11 16:28:00,train
TXN-A5DCFA96DF42,CUST-0118,21.11,USD,insufficient_funds,Insufficient funds in account,3,8,232,15,8,40.48,1,61.0,2024-08-14 09:24:00,train
TXN-BA5866A973D4,CUST-0181,116.87,EUR,temp_error,Gateway timeout,55,5,116,7,18,88.19,1,10.0,2024-12-09 03:04:00,train
TXN-3510D4E0558D,CUST-0407,260.73,USD,temp_error,"Temporary processing error, please retry",50,8,1941,2,21,41.04,1,20.0,2024-10-26 13:51:00,test
TXN-819ECF74D893,CUST-0217,44.09,USD,unknown,Processor response unclear,8,3,948,27,6,196.33,0,,2024-11-14 06:56:00,test
TXN-E24E824EB15E,CUST-0018,112.26,USD,insufficient_funds,Decline: NSF,19,0,1863,13,20,70.61,1,97.0,2024-10-18 18:43:00,train
TXN-A2A28595B4DA,CUST-0423,194.74,USD,insufficient_funds,Not enough balance,2,2,1471,7,6,147.16,1,78.0,2024-07-05 04:35:00,train
TXN-7D81E2FA8BA4,CUST-0155,195.12,USD,insufficient_funds,Card declined — insufficient funds,30,3,530,19,13,104.06,1,122.0,2024-08-02 10:23:00,train
TXN-66A54A4500A7,CUST-0354,28.81,EUR,expired_card,Expiration date is in the past,8,5,1700,6,20,46.68,0,,2024-11-08 10:11:00,train
TXN-32BE64FEBFAC,CUST-0446,94.46,USD,expired_card,Expiration date is in the past,20,0,529,4,21,100.79,1,161.0,2024-10-09 11:36:00,train
TXN-16FC9E3786B7,CUST-0059,47.81,EUR,auth_required,SCA challenge required,57,3,1788,6,16,29.14,1,30.0,2024-01-07 22:24:00,train
TXN-88C129EF341B,CUST-0111,28.9,USD,fraud_flag,Security flag triggered by issuer,13,9,1444,23,14,106.56,0,,2024-05-15 16:49:00,train
TXN-5CA1BDFB4D9A,CUST-0244,257.4,EUR,temp_error,Processing system temporarily unavailable,10,0,452,27,17,69.68,1,17.0,2024-02-09 06:32:00,train
TXN-E8A9A527FCD2,CUST-0124,294.22,USD,unknown,Processor response unclear,4,0,787,22,13,78.29,1,51.0,2024-02-29 11:59:00,train
TXN-9A9007D6E6B1,CUST-0341,37.53,EUR,expired_card,Card has expired,38,1,1085,16,20,71.88,0,,2024-01-21 15:30:00,train
TXN-784C3CE245BD,CUST-0460,203.22,USD,temp_error,Gateway timeout,27,9,809,5,10,35.24,1,9.0,2024-05-04 18:29:00,train
TXN-F4F122A85186,CUST-0491,69.86,USD,insufficient_funds,Card declined — insufficient funds,55,6,803,12,15,26.69,1,130.0,2024-02-19 04:23:00,train
TXN-D07D96FB733B,CUST-0137,128.92,EUR,temp_error,Processing system temporarily unavailable,48,2,1816,25,18,58.4,1,8.0,2024-03-27 13:12:00,train
TXN-F1FA20CCFF1D,CUST-0229,71.11,USD,insufficient_funds,Card declined — insufficient funds,58,6,329,14,17,48.2,1,93.0,2024-03-21 17:11:00,train
TXN-C6444453F613,CUST-0059,169.29,USD,fraud_flag,Security flag triggered by issuer,48,6,98,19,14,34.12,0,,2024-04-07 08:55:00,test
TXN-4CF6B0CA01A6,CUST-0020,83.91,USD,auth_required,Strong customer authentication needed,32,7,1161,11,8,76.83,0,,2024-02-12 05:41:00,train
TXN-C6430B242BA7,CUST-0391,123.93,GBP,fraud_flag,Card flagged for unusual activity,57,5,955,1,15,292.43,0,,2024-11-17 10:47:00,train
TXN-2EA6D92D59D2,CUST-0184,57.42,GBP,temp_error,Processing system temporarily unavailable,8,5,398,11,20,12.26,1,13.0,2024-02-03 10:00:00,train
TXN-5AA51A0677C7,CUST-0302,86.81,USD,insufficient_funds,Payment failed: low account balance,37,9,142,24,15,123.41,1,93.0,2024-01-08 10:29:00,train
TXN-8788056CE2F6,CUST-0037,78.68,EUR,expired_card,Declined — expired card on file,41,3,1572,5,20,105.29,0,,2024-06-25 02:58:00,train
TXN-FEBD9BB91CE3,CUST-0264,21.45,EUR,temp_error,Temporary bank unavailability,8,2,463,5,17,66.37,1,18.0,2024-06-01 01:52:00,train
TXN-9D61FA38107B,CUST-0354,78.01,CAD,insufficient_funds,Decline: NSF,35,6,1922,9,6,94.85,0,,2024-03-12 12:46:00,test
TXN-74572195120C,CUST-0359,39.63,USD,expired_card,Card expiry passed,5,1,1302,3,15,41.66,0,,2024-12-04 12:28:00,train
TXN-067E3BC34945,CUST-0266,68.91,USD,temp_error,Gateway timeout,28,4,503,23,14,101.11,1,11.0,2024-09-12 00:22:00,train
TXN-BD1EC5BCE752,CUST-0200,19.2,CAD,unknown,Payment declined — reason not specified,58,9,434,4,8,44.36,0,,2024-03-06 10:49:00,train
TXN-A10DE3C0F3E2,CUST-0246,83.23,USD,unknown,Generic decline,6,6,375,21,16,56.5,0,,2024-07-30 22:22:00,train
TXN-3BE9D3B67739,CUST-0376,111.12,USD,insufficient_funds,Insufficient funds in account,49,5,1985,7,12,15.35,0,,2024-01-02 08:03:00,test
TXN-9AFACBB3A9FE,CUST-0119,28.86,USD,hard_decline,Account closed,13,3,996,12,20,54.15,0,,2024-03-11 09:20:00,train
TXN-7FF8C9CA716A,CUST-0203,233.66,USD,insufficient_funds,Insufficient funds in account,21,1,1933,11,16,66.97,1,73.0,2024-08-11 18:55:00,train
TXN-AE81CC4CEFDB,CUST-0078,43.81,GBP,insufficient_funds,Insufficient funds in account,20,0,280,16,7,55.63,1,131.0,2024-03-28 13:57:00,test
TXN-6B9776569BB4,CUST-0044,170.04,EUR,expired_card,Declined — expired card on file,57,9,1981,21,18,156.59,0,,2024-03-03 12:17:00,test
TXN-0E76E943EC14,CUST-0464,61.26,CAD,hard_decline,Invalid account number,19,5,866,8,10,76.3,0,,2024-03-19 19:09:00,test
TXN-5C272200A236,CUST-0311,43.91,GBP,insufficient_funds,Not enough balance,23,6,1755,19,21,127.4,0,,2024-08-27 23:27:00,train
TXN-81A4ABA46CE3,CUST-0274,42.86,USD,auth_required,Additional verification required by issuing bank,51,2,1297,19,16,222.74,1,34.0,2024-11-12 00:50:00,test
TXN-643593702877,CUST-0026,132.35,EUR,insufficient_funds,Card declined — insufficient funds,35,2,1683,25,11,58.63,0,,2024-04-24 08:47:00,test
TXN-10E18E7CEAF1,CUST-0387,76.82,CAD,fraud_flag,Security flag triggered by issuer,25,2,480,3,15,64.01,0,,2024-02-13 05:51:00,train
TXN-3182B613EC57,CUST-0024,42.87,USD,insufficient_funds,Not enough balance,55,3,968,12,12,67.59,1,104.0,2024-08-25 06:53:00,train
TXN-F2E82947B4D0,CUST-0099,85.05,USD,temp_error,Gateway timeout,0,1,1696,21,14,76.88,1,24.0,2024-09-29 06:41:00,train
TXN-F0AD3BA4195A,CUST-0480,66.41,USD,expired_card,Card expiry passed,37,3,1310,25,16,99.46,0,,2024-07-16 17:55:00,test
TXN-86FBD420C38A,CUST-0182,137.64,USD,fraud_flag,Security flag triggered by issuer,32,2,1872,18,14,100.44,0,,2024-07-05 20:15:00,train
TXN-B7ED0DC0F815,CUST-0119,15.74,USD,insufficient_funds,Decline: NSF,4,8,514,13,14,97.59,1,113.0,2024-11-11 04:44:00,train
TXN-D9B3F039F550,CUST-0432,159.91,USD,expired_card,Card has expired,54,5,1465,24,20,61.08,1,164.0,2024-11-22 17:39:00,train
TXN-347C02256970,CUST-0019,126.89,USD,expired_card,Expiration date is in the past,29,8,1728,7,19,62.77,0,,2024-12-26 17:36:00,train
TXN-68917856B4C3,CUST-0302,53.04,USD,unknown,Error code: 05,53,4,643,12,18,56.65,1,68.0,2024-05-15 06:37:00,train
TXN-8E2620CA689D,CUST-0198,21.55,USD,expired_card,Declined — expired card on file,9,7,258,2,12,57.47,0,,2024-12-06 15:32:00,train
TXN-F156C7BFA832,CUST-0078,208.19,USD,insufficient_funds,Decline: NSF,40,5,1305,18,19,139.46,1,116.0,2024-05-11 22:24:00,train
TXN-E93522DEC4ED,CUST-0050,112.83,USD,insufficient_funds,Card declined — insufficient funds,22,9,551,20,17,18.42,1,120.0,2024-09-09 02:30:00,train
TXN-E19F100632A2,CUST-0251,60.76,AUD,temp_error,Network error during authorization,4,5,607,14,14,51.6,0,,2024-03-15 04:03:00,train
TXN-30F24106ABF6,CUST-0178,121.53,USD,insufficient_funds,Card declined — insufficient funds,26,3,611,12,16,25.41,1,87.0,2024-03-08 22:18:00,test
TXN-788C4CEDB53F,CUST-0128,29.57,GBP,fraud_flag,Security flag triggered by issuer,52,9,624,21,21,64.14,0,,2024-02-21 15:20:00,test
TXN-06BC12CEFC32,CUST-0484,41.98,EUR,expired_card,Expiration date is in the past,58,3,933,12,17,107.29,0,,2024-10-13 11:59:00,test
TXN-5EB2ABC940E4,CUST-0171,249.33,EUR,insufficient_funds,Card declined — insufficient funds,48,0,998,23,9,54.09,0,,2024-09-25 14:55:00,test
TXN-078D69364DB2,CUST-0075,109.86,USD,insufficient_funds,Card declined — insufficient funds,50,0,1505,24,9,66.97,1,86.0,2024-05-27 22:30:00,train
TXN-3913433DC4DA,CUST-0318,117.5,USD,insufficient_funds,Not enough balance,13,8,728,27,20,201.31,1,102.0,2024-07-05 05:05:00,train
TXN-D6021B05D8BD,CUST-0057,35.97,GBP,insufficient_funds,Not enough balance,6,4,1852,24,15,43.44,1,127.0,2024-04-21 23:06:00,train
TXN-2FF09AC4E8B6,CUST-0177,108.08,USD,fraud_flag,Fraud prevention hold,2,1,1840,16,18,44.91,0,,2024-08-07 05:27:00,test
TXN-F0611CDA5C9F,CUST-0444,101.29,USD,fraud_flag,Security flag triggered by issuer,30,2,1342,28,16,36.72,0,,2024-09-21 03:35:00,train
TXN-AD5A5A7736D9,CUST-0448,81.34,USD,expired_card,Card has expired,57,0,1591,6,17,41.6,0,,2024-02-28 08:02:00,train
TXN-4B6B1F24F1A0,CUST-0390,83.8,EUR,temp_error,Network error during authorization,52,3,1390,25,6,92.56,1,12.0,2024-11-12 01:13:00,train
TXN-3C858E858147,CUST-0319,44.13,USD,auth_required,3D Secure authentication required,55,0,1418,9,17,89.11,1,66.0,2024-04-05 03:32:00,train
TXN-607F3B5F5E08,CUST-0434,43.1,USD,expired_card,Declined — expired card on file,13,7,985,16,17,59.08,0,,2024-09-23 14:27:00,train
TXN-E5DEE6BEB486,CUST-0230,38.98,USD,auth_required,SCA challenge required,15,6,758,7,7,32.49,1,42.0,2024-02-24 03:24:00,train
TXN-35086926F4AA,CUST-0208,210.97,USD,expired_card,Expiration date is in the past,15,8,995,3,12,29.01,0,,2024-04-30 12:22:00,test
TXN-6122190B66DD,CUST-0072,26.34,USD,expired_card,Expiration date is in the past,51,3,1714,14,7,46.61,0,,2024-05-08 02:20:00,test
TXN-294823D83EDC,CUST-0408,34.14,GBP,insufficient_funds,Decline: NSF,11,9,196,21,16,33.01,1,121.0,2024-02-17 15:30:00,train
TXN-6EE79CE11445,CUST-0369,53.34,USD,temp_error,Gateway timeout,58,2,549,6,11,166.66,1,2.0,2024-02-22 04:42:00,train
TXN-29BBF35C1C36,CUST-0222,28.45,USD,unknown,Payment declined — reason not specified,53,6,101,17,11,42.93,0,,2024-10-25 09:21:00,test
TXN-203BE0EA2490,CUST-0402,87.13,USD,temp_error,Network error during authorization,4,9,147,22,6,16.77,1,5.0,2024-05-07 10:15:00,train
TXN-86AF2E1A0E18,CUST-0152,29.0,USD,temp_error,Processing system temporarily unavailable,1,7,1618,26,9,68.9,1,7.0,2024-06-01 17:40:00,train
TXN-84457E470872,CUST-0156,100.79,USD,insufficient_funds,Payment failed: low account balance,46,1,926,16,16,94.43,1,131.0,2024-06-13 09:00:00,train
TXN-DB6EAE05E419,CUST-0120,269.51,EUR,insufficient_funds,Card declined — insufficient funds,48,0,245,12,15,47.28,1,131.0,2024-03-16 09:39:00,train
TXN-DAFA6580BA21,CUST-0153,40.18,USD,expired_card,Card has expired,57,6,782,12,19,42.0,0,,2024-01-08 11:40:00,train
TXN-8F8D9ACFFCFC,CUST-0464,55.55,USD,hard_decline,Invalid account number,18,0,429,18,12,47.6,0,,2024-08-07 14:57:00,test
TXN-2FAD19659DCF,CUST-0158,19.56,USD,fraud_flag,Security flag triggered by issuer,13,0,816,7,10,91.93,0,,2024-12-01 22:50:00,train
TXN-D1CE74B30387,CUST-0125,58.84,USD,expired_card,Expiration date is in the past,44,3,1740,12,6,49.2,0,,2024-02-07 20:12:00,train
TXN-60ADB518AEAD,CUST-0495,306.25,EUR,expired_card,Expiration date is in the past,48,3,1414,18,15,62.61,0,,2024-12-25 13:00:00,train
TXN-628F78B26583,CUST-0133,45.94,USD,temp_error,Gateway timeout,55,2,338,1,11,50.12,1,18.0,2024-09-08 02:40:00,train
TXN-179165FBE428,CUST-0468,62.13,EUR,hard_decline,Card reported lost or stolen,1,5,1042,11,14,90.88,0,,2024-11-12 20:58:00,train
TXN-1A0083D9EC65,CUST-0305,201.89,USD,insufficient_funds,Decline: NSF,3,9,1828,3,9,36.22,1,123.0,2024-10-18 13:32:00,train
TXN-0AC3A43DCC6E,CUST-0097,112.24,USD,insufficient_funds,Not enough balance,8,5,407,27,12,19.56,0,,2024-08-19 19:54:00,train
TXN-64B6A2274B72,CUST-0483,43.1,USD,expired_card,Declined — expired card on file,16,5,158,11,13,27.8,0,,2024-04-19 10:46:00,test
TXN-77F4310CF8F4,CUST-0426,21.79,USD,insufficient_funds,Card declined — insufficient funds,26,3,1499,22,10,60.45,1,119.0,2024-11-06 06:37:00,train
TXN-8B0BA7682A02,CUST-0467,6.68,EUR,temp_error,Temporary bank unavailability,17,3,1441,15,13,132.26,1,9.0,2024-12-25 19:00:00,train
TXN-B29B3CCDBFFE,CUST-0322,50.75,USD,temp_error,Gateway timeout,53,2,1052,1,7,60.81,1,15.0,2024-11-30 01:41:00,train
TXN-662EC6EEE0EF,CUST-0320,216.12,EUR,hard_decline,Do not honor,42,7,1113,4,7,33.18,0,,2024-01-11 15:58:00,train
TXN-63B526542C33,CUST-0375,203.96,USD,expired_card,Card expiry passed,29,5,806,3,21,20.3,0,,2024-07-28 09:49:00,train
TXN-DD6FB612B737,CUST-0379,91.87,USD,unknown,Generic decline,40,0,1311,5,20,52.64,1,43.0,2024-03-19 13:00:00,train
TXN-46F92111E583,CUST-0149,89.09,AUD,temp_error,Gateway timeout,54,1,242,3,14,83.24,1,20.0,2024-11-12 18:04:00,train
TXN-F2C4EB799D47,CUST-0404,17.33,EUR,temp_error,"Temporary processing error, please retry",43,7,482,28,14,77.89,1,4.0,2024-01-06 15:47:00,test
TXN-3471EA954CE8,CUST-0326,110.09,USD,auth_required,Strong customer authentication needed,9,7,1016,20,6,166.53,1,35.0,2024-11-05 14:37:00,train
TXN-C239FDAA274F,CUST-0158,201.01,USD,auth_required,Additional verification required by issuing bank,14,0,825,5,15,146.99,0,,2024-12-27 15:52:00,train
TXN-8776E505B70E,CUST-0134,370.27,USD,expired_card,Card expiry passed,48,6,1526,1,15,49.49,0,,2024-04-19 15:56:00,train
TXN-77E52F53A7BD,CUST-0042,52.9,USD,expired_card,Card has expired,59,9,454,7,12,93.33,1,76.0,2024-02-25 01:36:00,test
TXN-8F84CA679041,CUST-0077,33.05,USD,expired_card,Card has expired,13,4,1619,2,10,67.26,1,131.0,2024-01-26 03:18:00,train
TXN-51A5A701A7AC,CUST-0182,51.41,EUR,hard_decline,Card reported lost or stolen,16,4,528,15,6,62.55,0,,2024-07-14 17:06:00,train
TXN-A2BFEDBC930D,CUST-0488,122.43,USD,hard_decline,Invalid account number,42,8,1171,5,14,33.66,0,,2024-05-04 00:19:00,train
TXN-DFD189CC3AD7,CUST-0293,126.02,GBP,temp_error,Gateway timeout,12,0,1625,21,15,47.1,1,11.0,2024-02-13 07:28:00,test
TXN-583B9E249762,CUST-0155,23.65,EUR,fraud_flag,Suspected fraudulent activity — transaction blocked,42,1,98,1,7,39.69,0,,2024-11-17 16:47:00,train
TXN-A73F39E79191,CUST-0248,38.14,USD,temp_error,Processing system temporarily unavailable,4,7,1442,20,17,11.32,1,20.0,2024-04-17 08:23:00,train
TXN-6154FC63055A,CUST-0446,99.55,EUR,insufficient_funds,Insufficient funds in account,19,8,383,5,9,53.43,1,123.0,2024-08-06 14:42:00,test
TXN-C300CB97EC93,CUST-0092,41.52,USD,temp_error,Gateway timeout,32,0,579,19,18,54.9,1,7.0,2024-05-11 20:17:00,train
TXN-9841D3588915,CUST-0299,51.29,USD,temp_error,Processing system temporarily unavailable,50,6,1889,11,21,58.54,1,4.0,2024-01-30 15:52:00,train
TXN-7AAE23588613,CUST-0431,38.57,USD,hard_decline,Account closed,30,6,185,26,16,31.35,0,,2024-03-25 02:43:00,train
TXN-82A6D67042CB,CUST-0481,44.84,USD,insufficient_funds,Not enough balance,40,7,434,14,14,72.79,1,114.0,2024-06-26 17:16:00,test
TXN-7BE09F11D104,CUST-0183,81.27,CAD,expired_card,Expiration date is in the past,26,2,1114,14,7,38.82,0,,2024-02-14 13:43:00,train
TXN-B9790DAD556B,CUST-0114,105.87,USD,auth_required,Strong customer authentication needed,49,5,990,15,15,61.82,1,31.0,2024-06-20 12:31:00,test
TXN-97452147392B,CUST-0127,95.69,GBP,hard_decline,Card permanently blocked,50,2,1507,3,10,65.73,0,,2024-09-13 23:13:00,train
TXN-EDC44DDC3496,CUST-0222,61.65,USD,temp_error,Network error during authorization,53,8,352,26,19,53.64,1,5.0,2024-12-03 10:13:00,train
TXN-4263C9A8B14C,CUST-0160,75.26,USD,insufficient_funds,Payment failed: low account balance,15,9,1527,25,13,37.13,1,100.0,2024-03-10 09:34:00,train
TXN-6CB352FE1BDB,CUST-0133,204.66,CAD,expired_card,Expiration date is in the past,1,9,224,3,6,91.83,0,,2024-08-22 09:17:00,train
TXN-90DCB95B8A1D,CUST-0112,75.0,EUR,temp_error,Gateway timeout,18,9,9,12,6,84.39,1,1.0,2024-07-11 01:53:00,train
TXN-52DAFF0C7C32,CUST-0435,189.42,USD,expired_card,Card expiry passed,34,5,868,7,12,50.42,1,73.0,2024-12-13 06:17:00,train
TXN-57CE9F1FF881,CUST-0229,113.97,USD,unknown,Generic decline,17,7,1688,5,12,53.02,0,,2024-09-10 00:58:00,test
TXN-B99EE227132D,CUST-0036,68.81,AUD,hard_decline,Card reported lost or stolen,16,7,660,28,19,30.35,0,,2024-03-06 05:56:00,train
TXN-25CC010D2E7F,CUST-0474,34.2,USD,insufficient_funds,Card declined — insufficient funds,21,3,1904,12,6,68.62,1,128.0,2024-07-16 06:00:00,train
TXN-B8BECA9CC93B,CUST-0288,94.02,USD,auth_required,Additional verification required by issuing bank,39,5,1515,16,20,14.75,0,,2024-03-01 02:08:00,train
TXN-5CD133C4546B,CUST-0306,294.87,USD,insufficient_funds,Card declined — insufficient funds,55,1,1267,20,14,104.73,1,116.0,2024-11-05 09:09:00,train
TXN-B83CF18ED798,CUST-0409,29.94,USD,auth_required,SCA challenge required,11,5,162,21,6,47.44,1,24.0,2024-01-26 08:03:00,train
TXN-64220E2A6BED,CUST-0342,23.5,USD,expired_card,Card expiry passed,23,4,837,14,19,67.47,1,81.0,2024-03-28 22:08:00,train
TXN-5BFFE0927E81,CUST-0470,150.79,EUR,temp_error,Network error during authorization,29,6,308,16,21,18.74,1,6.0,2024-12-16 12:48:00,train
TXN-164BD7920E41,CUST-0070,78.78,USD,hard_decline,Invalid account number,15,1,1711,18,16,92.28,0,,2024-06-23 02:49:00,train
TXN-8660D86DDABF,CUST-0200,136.75,USD,insufficient_funds,Payment failed: low account balance,18,5,1444,4,6,27.54,1,107.0,2024-01-06 11:44:00,train
TXN-CD9AE137D02A,CUST-0017,25.12,USD,expired_card,Declined — expired card on file,42,5,1861,17,15,31.5,1,136.0,2024-02-28 10:47:00,train
TXN-69CE340C062C,CUST-0304,90.52,USD,auth_required,Strong customer authentication needed,18,7,235,17,20,85.94,1,58.0,2024-04-30 14:20:00,train
TXN-ECDFBC539AAD,CUST-0429,58.99,GBP,fraud_flag,Security flag triggered by issuer,3,8,1450,7,11,47.83,0,,2024-03-03 02:04:00,train
TXN-D1ECB4D33DC2,CUST-0392,33.71,EUR,unknown,Unknown decline code from processor,8,2,616,11,17,60.23,0,,2024-09-05 23:26:00,train
TXN-566D74CBC02C,CUST-0396,137.82,USD,hard_decline,Card permanently blocked,11,6,708,27,6,54.11,0,,2024-08-08 03:21:00,train
TXN-F431269BDE84,CUST-0102,31.17,EUR,temp_error,Processing system temporarily unavailable,46,2,73,20,21,14.5,0,,2024-02-13 03:15:00,train
TXN-402F21A058F5,CUST-0147,179.26,USD,insufficient_funds,Card declined — insufficient funds,23,9,448,24,21,94.56,1,84.0,2024-09-06 03:32:00,train
TXN-8AB595039767,CUST-0445,49.98,EUR,expired_card,Expiration date is in the past,4,7,1849,1,12,60.52,1,105.0,2024-07-23 16:28:00,train
TXN-0E46CFC9B1F5,CUST-0024,36.03,USD,auth_required,3D Secure authentication required,58,9,228,22,18,59.72,1,59.0,2024-07-18 03:10:00,train
TXN-5B7E70B5990F,CUST-0072,46.45,USD,insufficient_funds,Card declined — insufficient funds,41,1,224,16,19,78.36,1,111.0,2024-05-06 10:28:00,train
TXN-89FED31C9C48,CUST-0047,467.02,USD,fraud_flag,Suspected fraudulent activity — transaction blocked,20,8,1631,15,20,39.98,0,,2024-02-19 10:31:00,test
TXN-5A6A3D34C712,CUST-0163,45.55,GBP,fraud_flag,Card flagged for unusual activity,28,7,42,13,7,87.91,0,,2024-08-27 00:00:00,train
TXN-16F0F4FB4220,CUST-0301,56.31,USD,hard_decline,Invalid account number,46,5,1243,26,19,60.28,0,,2024-08-01 18:40:00,train
TXN-85C588293D39,CUST-0448,244.82,EUR,temp_error,"Temporary processing error, please retry",11,7,1319,14,15,81.23,1,6.0,2024-08-13 00:10:00,test
TXN-A7C8824CB5FB,CUST-0429,59.99,GBP,expired_card,Expiration date is in the past,34,5,1324,25,7,23.95,0,,2024-05-01 00:34:00,train
TXN-27FBE8D11389,CUST-0415,129.63,AUD,auth_required,SCA challenge required,50,6,1432,18,10,107.27,1,61.0,2024-05-03 14:21:00,train
TXN-7EF14B980088,CUST-0170,94.62,USD,auth_required,Strong customer authentication needed,50,4,480,17,6,28.17,1,61.0,2024-04-13 20:34:00,train
TXN-F3FD361BE548,CUST-0080,66.63,USD,temp_error,"Temporary processing error, please retry",36,5,1380,3,11,109.06,1,11.0,2024-11-20 07:27:00,train
TXN-916D8DD7B15D,CUST-0067,67.39,EUR,unknown,Generic decline,32,8,505,22,19,57.91,0,,2024-11-20 23:29:00,train
TXN-9DF539D7F97E,CUST-0021,74.76,USD,unknown,Processor response unclear,26,4,1218,21,19,127.88,1,33.0,2024-01-27 18:34:00,train
TXN-3636E4184A09,CUST-0365,98.3,USD,insufficient_funds,Insufficient funds in account,28,5,1682,8,10,115.73,1,110.0,2024-12-21 20:42:00,train
TXN-FDB3AAB5E540,CUST-0249,35.38,USD,insufficient_funds,Payment failed: low account balance,29,8,116,1,18,48.23,1,87.0,2024-04-09 00:24:00,test
TXN-172F2758A4E6,CUST-0327,35.65,USD,insufficient_funds,Payment failed: low account balance,26,8,243,7,9,14.26,1,114.0,2024-01-09 08:09:00,train
TXN-70B3403463B9,CUST-0248,39.46,USD,insufficient_funds,Insufficient funds in account,40,9,533,9,19,89.4,1,121.0,2024-04-24 06:59:00,train
TXN-595652AB1B06,CUST-0063,80.16,USD,fraud_flag,Security flag triggered by issuer,34,6,282,22,12,29.01,0,,2024-11-02 17:23:00,train
TXN-150C83F1A847,CUST-0265,322.71,GBP,insufficient_funds,Payment failed: low account balance,38,0,1586,24,17,35.84,1,96.0,2024-07-05 22:18:00,train
TXN-C14405898293,CUST-0492,130.48,GBP,fraud_flag,Card flagged for unusual activity,21,0,1943,5,17,98.15,0,,2024-05-12 15:07:00,train
TXN-893EE3FB6BCB,CUST-0356,52.85,EUR,unknown,Error code: 05,47,9,1092,4,8,69.65,1,61.0,2024-07-01 07:46:00,train
TXN-7BE0BB299557,CUST-0053,91.2,USD,temp_error,Temporary bank unavailability,10,8,988,17,14,38.65,1,7.0,2024-03-17 17:58:00,test
TXN-125DD44A2C08,CUST-0464,201.28,USD,insufficient_funds,Decline: NSF,45,4,1633,7,16,101.68,1,100.0,2024-08-04 01:12:00,train
TXN-930F77E01F1B,CUST-0439,46.49,EUR,temp_error,Gateway timeout,35,5,1985,1,20,38.69,1,21.0,2024-11-13 09:06:00,test
TXN-0CD8F0375D30,CUST-0106,220.54,EUR,insufficient_funds,Not enough balance,22,6,1757,21,8,89.96,1,91.0,2024-07-12 07:37:00,train
TXN-0EAFB7F0AA9E,CUST-0393,93.31,CAD,insufficient_funds,Card declined — insufficient funds,43,7,1637,3,9,146.44,0,,2024-05-04 11:33:00,train
TXN-3F010F211CC7,CUST-0261,20.98,USD,hard_decline,Account closed,40,2,1395,23,6,111.06,0,,2024-01-02 14:16:00,train
TXN-5137CAA0C482,CUST-0152,13.65,EUR,temp_error,"Temporary processing error, please retry",36,1,103,28,17,50.86,1,22.0,2024-11-17 13:49:00,train
TXN-C5605714D6AD,CUST-0096,34.26,USD,temp_error,"Temporary processing error, please retry",37,8,1484,20,16,38.17,1,7.0,2024-11-02 14:46:00,train
TXN-80F4F374A66A,CUST-0058,14.31,USD,insufficient_funds,Insufficient funds in account,25,4,1062,2,10,99.97,1,93.0,2024-08-28 09:34:00,train
TXN-3A42D99EB11A,CUST-0252,116.33,USD,temp_error,Gateway timeout,30,8,1051,16,19,72.73,1,1.0,2024-08-24 06:05:00,train
TXN-08E64C2EF959,CUST-0476,46.54,USD,expired_card,Expiration date is in the past,38,0,1164,9,17,37.8,1,72.0,2024-07-06 04:35:00,train
TXN-45B0CDDC776E,CUST-0304,50.51,USD,temp_error,Network error during authorization,27,9,727,22,6,22.33,1,9.0,2024-04-15 18:51:00,train
TXN-103333259081,CUST-0238,76.39,GBP,insufficient_funds,Card declined — insufficient funds,25,5,279,7,6,46.57,1,84.0,2024-11-05 06:44:00,train
TXN-7CF91D5287DF,CUST-0091,23.32,CAD,fraud_flag,Security flag triggered by issuer,51,8,882,26,17,121.67,0,,2024-12-23 03:12:00,train
TXN-1C0B5D71C614,CUST-0286,166.18,USD,temp_error,"Temporary processing error, please retry",49,1,1284,22,14,77.03,1,22.0,2024-08-17 08:09:00,train
TXN-62EE4A78A263,CUST-0079,31.4,USD,temp_error,Temporary bank unavailability,28,5,624,3,11,117.74,1,22.0,2024-06-02 00:01:00,test
TXN-47A6CE18BAD6,CUST-0106,200.3,EUR,unknown,Unknown decline code from processor,43,3,270,12,10,57.89,0,,2024-10-13 09:47:00,train
TXN-337837450F77,CUST-0067,80.64,USD,auth_required,SCA challenge required,23,4,457,25,16,44.97,1,48.0,2024-08-24 11:47:00,train
TXN-A2B9EBC8A48E,CUST-0406,91.09,EUR,fraud_flag,Security flag triggered by issuer,30,1,462,8,21,49.76,0,,2024-05-06 05:40:00,train
TXN-2B52242E1C11,CUST-0021,146.18,AUD,auth_required,3D Secure authentication required,6,6,1160,22,9,26.59,0,,2024-12-25 20:07:00,train
TXN-568E215EC587,CUST-0122,14.2,CAD,fraud_flag,Fraud prevention hold,26,7,1258,5,16,38.43,0,,2024-10-02 11:03:00,train
TXN-A9439EA16711,CUST-0194,106.87,USD,hard_decline,Account closed,56,8,1278,3,12,25.22,0,,2024-03-02 00:59:00,train
TXN-B001CF0D87E5,CUST-0446,110.81,USD,temp_error,Temporary bank unavailability,17,3,918,14,8,15.02,1,10.0,2024-03-09 10:40:00,test
TXN-67CB3AB939AE,CUST-0289,170.2,USD,insufficient_funds,Not enough balance,39,0,1394,27,10,69.91,1,120.0,2024-10-07 03:32:00,train
TXN-CBA24F512BD2,CUST-0411,144.36,GBP,insufficient_funds,Insufficient funds in account,20,1,1255,2,12,57.63,1,116.0,2024-05-26 06:35:00,train
TXN-02D5BC088334,CUST-0469,39.08,GBP,expired_card,Expiration date is in the past,48,8,1311,26,14,132.15,0,,2024-12-13 09:05:00,train
TXN-93D89407947F,CUST-0374,189.67,USD,expired_card,Declined — expired card on file,54,5,224,17,10,66.6,0,,2024-01-14 08:45:00,train
TXN-1EA626360481,CUST-0086,38.25,USD,insufficient_funds,Payment failed: low account balance,9,8,1808,10,20,53.17,1,87.0,2024-07-16 10:33:00,train
TXN-BD12267DE2A7,CUST-0126,35.01,USD,hard_decline,Card permanently blocked,36,7,1984,24,8,38.31,0,,2024-06-10 21:25:00,train
TXN-FF42DA2E7792,CUST-0190,123.78,USD,hard_decline,Invalid account number,49,8,1418,3,13,99.65,0,,2024-05-19 02:44:00,train
TXN-0728FE45C86B,CUST-0483,33.45,USD,insufficient_funds,Not enough balance,26,3,1933,6,18,35.46,1,95.0,2024-06-01 01:39:00,train
TXN-F787382A2ADC,CUST-0321,801.67,USD,temp_error,Temporary bank unavailability,47,9,1272,3,15,22.94,1,4.0,2024-12-29 13:19:00,train
TXN-1B75F37571FB,CUST-0340,54.26,USD,temp_error,Network error during authorization,18,8,285,28,10,65.37,1,12.0,2024-10-28 23:39:00,train
TXN-0FAD3BE9E339,CUST-0026,69.66,CAD,insufficient_funds,Decline: NSF,4,6,241,17,17,25.59,1,94.0,2024-12-24 01:31:00,train
TXN-5760396AF486,CUST-0302,24.97,USD,insufficient_funds,Decline: NSF,56,4,1308,10,19,24.57,1,84.0,2024-10-12 06:53:00,train
TXN-E637B4E64694,CUST-0338,33.47,AUD,expired_card,Card expiry passed,1,4,716,14,18,41.55,0,,2024-10-20 03:11:00,train
TXN-1B974B7E7B43,CUST-0403,61.19,GBP,temp_error,Temporary bank unavailability,33,0,360,21,8,25.61,1,4.0,2024-12-08 08:46:00,train
TXN-4781053A346D,CUST-0027,159.58,EUR,temp_error,Processing system temporarily unavailable,34,5,75,4,8,54.39,1,13.0,2024-06-14 14:32:00,train
TXN-C94421ECDC42,CUST-0062,48.02,USD,auth_required,3D Secure authentication required,10,1,1170,6,13,49.96,0,,2024-03-26 22:53:00,train
TXN-9ED1323C82B3,CUST-0267,43.28,USD,insufficient_funds,Insufficient funds in account,28,1,477,4,10,35.02,0,,2024-08-03 14:51:00,train
TXN-6B701510DF5F,CUST-0444,141.18,GBP,fraud_flag,Fraud prevention hold,6,2,216,21,12,70.73,0,,2024-08-17 18:17:00,train
TXN-8A66E94F374C,CUST-0021,117.37,USD,expired_card,Card has expired,17,3,1000,17,15,28.02,0,,2024-02-19 21:19:00,test
TXN-07AF778D79C9,CUST-0177,52.18,USD,unknown,Payment declined — reason not specified,33,9,1843,24,11,99.12,0,,2024-06-15 19:33:00,train
TXN-4B45FC208D67,CUST-0410,163.9,USD,unknown,Generic decline,4,7,1547,16,16,46.65,1,68.0,2024-12-13 13:12:00,train
TXN-73B1D8010E65,CUST-0076,108.5,USD,fraud_flag,Suspected fraudulent activity — transaction blocked,22,2,983,18,20,78.03,0,,2024-03-23 05:58:00,train
TXN-7B317FC4CFC7,CUST-0355,127.52,USD,temp_error,Temporary bank unavailability,29,0,1432,2,6,23.32,1,8.0,2024-08-06 22:17:00,test
TXN-70D0087B1B9B,CUST-0465,132.97,USD,unknown,Error code: 05,45,3,797,23,15,113.12,0,,2024-09-15 04:22:00,train
TXN-13157141BB80,CUST-0149,5.0,EUR,expired_card,Expiration date is in the past,52,5,446,9,9,55.97,1,144.0,2024-06-05 00:24:00,train
TXN-6D4EBB81D67D,CUST-0287,33.21,EUR,hard_decline,Card permanently blocked,39,1,1015,9,11,33.31,0,,2024-02-04 10:43:00,test
TXN-F6E8C948A0F2,CUST-0443,38.15,USD,expired_card,Card expiry passed,29,9,916,16,10,27.16,1,84.0,2024-08-09 01:13:00,train
TXN-7EA8D5AA1D0C,CUST-0237,19.84,USD,insufficient_funds,Decline: NSF,36,4,1384,17,9,64.17,0,,2024-08-15 11:09:00,train
TXN-97E52ECC0253,CUST-0237,41.03,USD,insufficient_funds,Not enough balance,28,7,219,12,19,42.88,0,,2024-02-18 06:38:00,train
TXN-71D52FC0E508,CUST-0043,79.28,USD,temp_error,Temporary bank unavailability,40,8,978,1,15,132.11,1,16.0,2024-01-27 20:11:00,test
TXN-81DD6FB88F25,CUST-0318,114.92,USD,insufficient_funds,Decline: NSF,31,8,789,5,11,50.12,1,95.0,2024-03-01 14:15:00,test
TXN-9A407DD713EA,CUST-0318,90.07,AUD,fraud_flag,Security flag triggered by issuer,18,9,648,13,17,32.37,0,,2024-10-19 11:23:00,train
TXN-7FE44BC49700,CUST-0208,74.57,USD,temp_error,Gateway timeout,1,2,1964,21,14,27.81,0,,2024-08-13 14:18:00,test
TXN-898DD82014EB,CUST-0319,59.16,CAD,temp_error,Temporary bank unavailability,20,2,1803,8,18,38.82,1,14.0,2024-05-17 15:07:00,train
TXN-2552C91C03B9,CUST-0114,160.46,USD,temp_error,Network error during authorization,52,7,1285,13,6,72.92,1,22.0,2024-01-09 05:10:00,train
TXN-124D7BBC04CC,CUST-0088,64.97,EUR,insufficient_funds,Payment failed: low account balance,33,5,708,22,18,105.84,1,102.0,2024-07-24 00:51:00,train
TXN-DED6746C2076,CUST-0447,100.7,USD,expired_card,Declined — expired card on file,20,1,661,11,7,46.79,1,73.0,2024-04-09 15:08:00,test
TXN-6B87CDAB03B8,CUST-0427,37.46,USD,insufficient_funds,Card declined — insufficient funds,50,4,795,20,7,58.02,1,113.0,2024-04-18 09:04:00,train
TXN-D0441371A612,CUST-0199,221.27,USD,hard_decline,Invalid account number,22,6,1488,1,20,44.45,0,,2024-02-05 20:11:00,train
TXN-C39C1714E128,CUST-0090,28.39,USD,auth_required,3D Secure authentication required,15,5,373,12,15,100.56,0,,2024-12-03 16:44:00,train
TXN-9A9959006628,CUST-0034,463.65,USD,insufficient_funds,Not enough balance,43,3,1356,20,21,58.59,1,117.0,2024-09-22 02:05:00,train
TXN-4D1971AA72CB,CUST-0296,86.78,CAD,expired_card,Expiration date is in the past,55,5,215,5,16,95.67,0,,2024-01-23 23:17:00,train
TXN-3367002149C7,CUST-0078,75.31,CAD,insufficient_funds,Decline: NSF,37,7,1999,9,13,51.18,1,102.0,2024-10-20 20:56:00,train
TXN-CF2C912798B7,CUST-0251,35.68,AUD,expired_card,Card has expired,1,5,542,4,21,182.31,0,,2024-09-07 20:13:00,train
TXN-9198D9642B1E,CUST-0317,330.21,USD,auth_required,Additional verification required by issuing bank,30,8,1274,18,8,119.53,0,,2024-08-03 17:42:00,train
TXN-DE612A98CD07,CUST-0375,63.26,GBP,insufficient_funds,Card declined — insufficient funds,35,9,118,16,19,225.33,0,,2024-11-14 20:18:00,train
TXN-26E43B37FF31,CUST-0106,20.61,EUR,temp_error,Gateway timeout,23,2,783,1,7,181.14,1,16.0,2024-11-08 22:17:00,train
TXN-39BC4F36E583,CUST-0271,52.01,USD,insufficient_funds,Payment failed: low account balance,29,1,414,9,14,98.8,1,92.0,2024-02-05 18:38:00,train
TXN-607C978ABD97,CUST-0071,97.92,USD,temp_error,Temporary bank unavailability,57,7,1508,12,19,77.22,1,2.0,2024-12-12 12:36:00,train
TXN-701E2B1D5313,CUST-0497,25.82,USD,expired_card,Expiration date is in the past,32,4,1530,28,13,102.45,1,87.0,2024-08-13 21:57:00,train
TXN-CB2A2558B68A,CUST-0023,48.18,USD,expired_card,Declined — expired card on file,0,8,486,3,6,39.14,1,163.0,2024-08-23 01:55:00,train
TXN-A1A746FE230A,CUST-0007,119.88,USD,fraud_flag,Fraud prevention hold,37,4,447,18,13,52.41,0,,2024-07-22 22:58:00,test
TXN-F246FEF7F035,CUST-0308,120.23,USD,temp_error,Processing system temporarily unavailable,43,9,824,28,8,89.51,1,10.0,2024-06-08 00:21:00,train
TXN-27EC189E234C,CUST-0498,44.51,USD,temp_error,Processing system temporarily unavailable,38,6,241,16,16,32.07,1,22.0,2024-01-13 08:34:00,train
TXN-B2A82744EBE2,CUST-0145,21.71,EUR,expired_card,Declined — expired card on file,57,5,214,3,11,80.13,0,,2024-03-18 17:52:00,train
TXN-7219A40A82DC,CUST-0018,195.85,USD,unknown,Payment declined — reason not specified,38,7,1026,19,13,71.13,0,,2024-01-02 20:13:00,train
TXN-225263919942,CUST-0402,71.27,USD,hard_decline,Invalid account number,21,1,1436,20,18,87.21,0,,2024-04-28 00:20:00,train
TXN-958FCF9EAA9D,CUST-0487,35.76,USD,temp_error,"Temporary processing error, please retry",38,7,1137,13,12,64.32,1,5.0,2024-10-11 11:34:00,train
TXN-61FF1855C51F,CUST-0267,138.72,GBP,insufficient_funds,Decline: NSF,29,8,1335,4,14,25.6,1,90.0,2024-03-28 16:02:00,test
TXN-7D70492B0DE9,CUST-0103,16.47,USD,insufficient_funds,Decline: NSF,24,4,1028,18,7,78.47,1,108.0,2024-08-02 04:04:00,train
TXN-8F5B4FC0B072,CUST-0430,60.64,USD,expired_card,Declined — expired card on file,49,4,1011,13,12,112.21,0,,2024-01-05 14:56:00,train
TXN-B9B29807544D,CUST-0440,382.1,USD,insufficient_funds,Card declined — insufficient funds,18,3,42,4,8,34.63,1,56.0,2024-09-04 06:51:00,test
TXN-9228FDE078C2,CUST-0165,10.49,USD,insufficient_funds,Payment failed: low account balance,24,8,662,11,21,126.78,1,113.0,2024-02-23 00:52:00,train
TXN-D07EF266E98E,CUST-0479,107.42,GBP,insufficient_funds,Payment failed: low account balance,53,1,728,21,8,55.44,1,114.0,2024-03-11 07:53:00,test
TXN-893842AD3AC4,CUST-0359,135.08,GBP,fraud_flag,Suspected fraudulent activity — transaction blocked,58,1,1115,19,16,92.16,0,,2024-12-25 03:02:00,train
TXN-E1B8298009CE,CUST-0358,201.58,EUR,insufficient_funds,Insufficient funds in account,28,5,892,19,17,90.24,0,,2024-06-13 18:13:00,train
TXN-2DEAB092F0E4,CUST-0392,89.14,AUD,expired_card,Expiration date is in the past,13,5,602,19,16,75.39,0,,2024-01-16 08:43:00,train
TXN-5DCE4C25871D,CUST-0079,49.02,USD,insufficient_funds,Payment failed: low account balance,58,9,1582,5,12,117.43,1,102.0,2024-05-27 05:45:00,test
TXN-0589D295EF11,CUST-0243,125.73,GBP,insufficient_funds,Insufficient funds in account,51,2,356,27,7,77.99,1,130.0,2024-04-06 01:50:00,train
TXN-EF21AA31A87E,CUST-0359,109.02,USD,temp_error,Processing system temporarily unavailable,41,6,1285,20,20,44.64,1,21.0,2024-01-04 21:22:00,test
TXN-0BC0853A9041,CUST-0203,609.02,USD,temp_error,"Temporary processing error, please retry",21,1,756,28,19,103.48,1,17.0,2024-06-19 23:13:00,train
TXN-40C12DBA21BB,CUST-0435,33.72,USD,insufficient_funds,Decline: NSF,6,4,1118,11,20,122.64,1,85.0,2024-09-06 04:15:00,train
TXN-AB5469F88BED,CUST-0112,166.77,USD,insufficient_funds,Payment failed: low account balance,58,2,115,16,6,62.98,1,87.0,2024-03-05 19:59:00,test
TXN-A89C7F51CBBD,CUST-0177,46.45,CAD,expired_card,Declined — expired card on file,28,2,426,12,10,184.68,0,,2024-11-10 19:43:00,train
TXN-95B2031D42E7,CUST-0391,139.75,GBP,auth_required,3D Secure authentication required,22,3,731,2,6,58.08,0,,2024-05-31 10:30:00,train
TXN-02CF47D0C0D0,CUST-0213,97.63,USD,insufficient_funds,Insufficient funds in account,40,8,1194,27,7,35.74,0,,2024-08-28 17:32:00,train
TXN-331911EE5F02,CUST-0486,34.3,EUR,fraud_flag,Card flagged for unusual activity,8,7,706,21,15,48.35,0,,2024-11-17 06:06:00,train
TXN-B81E276B8CF2,CUST-0170,201.89,EUR,insufficient_funds,Decline: NSF,29,0,126,10,18,48.84,1,94.0,2024-09-06 00:34:00,train
TXN-69ECB4BB49F2,CUST-0352,43.64,EUR,expired_card,Card has expired,29,2,144,5,8,42.82,0,,2024-01-06 20:35:00,train
TXN-629211E31BFD,CUST-0309,275.97,EUR,unknown,Payment declined — reason not specified,58,9,1141,12,17,49.83,1,60.0,2024-09-06 22:07:00,train
TXN-ABADA1C0CA35,CUST-0409,218.63,CAD,auth_required,SCA challenge required,2,5,1208,22,18,128.8,0,,2024-05-21 19:52:00,test
TXN-FCF09EAA6CCB,CUST-0201,39.01,USD,auth_required,SCA challenge required,6,7,1630,24,16,98.4,0,,2024-08-23 05:14:00,test
TXN-BC383E989AF1,CUST-0496,149.79,USD,unknown,Generic decline,48,7,1635,5,14,52.53,1,28.0,2024-02-07 04:43:00,test
TXN-9E970B67F716,CUST-0100,38.0,USD,temp_error,Processing system temporarily unavailable,40,9,132,4,11,67.49,1,3.0,2024-08-24 00:23:00,train
TXN-5DD37E3F1AD3,CUST-0233,130.09,EUR,insufficient_funds,Not enough balance,6,2,335,8,11,71.3,1,90.0,2024-11-06 03:56:00,train
TXN-9930E494C372,CUST-0387,66.36,EUR,insufficient_funds,Payment failed: low account balance,7,0,677,8,9,42.29,1,99.0,2024-02-25 03:12:00,test
TXN-B03511A71380,CUST-0289,29.77,USD,fraud_flag,Suspected fraudulent activity — transaction blocked,41,6,1391,2,11,111.81,0,,2024-08-19 20:50:00,train
TXN-2BD3536B52BC,CUST-0382,120.57,GBP,auth_required,SCA challenge required,37,5,596,11,13,90.32,1,67.0,2024-01-30 01:15:00,test
TXN-00EDC7CD212A,CUST-0463,40.42,EUR,unknown,Payment declined — reason not specified,39,4,293,27,21,24.46,1,34.0,2024-08-15 14:06:00,train
TXN-390C84E3CC81,CUST-0325,51.32,USD,insufficient_funds,Decline: NSF,28,5,1283,11,14,80.6,1,85.0,2024-12-07 22:53:00,test
TXN-6953C2A73D41,CUST-0262,18.2,EUR,insufficient_funds,Decline: NSF,46,4,547,26,20,45.79,1,113.0,2024-03-07 02:31:00,train
TXN-08221AA116D4,CUST-0195,17.33,USD,insufficient_funds,Decline: NSF,15,3,568,4,7,53.13,1,119.0,2024-08-17 22:09:00,train
TXN-6C8C7BE61549,CUST-0031,55.52,USD,expired_card,Card expiry passed,16,8,1586,17,20,138.52,1,95.0,2024-02-25 23:14:00,train
TXN-77240653E8A4,CUST-0187,16.4,USD,expired_card,Card expiry passed,3,8,121,3,21,29.82,0,,2024-03-08 02:16:00,train
TXN-58F813211DAB,CUST-0453,90.85,USD,expired_card,Card has expired,17,6,945,24,11,42.18,0,,2024-02-14 08:57:00,train
TXN-2A67979DB845,CUST-0337,35.5,USD,insufficient_funds,Payment failed: low account balance,40,9,1294,9,16,76.54,1,110.0,2024-11-18 02:33:00,train
TXN-45E7DC6DE473,CUST-0309,47.08,USD,auth_required,SCA challenge required,44,9,275,8,21,66.66,1,49.0,2024-11-10 09:16:00,test
TXN-D0148DB8C885,CUST-0027,568.0,CAD,insufficient_funds,Decline: NSF,59,6,1204,1,9,164.63,1,86.0,2024-12-20 04:36:00,train
TXN-7879973501E4,CUST-0119,30.07,EUR,expired_card,Card has expired,56,6,1831,9,12,58.66,0,,2024-03-21 02:38:00,test
TXN-087ED10DAAC8,CUST-0229,105.09,CAD,insufficient_funds,Decline: NSF,23,2,1398,2,20,150.31,1,121.0,2024-11-06 12:17:00,train
TXN-1F55A92996C4,CUST-0422,37.4,GBP,temp_error,Processing system temporarily unavailable,37,5,119,2,17,54.77,1,3.0,2024-04-18 01:53:00,test
TXN-6B2035E77A89,CUST-0252,64.47,USD,fraud_flag,Suspected fraudulent activity — transaction blocked,8,8,1525,18,18,92.29,0,,2024-01-07 13:46:00,train
TXN-E231125D2046,CUST-0102,109.23,GBP,expired_card,Card expiry passed,15,3,332,8,19,202.49,1,107.0,2024-10-18 01:40:00,train
TXN-0B978E22A81A,CUST-0048,77.37,EUR,hard_decline,Account closed,51,0,1135,22,13,23.9,0,,2024-07-26 14:24:00,train
TXN-036A8642E9A0,CUST-0217,145.97,USD,auth_required,3D Secure authentication required,57,8,1850,2,14,24.69,0,,2024-09-25 18:18:00,test
TXN-4F59F4562D07,CUST-0426,122.82,EUR,auth_required,SCA challenge required,29,1,672,19,19,87.98,1,48.0,2024-05-30 17:04:00,train
TXN-E6A4577E5E59,CUST-0401,273.65,USD,hard_decline,Account closed,55,5,1950,12,8,110.5,0,,2024-05-14 08:00:00,train
TXN-85C8FCDA26B9,CUST-0471,54.56,EUR,insufficient_funds,Insufficient funds in account,43,2,1671,15,10,27.56,0,,2024-01-28 01:15:00,train
TXN-F5D0E1B61771,CUST-0058,96.32,USD,auth_required,Additional verification required by issuing bank,22,8,1494,9,11,88.01,1,54.0,2024-11-09 00:50:00,train
TXN-FE49E6FA965D,CUST-0450,91.04,AUD,insufficient_funds,Decline: NSF,57,7,1134,20,17,47.92,1,123.0,2024-12-04 14:27:00,test
TXN-AE417C57695E,CUST-0239,63.2,USD,auth_required,Strong customer authentication needed,7,9,1690,2,15,32.99,1,39.0,2024-03-18 09:40:00,train
TXN-16CCA38EB373,CUST-0392,178.33,USD,temp_error,Network error during authorization,1,3,596,2,6,56.05,1,21.0,2024-05-15 17:47:00,test
TXN-4FAAC6FD1E25,CUST-0247,191.57,AUD,temp_error,"Temporary processing error, please retry",59,0,966,3,14,58.06,1,5.0,2024-03-20 13:56:00,train
TXN-179247B0D49E,CUST-0196,94.05,USD,auth_required,3D Secure authentication required,59,2,40,24,14,166.15,1,70.0,2024-07-15 12:49:00,train
TXN-7BEC647058C6,CUST-0295,44.97,USD,temp_error,Temporary bank unavailability,50,0,1308,12,13,72.67,1,1.0,2024-10-17 08:29:00,train
TXN-E0719394FCFB,CUST-0233,67.08,USD,insufficient_funds,Payment failed: low account balance,28,1,1435,4,17,108.06,1,126.0,2024-02-09 21:09:00,train
TXN-B4C81E7EC448,CUST-0296,115.84,USD,insufficient_funds,Payment failed: low account balance,4,5,72,10,21,73.29,1,128.0,2024-10-06 13:29:00,test
TXN-33DED3A7D037,CUST-0283,56.67,CAD,temp_error,Temporary bank unavailability,0,9,1817,26,20,27.75,1,21.0,2024-06-30 21:27:00,train
TXN-4B308BEA9FE9,CUST-0033,10.04,USD,hard_decline,Account closed,7,2,1250,15,11,19.56,0,,2024-05-08 11:12:00,train
TXN-C24E998660D8,CUST-0468,151.06,EUR,fraud_flag,Suspected fraudulent activity — transaction blocked,0,6,993,13,16,79.06,0,,2024-08-01 00:58:00,train
TXN-2EB5D1A95C01,CUST-0038,147.14,USD,unknown,Error code: 05,40,5,1494,11,11,34.28,1,57.0,2024-08-31 06:43:00,train
TXN-CECDE3EE4E18,CUST-0115,45.03,GBP,insufficient_funds,Insufficient funds in account,59,0,352,18,11,66.55,1,108.0,2024-07-13 06:03:00,train
TXN-D1A106F569FB,CUST-0379,133.69,USD,temp_error,"Temporary processing error, please retry",37,9,52,22,16,50.48,1,19.0,2024-02-23 11:58:00,train
TXN-A62EA6DBEC84,CUST-0459,38.9,USD,temp_error,"Temporary processing error, please retry",27,9,41,7,8,114.44,0,,2024-12-02 23:59:00,train
TXN-B0605CBF4C19,CUST-0372,199.57,USD,expired_card,Expiration date is in the past,59,8,1208,1,15,44.24,0,,2024-07-12 10:54:00,train
TXN-44ED5A9D960C,CUST-0229,24.86,EUR,expired_card,Declined — expired card on file,30,9,410,22,17,100.19,1,85.0,2024-01-26 01:57:00,train
TXN-661FDF24D667,CUST-0310,59.27,USD,temp_error,Processing system temporarily unavailable,38,8,1873,9,16,116.17,1,10.0,2024-10-11 09:09:00,train
TXN-0C9CA769D60C,CUST-0308,90.3,USD,hard_decline,Account closed,36,6,1921,19,8,66.48,0,,2024-11-02 20:06:00,train
TXN-BCA27445E890,CUST-0150,174.4,USD,temp_error,Processing system temporarily unavailable,28,5,39,20,18,87.74,1,22.0,2024-10-10 06:24:00,train
TXN-9DD931229B89,CUST-0496,17.66,USD,insufficient_funds,Not enough balance,20,0,534,9,14,78.94,0,,2024-02-04 09:46:00,train
TXN-2C3764A2E560,CUST-0184,80.13,GBP,expired_card,Declined — expired card on file,50,8,1597,19,10,59.96,0,,2024-04-02 16:30:00,train
TXN-B0F6F35C3BEF,CUST-0221,277.87,USD,expired_card,Expiration date is in the past,58,1,972,26,8,22.75,0,,2024-03-01 03:36:00,train
TXN-F55709123D92,CUST-0095,20.84,USD,auth_required,SCA challenge required,14,6,1057,25,15,79.02,1,51.0,2024-09-06 21:16:00,train
TXN-9DB585D4B59C,CUST-0202,51.4,USD,insufficient_funds,Insufficient funds in account,54,9,1444,4,9,101.46,1,126.0,2024-12-25 00:06:00,train
TXN-F4231048D11E,CUST-0401,143.58,CAD,insufficient_funds,Insufficient funds in account,55,7,529,3,20,28.2,1,100.0,2024-08-06 18:35:00,train
TXN-7FEBE14665C4,CUST-0070,21.93,USD,temp_error,Temporary bank unavailability,37,1,1011,15,17,67.96,1,9.0,2024-04-05 03:58:00,train
TXN-34971ABB0A40,CUST-0339,62.51,USD,temp_error,Gateway timeout,27,3,1780,21,17,42.96,1,8.0,2024-04-28 12:15:00,train
TXN-9FC382A4CB99,CUST-0300,30.95,USD,hard_decline,Invalid account number,59,9,1414,18,7,85.01,0,,2024-12-18 18:10:00,test
TXN-6AC413D620E1,CUST-0150,44.68,USD,hard_decline,Account closed,35,6,162,28,13,35.83,0,,2024-10-18 11:40:00,test
TXN-100CFAB79103,CUST-0481,11.18,EUR,temp_error,Processing system temporarily unavailable,36,4,149,14,19,38.97,1,19.0,2024-04-10 23:49:00,test
TXN-D1BF845CB836,CUST-0463,79.78,USD,expired_card,Expiration date is in the past,36,0,221,17,17,37.41,0,,2024-02-11 13:28:00,train
TXN-F6B53855A9AF,CUST-0446,13.6,EUR,expired_card,Declined — expired card on file,25,4,184,10,16,64.79,1,87.0,2024-10-14 14:04:00,test
TXN-C75D707FB751,CUST-0213,98.53,EUR,fraud_flag,Security flag triggered by issuer,40,1,1908,15,19,29.85,0,,2024-01-15 17:08:00,train
TXN-07804F9EC403,CUST-0312,101.67,USD,expired_card,Card has expired,6,4,1810,4,17,95.72,1,157.0,2024-04-08 16:00:00,train
TXN-F1417DCAF838,CUST-0498,24.42,USD,expired_card,Expiration date is in the past,2,5,428,7,12,70.91,1,141.0,2024-07-14 22:16:00,train
TXN-FDB5F11F4A85,CUST-0369,46.68,USD,expired_card,Expiration date is in the past,39,4,171,10,19,26.67,0,,2024-06-24 23:21:00,train
TXN-FEE6D9772EBE,CUST-0017,120.34,GBP,insufficient_funds,Not enough balance,29,1,356,18,11,25.3,1,88.0,2024-06-27 20:37:00,train
TXN-464E9CAD1E16,CUST-0266,36.4,USD,temp_error,Processing system temporarily unavailable,24,0,197,5,18,28.62,1,17.0,2024-09-09 05:48:00,train
TXN-32315DEB552D,CUST-0381,94.27,USD,expired_card,Declined — expired card on file,21,6,248,24,16,72.38,0,,2024-01-15 14:24:00,train
TXN-27747432E1EA,CUST-0319,68.87,EUR,temp_error,"Temporary processing error, please retry",54,6,731,13,6,20.14,1,11.0,2024-07-21 15:07:00,train
TXN-6E3424723436,CUST-0442,37.05,EUR,fraud_flag,Card flagged for unusual activity,58,1,1895,27,21,100.7,0,,2024-11-10 06:38:00,train
TXN-AE0E193CB7A5,CUST-0402,55.8,GBP,temp_error,Gateway timeout,28,5,1899,23,14,51.46,1,2.0,2024-05-17 02:22:00,train
TXN-2B254B8A266C,CUST-0133,29.26,USD,unknown,Processor response unclear,54,3,1195,3,18,123.03,0,,2024-06-13 12:52:00,test
TXN-8B9B6E7C7249,CUST-0090,25.66,EUR,temp_error,Gateway timeout,37,0,592,17,20,70.3,1,3.0,2024-06-08 06:03:00,train
TXN-51F9AA689D55,CUST-0208,462.41,EUR,expired_card,Card expiry passed,41,0,755,5,15,105.55,0,,2024-06-25 19:59:00,train
TXN-13E8F1ACAEB5,CUST-0498,200.94,EUR,fraud_flag,Security flag triggered by issuer,1,7,1008,24,9,55.28,0,,2024-11-04 02:25:00,train
TXN-E7FF3599E01F,CUST-0108,74.62,USD,fraud_flag,Suspected fraudulent activity — transaction blocked,9,6,295,25,20,59.54,0,,2024-12-14 19:28:00,train
TXN-BA2C12CD9B75,CUST-0130,49.69,EUR,expired_card,Card expiry passed,38,7,1467,9,9,64.32,0,,2024-12-23 22:08:00,train
TXN-C0D719C32029,CUST-0276,30.0,USD,temp_error,Gateway timeout,30,8,1849,14,10,23.88,1,8.0,2024-04-11 20:51:00,train
TXN-99B274425602,CUST-0200,71.91,EUR,unknown,Error code: 05,31,0,1011,12,15,113.82,0,,2024-09-30 05:47:00,train
TXN-483214211F07,CUST-0333,36.64,EUR,fraud_flag,Fraud prevention hold,38,7,1798,3,15,54.31,0,,2024-08-09 08:11:00,train
TXN-8BBAA5B64818,CUST-0347,96.86,GBP,temp_error,Network error during authorization,10,2,971,22,10,27.01,1,20.0,2024-10-11 03:32:00,train
TXN-8604DBE1AF6D,CUST-0097,39.33,EUR,temp_error,Temporary bank unavailability,23,0,454,15,11,181.76,1,18.0,2024-10-09 06:31:00,test
TXN-F8FFAC4F1749,CUST-0269,210.7,USD,expired_card,Card expiry passed,21,9,1783,21,18,47.76,0,,2024-01-06 22:11:00,test
TXN-A48EDB3F55BE,CUST-0196,17.56,GBP,insufficient_funds,Decline: NSF,4,9,46,5,17,41.75,1,129.0,2024-05-07 06:45:00,train
TXN-ACF24E3CD6B8,CUST-0205,180.47,EUR,auth_required,Strong customer authentication needed,7,3,590,27,14,54.07,0,,2024-12-03 10:40:00,train
TXN-586789F1D0AF,CUST-0448,154.33,USD,temp_error,Temporary bank unavailability,6,9,1461,8,13,62.22,1,3.0,2024-11-20 15:49:00,train
TXN-416E4383A47B,CUST-0200,155.46,USD,insufficient_funds,Insufficient funds in account,57,3,1478,13,7,34.76,1,95.0,2024-06-27 17:05:00,train
TXN-875D1B4E8C59,CUST-0172,134.3,USD,temp_error,Temporary bank unavailability,26,3,1114,27,9,48.13,1,7.0,2024-03-29 00:14:00,train
TXN-E8B9FC0E19AB,CUST-0215,191.68,EUR,hard_decline,Card reported lost or stolen,30,6,1969,13,7,37.16,0,,2024-01-14 08:25:00,train
TXN-23B08A26093E,CUST-0265,69.87,USD,temp_error,Gateway timeout,8,1,1399,26,15,140.58,1,9.0,2024-02-11 00:26:00,train
TXN-51E2DB0E03D6,CUST-0457,40.16,USD,expired_card,Card expiry passed,46,3,1601,20,15,59.99,0,,2024-08-17 12:02:00,train
TXN-9000C960B0E0,CUST-0487,46.35,USD,insufficient_funds,Not enough balance,26,9,1059,13,21,24.3,1,102.0,2024-02-06 05:18:00,train
TXN-D58C0CC4447A,CUST-0343,129.59,USD,insufficient_funds,Insufficient funds in account,50,8,331,22,9,28.81,1,117.0,2024-07-14 04:49:00,train
TXN-F806EDC771FE,CUST-0443,56.8,GBP,insufficient_funds,Payment failed: low account balance,33,0,1847,17,19,29.54,1,121.0,2024-03-24 00:24:00,train
TXN-75405371AD23,CUST-0092,72.8,GBP,expired_card,Declined — expired card on file,27,5,210,22,14,109.55,0,,2024-11-30 09:19:00,train
TXN-6D8C2D9052B1,CUST-0014,298.36,GBP,expired_card,Card has expired,36,9,721,18,20,53.58,0,,2024-02-10 07:47:00,train
TXN-EAEA8B307798,CUST-0211,27.31,EUR,temp_error,Processing system temporarily unavailable,42,6,995,2,19,96.17,1,6.0,2024-09-10 22:15:00,train
TXN-CD4F70952B5D,CUST-0313,51.68,EUR,auth_required,3D Secure authentication required,5,4,466,13,7,47.27,0,,2024-06-15 03:16:00,train
TXN-7D13BA9617CC,CUST-0479,83.18,USD,insufficient_funds,Not enough balance,55,3,1030,11,8,110.08,1,103.0,2024-10-20 07:01:00,train
TXN-B6AEC214FC69,CUST-0493,8.63,USD,expired_card,Declined — expired card on file,57,0,1534,2,10,86.82,0,,2024-08-01 09:22:00,train
TXN-DA2F66FCC900,CUST-0436,161.97,USD,unknown,Error code: 05,47,7,421,7,18,27.79,0,,2024-07-04 03:24:00,train
TXN-79EAD53C7B3E,CUST-0078,10.22,USD,insufficient_funds,Insufficient funds in account,20,1,1854,15,13,133.87,1,110.0,2024-05-16 06:11:00,train
TXN-7A28C2CCA441,CUST-0219,139.69,USD,auth_required,Additional verification required by issuing bank,20,3,628,22,21,29.37,0,,2024-05-07 07:53:00,test
TXN-EBD81673F0AC,CUST-0197,55.9,GBP,insufficient_funds,Decline: NSF,41,5,594,6,13,108.33,1,121.0,2024-10-16 02:31:00,train
TXN-86A921607C17,CUST-0069,57.08,USD,temp_error,Temporary bank unavailability,52,1,941,14,9,80.62,1,8.0,2024-01-03 08:37:00,train
TXN-CC72B622A7DE,CUST-0200,48.2,USD,insufficient_funds,Not enough balance,15,4,1433,7,14,29.85,1,57.0,2024-08-07 14:43:00,test
TXN-DB92B88F7AA5,CUST-0087,33.83,CAD,unknown,Unknown decline code from processor,52,7,16,25,7,205.11,1,67.0,2024-01-15 11:43:00,test
TXN-E050EE1E1A4B,CUST-0245,103.04,USD,temp_error,"Temporary processing error, please retry",17,6,1887,9,8,36.72,1,15.0,2024-10-24 18:50:00,test
TXN-804D0C95DB61,CUST-0403,82.7,AUD,expired_card,Declined — expired card on file,56,0,1464,25,8,51.81,0,,2024-11-18 12:29:00,train
TXN-7275CD81E8F7,CUST-0140,127.89,GBP,fraud_flag,Security flag triggered by issuer,32,4,661,24,16,41.02,0,,2024-06-28 11:55:00,train
TXN-B9015A012E1F,CUST-0224,260.18,USD,insufficient_funds,Not enough balance,36,0,1865,18,8,44.97,1,102.0,2024-01-14 09:53:00,train
TXN-C761EC9C4EE4,CUST-0056,112.73,EUR,insufficient_funds,Insufficient funds in account,12,6,329,6,16,29.75,1,99.0,2024-10-31 08:02:00,test
TXN-68F84DB41718,CUST-0287,108.6,GBP,temp_error,Processing system temporarily unavailable,10,9,1123,12,13,94.09,1,22.0,2024-08-22 01:09:00,train
TXN-E07B4E7C01C1,CUST-0452,69.62,USD,auth_required,Additional verification required by issuing bank,28,3,1230,22,10,93.36,1,64.0,2024-06-26 17:52:00,train
TXN-25679804A0B4,CUST-0480,127.69,USD,auth_required,Strong customer authentication needed,22,5,708,6,19,39.15,1,53.0,2024-01-29 11:52:00,test
TXN-1D08DC6D3106,CUST-0283,74.2,USD,temp_error,Processing system temporarily unavailable,23,0,1064,24,14,34.11,1,12.0,2024-10-30 09:56:00,train
TXN-A74A3D656336,CUST-0110,68.69,GBP,auth_required,SCA challenge required,34,1,1747,19,13,35.76,0,,2024-10-14 08:57:00,train
TXN-77223076E2BC,CUST-0461,84.26,USD,insufficient_funds,Not enough balance,34,8,1464,3,9,22.26,1,90.0,2024-10-21 21:05:00,train
TXN-90E61F933B08,CUST-0430,82.91,GBP,insufficient_funds,Not enough balance,9,4,498,5,8,55.16,1,85.0,2024-05-30 11:08:00,train
TXN-F1846E843113,CUST-0486,171.3,GBP,auth_required,3D Secure authentication required,9,1,1249,17,18,61.35,1,65.0,2024-10-12 16:07:00,train
TXN-B95C5F8E7F0F,CUST-0302,228.82,EUR,expired_card,Card expiry passed,14,9,1859,6,17,114.68,0,,2024-10-09 01:30:00,train
TXN-CEE736F71269,CUST-0407,21.51,EUR,hard_decline,Do not honor,25,8,242,26,19,92.96,0,,2024-09-21 09:09:00,train
TXN-B940696891C2,CUST-0323,116.13,USD,hard_decline,Card reported lost or stolen,33,7,483,24,8,77.38,0,,2024-06-16 18:38:00,train
TXN-6AA2D9CD6A80,CUST-0128,69.64,EUR,insufficient_funds,Card declined — insufficient funds,9,5,1195,13,8,36.41,0,,2024-10-27 03:50:00,train
TXN-D5D13E3A73C6,CUST-0282,200.64,EUR,hard_decline,Card permanently blocked,56,3,341,22,17,61.53,0,,2024-01-26 06:33:00,train
TXN-DD0FB9C75D12,CUST-0205,20.49,USD,temp_error,Network error during authorization,30,3,1571,21,16,61.7,1,24.0,2024-07-25 21:57:00,train
TXN-61725A1887D1,CUST-0014,36.53,USD,insufficient_funds,Decline: NSF,46,4,1968,22,8,49.29,0,,2024-04-14 00:53:00,train
TXN-5EFBBA59B9F8,CUST-0382,104.0,EUR,unknown,Generic decline,25,5,1784,24,10,25.58,1,31.0,2024-10-05 00:59:00,train
TXN-12CEFBBF0001,CUST-0320,39.93,USD,expired_card,Card expiry passed,10,3,919,9,6,42.19,1,102.0,2024-03-07 17:01:00,train
TXN-B2E62A5CED4D,CUST-0368,36.98,CAD,insufficient_funds,Insufficient funds in account,34,0,1222,12,15,16.06,0,,2024-07-13 23:42:00,test
TXN-AB4634EC638D,CUST-0150,64.67,USD,insufficient_funds,Insufficient funds in account,7,9,210,19,19,110.13,1,120.0,2024-08-13 23:49:00,train
TXN-010E56507CEA,CUST-0166,18.65,EUR,auth_required,SCA challenge required,15,6,1230,7,19,27.71,1,61.0,2024-02-19 09:07:00,train
TXN-FF76673ABEB0,CUST-0428,158.11,EUR,insufficient_funds,Payment failed: low account balance,37,1,854,3,21,28.6,1,96.0,2024-06-11 03:59:00,test
TXN-836736B7B60C,CUST-0042,29.04,GBP,expired_card,Expiration date is in the past,57,5,983,11,12,45.19,0,,2024-12-10 00:36:00,test
TXN-C00C437306FD,CUST-0259,54.64,USD,expired_card,Expiration date is in the past,2,8,1319,25,11,59.78,0,,2024-01-25 20:16:00,train
TXN-B8042B23B664,CUST-0179,168.48,USD,fraud_flag,Security flag triggered by issuer,54,4,1186,9,6,77.98,0,,2024-04-21 12:31:00,train
TXN-289EE2121B21,CUST-0093,57.86,USD,expired_card,Card has expired,9,6,571,21,11,63.01,0,,2024-03-19 03:01:00,train
TXN-249660D3987F,CUST-0045,104.11,GBP,hard_decline,Account closed,50,5,817,15,7,30.21,0,,2024-07-16 03:28:00,test
TXN-48E0212EC56C,CUST-0390,49.78,USD,temp_error,Gateway timeout,53,7,604,7,20,63.26,1,7.0,2024-09-12 18:00:00,test
TXN-AB9258C9FD77,CUST-0436,222.25,GBP,insufficient_funds,Not enough balance,3,8,1137,14,13,45.3,1,89.0,2024-11-14 21:29:00,train
TXN-BF2FF97966A3,CUST-0424,65.44,GBP,insufficient_funds,Insufficient funds in account,24,4,558,1,21,37.72,1,92.0,2024-11-17 14:37:00,train
TXN-034505E88F48,CUST-0345,31.97,USD,auth_required,Additional verification required by issuing bank,21,0,309,13,9,58.96,0,,2024-03-22 02:19:00,test
TXN-2F36E1A0C73C,CUST-0493,7.41,USD,insufficient_funds,Decline: NSF,16,2,1365,24,9,19.06,0,,2024-06-26 12:06:00,test
TXN-32DD0723129E,CUST-0470,123.76,USD,auth_required,SCA challenge required,8,7,1267,14,9,84.23,0,,2024-10-24 06:29:00,train
TXN-BE00D3D9E194,CUST-0093,40.15,USD,insufficient_funds,Card declined — insufficient funds,9,0,823,22,16,51.84,1,89.0,2024-07-13 20:11:00,train
TXN-7808EB1435D1,CUST-0346,45.28,EUR,fraud_flag,Suspected fraudulent activity — transaction blocked,54,8,360,9,15,23.84,0,,2024-11-19 18:31:00,train
TXN-12BC8859C82C,CUST-0239,142.51,USD,insufficient_funds,Card declined — insufficient funds,27,8,808,8,12,78.27,1,95.0,2024-08-27 23:22:00,train
TXN-EB7E1B27DA8A,CUST-0142,119.27,USD,unknown,Processor response unclear,32,0,1912,24,21,128.49,0,,2024-11-19 14:52:00,train
TXN-CFD0F53FCA4C,CUST-0393,80.85,CAD,insufficient_funds,Insufficient funds in account,25,0,230,21,20,72.09,0,,2024-01-01 00:28:00,train
TXN-64DB28340A8F,CUST-0254,65.32,USD,auth_required,Additional verification required by issuing bank,56,9,1625,14,20,74.17,0,,2024-11-21 02:39:00,train
TXN-4903A1198221,CUST-0121,103.07,GBP,expired_card,Card expiry passed,20,1,349,27,12,64.43,0,,2024-04-01 11:46:00,train
TXN-63689A95CC81,CUST-0318,342.95,USD,expired_card,Expiration date is in the past,59,4,788,10,15,95.97,1,150.0,2024-05-31 01:25:00,train
TXN-93CB318A01A0,CUST-0000,36.83,USD,expired_card,Card has expired,1,4,1493,19,14,65.07,1,153.0,2024-03-06 19:53:00,train
TXN-BEFEE2CECCCB,CUST-0326,92.34,USD,fraud_flag,Security flag triggered by issuer,29,7,895,22,14,73.54,0,,2024-12-27 14:09:00,train
TXN-DEB182581969,CUST-0249,88.47,USD,auth_required,SCA challenge required,33,7,27,21,7,34.32,0,,2024-10-11 11:13:00,train
TXN-67AC9DEA3F9D,CUST-0362,57.06,USD,expired_card,Card has expired,47,8,595,2,14,65.47,0,,2024-10-10 11:30:00,train
TXN-3B99686CDD17,CUST-0043,31.87,AUD,fraud_flag,Suspected fraudulent activity — transaction blocked,1,4,281,16,10,44.63,0,,2024-03-02 22:08:00,test
TXN-6DAB9BB03A93,CUST-0286,60.74,EUR,insufficient_funds,Insufficient funds in account,27,2,348,2,6,87.62,1,88.0,2024-12-08 07:15:00,train
TXN-01816B877983,CUST-0244,229.11,AUD,temp_error,Network error during authorization,57,7,1715,3,21,90.92,1,18.0,2024-06-12 16:46:00,test
TXN-B266B3F4547F,CUST-0378,14.72,USD,insufficient_funds,Insufficient funds in account,54,7,1725,21,11,70.74,1,99.0,2024-02-22 06:14:00,train
TXN-E82F5D9301BA,CUST-0458,112.11,EUR,insufficient_funds,Insufficient funds in account,17,8,837,19,11,70.16,1,90.0,2024-07-26 16:54:00,train
TXN-335A390BBF59,CUST-0249,255.28,EUR,expired_card,Card expiry passed,56,7,237,10,7,82.9,0,,2024-10-15 10:54:00,train
TXN-9BB011704E84,CUST-0257,147.55,EUR,auth_required,3D Secure authentication required,20,0,1936,21,19,25.6,0,,2024-10-28 22:12:00,train
TXN-7DB3E26F2E6B,CUST-0457,64.21,USD,expired_card,Declined — expired card on file,48,0,1629,14,14,27.7,1,126.0,2024-01-16 05:46:00,train
TXN-F37CFED45B9A,CUST-0461,67.83,USD,hard_decline,Invalid account number,31,7,1602,1,20,78.64,0,,2024-05-15 11:27:00,train
TXN-88D88470BB8E,CUST-0077,84.73,EUR,expired_card,Card has expired,1,6,1287,14,13,59.25,0,,2024-02-16 03:41:00,train
TXN-424F34272CF7,CUST-0025,28.58,USD,temp_error,"Temporary processing error, please retry",2,2,538,27,18,33.92,1,1.0,2024-03-05 12:47:00,train
TXN-D661A839A5E1,CUST-0088,139.71,USD,temp_error,Gateway timeout,32,9,798,22,12,73.28,1,23.0,2024-03-30 03:48:00,test
TXN-FBF3F2DDA9E1,CUST-0075,19.29,USD,insufficient_funds,Not enough balance,37,4,1113,20,14,101.65,1,131.0,2024-09-23 19:43:00,train
TXN-93B51EC69771,CUST-0076,36.54,USD,auth_required,Strong customer authentication needed,56,8,1461,6,8,75.24,1,55.0,2024-02-10 03:35:00,train
TXN-900AD8F65BE1,CUST-0082,159.96,USD,auth_required,SCA challenge required,35,0,489,14,15,40.12,1,35.0,2024-12-26 15:27:00,train
TXN-B745C2DDBB14,CUST-0272,58.23,USD,expired_card,Card has expired,11,8,750,23,9,35.72,1,103.0,2024-09-23 19:04:00,train
TXN-62DBA75893A3,CUST-0113,22.05,EUR,expired_card,Card expiry passed,23,0,803,8,8,43.69,1,123.0,2024-10-27 03:09:00,train
TXN-BFEE028DFAAF,CUST-0387,36.67,USD,insufficient_funds,Insufficient funds in account,58,5,1365,11,19,314.41,1,98.0,2024-05-02 17:31:00,train
TXN-0211C56F699A,CUST-0243,50.26,EUR,expired_card,Card has expired,58,6,648,20,16,31.23,0,,2024-02-11 11:54:00,train
TXN-1A71A1FD0321,CUST-0440,222.81,USD,expired_card,Declined — expired card on file,22,5,1268,9,7,126.15,1,116.0,2024-11-16 19:25:00,train
TXN-75DFFB55B02A,CUST-0189,137.32,EUR,hard_decline,Card permanently blocked,11,1,1485,11,18,72.68,0,,2024-04-21 15:32:00,train
TXN-3C5851381842,CUST-0206,135.58,USD,expired_card,Card expiry passed,25,8,1792,14,17,59.73,0,,2024-08-04 11:27:00,train
TXN-490A83128311,CUST-0435,45.48,USD,expired_card,Expiration date is in the past,50,4,1069,3,12,54.34,0,,2024-05-02 07:44:00,train
TXN-E72FCDEF1318,CUST-0148,213.05,USD,expired_card,Card expiry passed,55,4,1755,4,10,34.22,0,,2024-12-13 20:42:00,train
TXN-52CFBDA223CA,CUST-0323,75.9,USD,insufficient_funds,Card declined — insufficient funds,44,1,1914,14,13,53.2,1,114.0,2024-11-19 11:09:00,test
TXN-2CFE437DE837,CUST-0205,198.69,EUR,insufficient_funds,Decline: NSF,56,4,1381,11,19,120.77,1,123.0,2024-08-22 23:41:00,train
TXN-0733EFE7FAD3,CUST-0158,57.08,USD,fraud_flag,Suspected fraudulent activity — transaction blocked,27,7,668,10,8,30.34,0,,2024-02-09 05:48:00,train
TXN-A4042C4FE827,CUST-0046,225.7,USD,hard_decline,Account closed,47,0,1990,17,14,38.31,0,,2024-04-14 02:55:00,train
TXN-508A12892AEC,CUST-0350,37.69,CAD,fraud_flag,Suspected fraudulent activity — transaction blocked,37,9,321,5,6,64.56,0,,2024-10-25 05:03:00,train
TXN-A0059B66585E,CUST-0455,226.42,EUR,auth_required,SCA challenge required,2,9,206,9,6,98.39,0,,2024-09-02 10:27:00,train
TXN-80DF51379408,CUST-0440,189.21,GBP,temp_error,Processing system temporarily unavailable,51,5,99,3,21,29.6,1,12.0,2024-06-18 01:04:00,train
TXN-FAD61A49FB4F,CUST-0305,45.02,USD,auth_required,Strong customer authentication needed,2,1,1825,27,9,117.38,0,,2024-08-07 23:27:00,train
TXN-6ABABC05CAB7,CUST-0063,214.58,CAD,expired_card,Card expiry passed,2,2,1077,8,20,55.81,0,,2024-03-17 19:51:00,train
TXN-72D2724D0A24,CUST-0007,115.72,USD,auth_required,SCA challenge required,18,8,1679,19,11,134.33,1,35.0,2024-04-07 00:57:00,test
TXN-8573F4C27ECC,CUST-0018,26.2,USD,insufficient_funds,Payment failed: low account balance,42,0,680,8,9,52.76,0,,2024-04-22 01:56:00,train
TXN-08A857E41963,CUST-0364,26.19,CAD,hard_decline,Do not honor,1,8,957,1,11,29.76,0,,2024-01-28 03:08:00,test
TXN-19A636E4FD3C,CUST-0478,107.28,USD,temp_error,"Temporary processing error, please retry",43,0,1842,6,8,121.38,1,22.0,2024-11-29 09:16:00,train
TXN-C06DB5CCD0AC,CUST-0113,28.73,USD,temp_error,Gateway timeout,38,0,1359,6,6,68.17,1,4.0,2024-01-09 14:19:00,train
TXN-6D1983B99C7E,CUST-0156,123.82,USD,fraud_flag,Fraud prevention hold,31,7,826,4,7,88.44,0,,2024-10-17 05:41:00,train
TXN-AD5070BEB854,CUST-0401,34.47,GBP,auth_required,3D Secure authentication required,11,1,232,23,18,74.64,1,27.0,2024-02-18 21:46:00,train
TXN-A07A0082A2F1,CUST-0122,74.38,USD,expired_card,Declined — expired card on file,20,0,598,5,10,47.8,1,141.0,2024-01-20 04:52:00,train
TXN-80D21732B1F1,CUST-0179,82.62,GBP,auth_required,SCA challenge required,37,2,232,16,19,58.48,1,54.0,2024-04-24 12:08:00,train
TXN-E944C63083B2,CUST-0058,50.27,USD,expired_card,Card has expired,35,8,1235,27,10,39.83,0,,2024-12-19 07:48:00,train
TXN-290FC9BFF745,CUST-0467,79.92,GBP,temp_error,Gateway timeout,45,6,1681,27,19,21.8,1,1.0,2024-06-05 06:49:00,test
TXN-F84507329AC0,CUST-0101,60.49,EUR,unknown,Generic decline,39,0,541,26,21,59.05,1,64.0,2024-09-25 17:29:00,train
TXN-7E5561FC67F9,CUST-0082,153.62,USD,insufficient_funds,Payment failed: low account balance,52,9,575,27,11,23.98,1,131.0,2024-01-29 01:12:00,train
TXN-0E6AC4A40CE6,CUST-0419,73.24,USD,temp_error,Processing system temporarily unavailable,25,2,1867,22,15,67.03,1,21.0,2024-01-19 13:52:00,train
TXN-3E67FB3164F4,CUST-0360,79.53,USD,insufficient_funds,Payment failed: low account balance,45,8,736,21,20,43.06,1,124.0,2024-06-07 08:41:00,train
TXN-92C4C30FEEAF,CUST-0257,52.78,USD,expired_card,Card has expired,4,1,1122,28,21,64.24,0,,2024-12-08 05:40:00,train
TXN-55C9B33AFB15,CUST-0186,282.63,USD,auth_required,Additional verification required by issuing bank,49,0,1610,20,19,13.35,1,39.0,2024-04-15 00:48:00,test
TXN-99E9078E3530,CUST-0384,200.48,GBP,insufficient_funds,Card declined — insufficient funds,3,8,1252,2,16,35.35,1,99.0,2024-02-09 16:37:00,train
TXN-C22B53118EDE,CUST-0343,48.32,USD,temp_error,Network error during authorization,19,7,477,7,18,20.26,1,22.0,2024-06-09 04:54:00,train
TXN-8743473E3CCE,CUST-0418,128.92,CAD,insufficient_funds,Insufficient funds in account,50,8,1707,11,17,64.43,0,,2024-07-31 13:35:00,test
TXN-8F42BDC79A24,CUST-0169,89.79,USD,fraud_flag,Fraud prevention hold,9,6,632,18,15,57.27,0,,2024-01-12 21:16:00,train
TXN-EDECEA340BE3,CUST-0123,105.62,USD,auth_required,Additional verification required by issuing bank,21,0,1381,20,15,57.02,1,30.0,2024-05-11 02:50:00,train
TXN-D370FB7653DC,CUST-0289,61.63,USD,insufficient_funds,Card declined — insufficient funds,50,6,158,13,16,65.62,1,82.0,2024-08-12 08:15:00,train
TXN-66ADCC8C3A52,CUST-0360,48.78,EUR,unknown,Unknown decline code from processor,56,0,91,16,19,65.34,1,51.0,2024-10-07 20:15:00,test
TXN-C5079B2207B1,CUST-0005,30.15,GBP,insufficient_funds,Payment failed: low account balance,34,7,445,8,8,62.55,1,54.0,2024-06-08 14:39:00,train
TXN-1A22CD251EA1,CUST-0200,29.02,USD,auth_required,SCA challenge required,18,4,1544,9,12,28.17,1,66.0,2024-05-24 19:03:00,train
TXN-56EB5B0A709F,CUST-0376,84.71,USD,fraud_flag,Card flagged for unusual activity,6,6,139,17,6,42.96,0,,2024-06-02 01:31:00,train
TXN-772F24ED2A63,CUST-0040,65.38,GBP,fraud_flag,Fraud prevention hold,36,3,437,24,6,112.4,0,,2024-06-01 07:53:00,train
TXN-8CDFDC11C8DC,CUST-0248,96.19,USD,expired_card,Declined — expired card on file,7,2,1729,2,19,38.86,0,,2024-05-31 22:52:00,train
TXN-693AA088BCE2,CUST-0126,97.58,USD,expired_card,Card expiry passed,51,5,1778,4,18,171.34,1,86.0,2024-09-11 05:21:00,train
TXN-0D7AF8B67F04,CUST-0239,112.39,USD,insufficient_funds,Card declined — insufficient funds,18,0,1720,12,21,45.08,1,108.0,2024-09-03 15:41:00,train
TXN-7379E21F4DFA,CUST-0439,169.35,USD,auth_required,3D Secure authentication required,7,2,1599,16,16,44.24,1,71.0,2024-02-02 16:24:00,train
TXN-4CE8CF328224,CUST-0352,230.82,USD,expired_card,Card expiry passed,38,4,1282,28,20,52.78,0,,2024-10-04 15:13:00,train
TXN-31F62D7913B9,CUST-0416,97.94,EUR,insufficient_funds,Payment failed: low account balance,18,7,250,1,17,53.33,0,,2024-09-10 18:31:00,train
TXN-ADCB462ADD3D,CUST-0302,140.89,EUR,auth_required,3D Secure authentication required,42,3,864,23,14,34.88,1,59.0,2024-04-07 02:40:00,train
TXN-954DB2F59DFA,CUST-0284,29.23,EUR,expired_card,Card expiry passed,45,8,1632,13,9,44.03,0,,2024-12-16 17:47:00,test
TXN-F47B0D515F8F,CUST-0461,16.71,USD,temp_error,Gateway timeout,22,6,1996,5,21,45.28,1,21.0,2024-12-26 14:10:00,test
TXN-AEB86B023062,CUST-0300,178.85,USD,auth_required,SCA challenge required,24,7,1171,4,18,53.42,1,63.0,2024-10-06 00:14:00,train
TXN-8440B1A8EF9F,CUST-0007,52.01,AUD,insufficient_funds,Payment failed: low account balance,15,1,1047,22,13,44.26,1,123.0,2024-08-08 14:17:00,train
TXN-FBA837910A29,CUST-0142,40.35,EUR,insufficient_funds,Decline: NSF,30,6,1748,1,14,68.32,1,98.0,2024-02-23 00:51:00,train
TXN-85FBE1698A26,CUST-0245,25.88,EUR,expired_card,Card expiry passed,29,1,931,13,14,25.82,0,,2024-02-17 20:03:00,train
TXN-A1E2474D021E,CUST-0439,27.72,USD,unknown,Unknown decline code from processor,22,6,1849,4,15,62.12,1,46.0,2024-05-08 05:37:00,train
TXN-128742F24AA4,CUST-0410,38.61,GBP,insufficient_funds,Insufficient funds in account,52,9,1654,20,19,60.14,1,123.0,2024-06-01 12:27:00,train
TXN-4808635EFD80,CUST-0048,137.02,USD,expired_card,Expiration date is in the past,1,2,288,19,16,84.4,0,,2024-05-22 17:01:00,train
TXN-78D921B3465D,CUST-0233,84.93,EUR,temp_error,Network error during authorization,24,3,1570,18,15,34.18,1,18.0,2024-04-02 13:12:00,test
TXN-45375D638929,CUST-0254,27.67,USD,insufficient_funds,Insufficient funds in account,51,8,1281,4,18,113.93,1,105.0,2024-01-17 11:37:00,train
TXN-21B7A75A5595,CUST-0003,68.93,USD,temp_error,Temporary bank unavailability,0,9,1571,8,20,68.64,1,9.0,2024-01-02 03:28:00,train
TXN-63F1717A0F7A,CUST-0099,51.07,USD,temp_error,Processing system temporarily unavailable,5,5,1629,28,9,154.99,1,10.0,2024-05-20 10:08:00,train
TXN-47C55A4A75A9,CUST-0113,41.48,CAD,expired_card,Card expiry passed,30,5,1457,28,21,50.58,1,154.0,2024-10-05 06:13:00,test
TXN-BBC8E112A498,CUST-0403,94.27,GBP,expired_card,Expiration date is in the past,45,7,1353,8,7,32.27,0,,2024-05-02 12:55:00,train
TXN-E313C3B204C7,CUST-0401,58.63,USD,temp_error,Network error during authorization,24,8,1618,20,14,70.64,1,15.0,2024-12-20 09:48:00,test
TXN-170B93E9974E,CUST-0251,103.16,USD,insufficient_funds,Not enough balance,18,7,1203,10,16,111.53,1,124.0,2024-06-06 14:40:00,train
TXN-31DABDA99E3A,CUST-0211,80.87,GBP,expired_card,Declined — expired card on file,27,4,286,16,21,38.73,0,,2024-02-09 17:00:00,train
TXN-D43028A2219D,CUST-0353,7.83,USD,temp_error,Network error during authorization,46,5,51,28,6,88.38,1,8.0,2024-05-31 21:24:00,train
TXN-3A5BEDAA029E,CUST-0114,294.81,CAD,temp_error,"Temporary processing error, please retry",33,8,1017,8,14,60.81,1,6.0,2024-01-26 04:37:00,test
TXN-9CF377641BA6,CUST-0039,25.13,EUR,expired_card,Declined — expired card on file,8,4,1336,20,10,21.95,1,140.0,2024-04-27 09:37:00,train
TXN-A32445442766,CUST-0045,99.24,USD,unknown,Generic decline,56,6,835,7,7,16.86,1,43.0,2024-10-01 09:51:00,train
TXN-BB2A750E97D4,CUST-0197,73.32,USD,unknown,Processor response unclear,22,0,1161,17,10,43.92,0,,2024-12-13 11:09:00,train
TXN-CB5739329E8E,CUST-0460,175.0,USD,hard_decline,Account closed,2,3,1026,26,9,31.0,0,,2024-04-15 16:47:00,test
TXN-288B630691C5,CUST-0162,42.28,USD,expired_card,Expiration date is in the past,42,8,456,20,14,40.54,0,,2024-04-08 17:08:00,train
TXN-3BFC0F23C85F,CUST-0452,85.91,GBP,expired_card,Expiration date is in the past,13,9,717,14,13,32.77,1,80.0,2024-11-19 07:52:00,train
TXN-ECC2D489D9A8,CUST-0240,245.34,EUR,temp_error,"Temporary processing error, please retry",36,0,332,5,16,38.47,1,14.0,2024-09-02 20:00:00,test
TXN-58B188B45E65,CUST-0013,315.28,USD,expired_card,Declined — expired card on file,10,7,1277,19,15,63.9,0,,2024-12-04 21:58:00,train
TXN-F496B4BBBC5B,CUST-0054,160.66,EUR,insufficient_funds,Insufficient funds in account,3,2,80,20,12,22.9,0,,2024-10-16 16:48:00,train
TXN-13987F175D93,CUST-0175,25.6,GBP,insufficient_funds,Decline: NSF,9,2,704,11,13,59.16,1,114.0,2024-08-30 16:43:00,train
TXN-26FA5FDFBFA3,CUST-0360,39.79,USD,temp_error,Processing system temporarily unavailable,43,0,1410,14,8,66.62,1,19.0,2024-04-24 03:27:00,train
TXN-54EBA927674E,CUST-0176,119.98,USD,auth_required,Additional verification required by issuing bank,49,0,1113,6,18,22.81,0,,2024-01-05 01:52:00,train
TXN-ED23BD712B13,CUST-0249,91.76,USD,insufficient_funds,Payment failed: low account balance,22,5,1809,14,9,53.6,1,116.0,2024-03-25 16:32:00,train
TXN-462A9A46200E,CUST-0373,51.21,GBP,auth_required,Additional verification required by issuing bank,33,5,1391,10,15,79.25,1,37.0,2024-06-19 22:19:00,train
TXN-7A2ACA954D32,CUST-0192,69.99,USD,insufficient_funds,Payment failed: low account balance,10,9,1662,6,21,23.42,1,101.0,2024-04-18 00:39:00,train
TXN-B4D3EEA9A4D9,CUST-0160,56.03,EUR,temp_error,Temporary bank unavailability,56,8,444,16,8,80.96,1,12.0,2024-11-25 00:20:00,train
TXN-020AAEF39D8C,CUST-0058,28.65,USD,insufficient_funds,Not enough balance,57,9,1984,27,11,22.89,1,109.0,2024-03-18 01:42:00,train
TXN-93443482AA3D,CUST-0348,26.98,USD,fraud_flag,Suspected fraudulent activity — transaction blocked,6,3,1060,15,15,105.99,0,,2024-08-18 12:20:00,train
TXN-D48F2186A2DB,CUST-0135,169.45,USD,insufficient_funds,Card declined — insufficient funds,8,5,332,7,19,70.3,1,126.0,2024-03-01 02:26:00,train
TXN-4A162F08824B,CUST-0291,70.74,USD,expired_card,Declined — expired card on file,15,3,601,10,8,49.3,0,,2024-04-26 17:24:00,train
TXN-DFB6C4A3DF22,CUST-0033,81.05,CAD,insufficient_funds,Decline: NSF,14,2,201,3,18,65.12,1,101.0,2024-08-12 12:14:00,train
TXN-29056B09C04F,CUST-0201,95.94,USD,expired_card,Declined — expired card on file,46,8,1856,20,14,37.16,1,118.0,2024-07-12 17:20:00,train
TXN-7BE63CA9BA12,CUST-0034,65.16,USD,temp_error,Gateway timeout,41,2,96,12,15,86.06,1,10.0,2024-07-04 10:19:00,test
TXN-6B0288F88FF6,CUST-0382,132.27,GBP,fraud_flag,Card flagged for unusual activity,50,7,937,25,7,30.91,0,,2024-07-21 19:43:00,train
TXN-DE93CB017434,CUST-0017,99.65,USD,expired_card,Card has expired,3,3,627,12,13,108.58,0,,2024-02-28 13:32:00,test
TXN-C2E976F062B7,CUST-0150,35.78,USD,insufficient_funds,Not enough balance,24,8,614,19,12,73.98,1,125.0,2024-02-15 03:37:00,train
TXN-CE2437969573,CUST-0197,53.07,EUR,insufficient_funds,Decline: NSF,18,7,50,27,15,68.65,1,86.0,2024-01-02 21:00:00,train
TXN-69CF8BF69625,CUST-0363,57.05,USD,expired_card,Expiration date is in the past,47,6,1045,1,15,48.22,0,,2024-10-15 15:00:00,train
TXN-13A0163D6C25,CUST-0263,64.96,USD,auth_required,Strong customer authentication needed,15,0,576,4,15,39.86,1,53.0,2024-02-05 14:48:00,train
TXN-9161934BC7D0,CUST-0343,95.03,GBP,hard_decline,Account closed,28,7,447,25,8,129.01,0,,2024-06-08 03:40:00,train
TXN-153999342648,CUST-0301,55.34,USD,temp_error,"Temporary processing error, please retry",17,7,558,24,16,16.9,1,5.0,2024-08-06 07:59:00,test
TXN-5C63B801E1C4,CUST-0493,17.47,GBP,insufficient_funds,Payment failed: low account balance,7,9,1399,5,8,34.46,1,112.0,2024-07-17 14:57:00,train
TXN-31CDDD4C3CEA,CUST-0033,32.36,USD,expired_card,Declined — expired card on file,41,8,449,17,17,43.93,0,,2024-04-19 04:32:00,test
TXN-8DA24289384B,CUST-0192,495.75,EUR,expired_card,Card expiry passed,42,8,762,13,12,82.58,1,115.0,2024-08-12 10:18:00,test
TXN-92D719C67976,CUST-0330,214.99,GBP,expired_card,Card expiry passed,46,2,1814,6,13,24.34,1,97.0,2024-08-13 02:15:00,train
TXN-511B20A9B590,CUST-0314,101.97,USD,auth_required,Strong customer authentication needed,44,1,1883,10,21,22.33,1,48.0,2024-06-19 22:24:00,train
TXN-F18DED07B16A,CUST-0421,20.46,USD,expired_card,Declined — expired card on file,4,8,1747,11,6,120.01,1,124.0,2024-12-04 13:45:00,train
TXN-ACBA3DEE9817,CUST-0367,45.71,USD,expired_card,Declined — expired card on file,54,8,125,27,19,63.09,1,107.0,2024-02-11 14:56:00,train
TXN-2829C6CAD24D,CUST-0141,82.27,USD,auth_required,Additional verification required by issuing bank,30,5,1140,1,12,37.8,1,29.0,2024-02-02 22:03:00,test
TXN-6533AAEEA9A0,CUST-0178,68.59,CAD,temp_error,Processing system temporarily unavailable,32,8,664,22,7,107.17,1,24.0,2024-12-09 04:02:00,train
TXN-D629B1F7F40E,CUST-0390,23.09,USD,auth_required,3D Secure authentication required,19,9,1229,12,17,38.8,0,,2024-04-07 12:48:00,train
TXN-05F1A2303E65,CUST-0333,79.47,USD,temp_error,Temporary bank unavailability,43,0,253,4,10,55.13,1,9.0,2024-02-21 10:43:00,train
TXN-8069520A4645,CUST-0225,6.31,USD,expired_card,Declined — expired card on file,8,7,1656,18,16,32.26,0,,2024-07-05 05:43:00,train
TXN-5274BA80DD10,CUST-0473,209.51,USD,fraud_flag,Card flagged for unusual activity,33,4,1557,19,10,40.3,0,,2024-07-10 06:27:00,test
TXN-E8E038FF995A,CUST-0194,35.32,USD,expired_card,Card has expired,3,3,1270,11,16,54.64,0,,2024-10-03 17:10:00,train
TXN-6C56964E5C3A,CUST-0169,55.46,CAD,auth_required,Additional verification required by issuing bank,11,0,1025,11,11,42.53,1,54.0,2024-04-10 20:09:00,train
TXN-393E59D69010,CUST-0074,44.28,USD,fraud_flag,Security flag triggered by issuer,7,6,598,22,14,37.1,0,,2024-07-29 21:24:00,train
TXN-6FE39DF64D59,CUST-0377,574.36,USD,insufficient_funds,Card declined — insufficient funds,4,7,923,9,7,78.44,1,118.0,2024-03-20 22:14:00,test
TXN-6FCE4DAEBF35,CUST-0336,158.09,USD,insufficient_funds,Not enough balance,24,4,1065,2,19,74.15,1,103.0,2024-12-05 19:07:00,train
TXN-884C001D7241,CUST-0432,120.63,GBP,expired_card,Declined — expired card on file,18,2,447,25,10,50.5,0,,2024-12-27 14:07:00,test
TXN-EBCF745FB2FC,CUST-0146,87.25,USD,auth_required,3D Secure authentication required,15,8,1510,9,20,38.12,0,,2024-12-01 01:10:00,train
TXN-EFA51E1A1A95,CUST-0492,84.47,USD,expired_card,Card expiry passed,49,3,199,21,18,63.82,0,,2024-11-23 04:56:00,train
TXN-8616F7A5EF0E,CUST-0183,73.39,CAD,auth_required,Additional verification required by issuing bank,46,0,58,25,10,30.98,0,,2024-05-12 09:18:00,train
TXN-5CA00644F16B,CUST-0262,35.61,EUR,temp_error,"Temporary processing error, please retry",21,3,440,25,13,196.53,1,3.0,2024-11-14 09:48:00,train
TXN-98A1355B79FA,CUST-0213,27.63,USD,expired_card,Card expiry passed,15,5,426,26,13,37.72,0,,2024-12-03 00:43:00,train
TXN-EBF08FC1D2B8,CUST-0425,29.56,GBP,auth_required,SCA challenge required,7,7,1053,6,19,157.24,0,,2024-02-07 13:46:00,train
TXN-5E43689CCBB9,CUST-0207,30.14,USD,auth_required,Strong customer authentication needed,3,1,353,18,9,29.34,0,,2024-10-19 08:26:00,train
TXN-A08245936179,CUST-0337,60.62,USD,expired_card,Expiration date is in the past,4,2,174,2,13,23.98,1,165.0,2024-08-03 08:32:00,train
TXN-02DC4697EE48,CUST-0272,83.81,USD,insufficient_funds,Insufficient funds in account,34,5,425,28,8,82.06,1,129.0,2024-07-03 06:43:00,train
TXN-B5DC460CDB21,CUST-0290,36.65,USD,fraud_flag,Card flagged for unusual activity,14,1,957,4,10,56.45,0,,2024-12-28 06:02:00,train
TXN-2A67878CFE09,CUST-0019,73.66,AUD,temp_error,Network error during authorization,10,1,806,7,8,54.88,1,23.0,2024-07-23 03:51:00,test
TXN-30E021BBC17B,CUST-0304,180.49,GBP,insufficient_funds,Not enough balance,3,4,232,22,14,111.2,1,98.0,2024-10-29 12:03:00,train
TXN-9D919627DB48,CUST-0361,69.2,AUD,insufficient_funds,Payment failed: low account balance,19,0,1785,22,9,30.47,1,92.0,2024-05-03 03:03:00,train
TXN-E9C64430249A,CUST-0185,60.76,USD,insufficient_funds,Decline: NSF,30,0,957,11,13,37.27,0,,2024-04-19 11:47:00,test
TXN-4CDE1D353A5D,CUST-0351,292.34,USD,fraud_flag,Card flagged for unusual activity,54,0,422,2,6,114.73,0,,2024-02-09 06:27:00,train
TXN-EE7AB30E4EA5,CUST-0223,57.1,GBP,temp_error,Network error during authorization,20,3,1446,9,21,44.42,1,17.0,2024-09-13 01:49:00,train
TXN-1D8D0D193F1D,CUST-0003,100.13,USD,hard_decline,Account closed,40,4,95,27,19,74.11,0,,2024-09-04 03:45:00,train
TXN-7505F00CDB11,CUST-0377,87.73,USD,insufficient_funds,Not enough balance,6,6,554,18,12,48.72,1,126.0,2024-08-28 08:46:00,test
TXN-531130A9AE47,CUST-0341,34.85,EUR,expired_card,Card expiry passed,23,1,1252,18,11,26.12,0,,2024-11-25 18:30:00,train
TXN-FE5B907BBD16,CUST-0020,118.53,USD,auth_required,Strong customer authentication needed,32,8,1899,7,11,26.22,0,,2024-09-22 14:00:00,train
TXN-61163D266478,CUST-0356,29.99,USD,unknown,Generic decline,1,0,495,13,16,68.87,0,,2024-02-06 15:04:00,train
TXN-8EE5F6D37634,CUST-0118,69.53,USD,temp_error,Network error during authorization,21,8,539,15,17,83.79,1,1.0,2024-07-29 16:16:00,train
TXN-879008E488D8,CUST-0136,91.82,USD,insufficient_funds,Payment failed: low account balance,47,6,723,27,15,20.45,1,86.0,2024-01-22 03:47:00,train
TXN-05DF02098EEC,CUST-0177,24.64,EUR,expired_card,Card has expired,9,9,541,26,7,98.42,0,,2024-04-27 21:17:00,train
TXN-3B9B0510A3A5,CUST-0231,195.16,GBP,fraud_flag,Security flag triggered by issuer,45,5,610,17,9,48.78,0,,2024-04-01 16:59:00,train
TXN-F5CE5CEB5EEB,CUST-0041,199.61,USD,insufficient_funds,Decline: NSF,12,5,179,9,9,34.4,0,,2024-11-01 02:52:00,train
TXN-0896E39E7E24,CUST-0403,103.16,USD,expired_card,Expiration date is in the past,43,9,125,17,7,49.82,1,118.0,2024-02-10 14:18:00,train
TXN-F13E166421A0,CUST-0490,100.35,USD,insufficient_funds,Card declined — insufficient funds,2,4,125,21,16,79.41,1,84.0,2024-07-09 13:01:00,train
TXN-EC8D5473F1B6,CUST-0344,41.29,USD,auth_required,SCA challenge required,29,0,944,24,6,33.11,1,68.0,2024-11-17 17:27:00,test
TXN-1B1340E8760C,CUST-0059,75.21,USD,insufficient_funds,Payment failed: low account balance,43,5,722,8,15,73.75,0,,2024-07-16 05:12:00,test
TXN-3C1DE1AC7017,CUST-0259,62.65,EUR,expired_card,Expiration date is in the past,41,4,1749,8,17,64.81,0,,2024-08-15 10:13:00,train
TXN-6F157B5D8646,CUST-0378,66.59,GBP,auth_required,3D Secure authentication required,35,7,55,12,21,75.3,0,,2024-09-11 18:14:00,train
TXN-9D9580127EE0,CUST-0400,109.6,EUR,temp_error,Gateway timeout,56,3,282,15,9,52.01,1,11.0,2024-08-20 03:44:00,train
TXN-BFACC1F82A4C,CUST-0149,37.97,USD,temp_error,Processing system temporarily unavailable,19,9,931,9,9,55.48,1,10.0,2024-10-25 01:05:00,train
TXN-BCB7A317F481,CUST-0009,133.65,USD,insufficient_funds,Not enough balance,27,9,953,21,19,58.66,1,86.0,2024-11-12 16:46:00,train
TXN-9E6B07B9D46F,CUST-0115,137.3,USD,insufficient_funds,Not enough balance,0,6,118,8,12,112.81,1,120.0,2024-05-02 03:00:00,train
TXN-A1E87904ACE5,CUST-0098,99.35,EUR,temp_error,Processing system temporarily unavailable,6,6,483,10,6,42.55,1,5.0,2024-04-21 19:47:00,train
TXN-A17A9976A28D,CUST-0131,139.85,CAD,fraud_flag,Security flag triggered by issuer,39,3,610,16,14,49.42,0,,2024-04-16 04:24:00,train
TXN-CBEA767E8125,CUST-0106,55.28,CAD,temp_error,Gateway timeout,13,1,1842,25,20,103.39,1,18.0,2024-11-04 18:44:00,test
TXN-7F99C3F4F026,CUST-0438,31.37,USD,temp_error,"Temporary processing error, please retry",29,2,1483,11,14,79.08,1,1.0,2024-06-14 21:16:00,train
TXN-62EA4247EA15,CUST-0387,73.27,EUR,insufficient_funds,Card declined — insufficient funds,59,6,1297,6,7,57.46,1,129.0,2024-04-07 17:16:00,train
TXN-D866309DDCB3,CUST-0291,271.34,AUD,fraud_flag,Fraud prevention hold,58,0,73,5,13,64.22,0,,2024-04-07 06:36:00,train
TXN-30177E69DEA3,CUST-0488,76.11,USD,insufficient_funds,Insufficient funds in account,39,8,532,17,15,64.85,1,118.0,2024-05-18 01:01:00,train
TXN-A6DCD5B82B66,CUST-0373,140.0,EUR,temp_error,Network error during authorization,41,7,1377,13,19,48.83,1,13.0,2024-01-13 00:39:00,train
TXN-AEB08EE9E6A3,CUST-0303,24.88,EUR,expired_card,Declined — expired card on file,3,9,447,1,14,73.06,1,87.0,2024-08-18 16:42:00,train
TXN-E707347257C9,CUST-0105,68.13,USD,hard_decline,Do not honor,39,7,861,7,15,85.64,0,,2024-12-16 12:55:00,train
TXN-6ACE7DA0957F,CUST-0484,271.83,USD,expired_card,Declined — expired card on file,8,9,1688,20,15,106.97,0,,2024-07-30 08:44:00,train
TXN-C6EA1999A309,CUST-0263,66.09,USD,expired_card,Expiration date is in the past,17,1,1951,4,13,23.73,0,,2024-10-12 20:09:00,train
TXN-B483F6841797,CUST-0403,104.59,EUR,auth_required,Additional verification required by issuing bank,55,8,423,8,9,39.52,1,57.0,2024-01-26 22:53:00,train
TXN-49C9987EB4D1,CUST-0245,97.78,USD,temp_error,"Temporary processing error, please retry",40,9,1920,11,9,226.47,1,7.0,2024-12-23 01:59:00,train
TXN-C243789E7702,CUST-0445,113.53,USD,insufficient_funds,Card declined — insufficient funds,24,8,1897,20,18,31.5,1,129.0,2024-12-11 07:04:00,test
TXN-D432A1B590BB,CUST-0428,84.05,USD,fraud_flag,Security flag triggered by issuer,15,6,954,18,11,100.84,0,,2024-06-10 07:02:00,train
TXN-629A4906638F,CUST-0345,94.44,USD,unknown,Payment declined — reason not specified,55,6,385,28,19,41.22,0,,2024-05-16 01:43:00,test
TXN-FF2AC1373820,CUST-0132,122.0,USD,temp_error,Temporary bank unavailability,47,2,662,18,19,45.28,1,10.0,2024-09-04 06:01:00,test
TXN-4B0F4994D2C3,CUST-0403,11.78,USD,insufficient_funds,Insufficient funds in account,4,5,1120,1,8,64.51,1,130.0,2024-02-23 13:11:00,train
TXN-4134F4B731C2,CUST-0352,183.33,USD,insufficient_funds,Card declined — insufficient funds,28,6,423,16,14,173.97,1,87.0,2024-04-07 03:05:00,train
TXN-A56A38A9B13E,CUST-0077,67.48,USD,temp_error,"Temporary processing error, please retry",39,8,1481,16,12,75.22,1,2.0,2024-07-23 13:17:00,test
TXN-611CEAD3D09D,CUST-0011,145.76,USD,temp_error,Processing system temporarily unavailable,40,7,1037,20,12,92.94,1,4.0,2024-10-18 23:03:00,test
TXN-99D93CDCF7C8,CUST-0108,58.81,USD,expired_card,Card has expired,44,6,220,8,21,86.19,0,,2024-07-16 07:35:00,train
TXN-0F6C0522C7E4,CUST-0317,42.31,USD,insufficient_funds,Card declined — insufficient funds,37,1,334,13,18,69.32,1,127.0,2024-05-16 02:10:00,train
TXN-22532A3DCD59,CUST-0120,18.64,USD,insufficient_funds,Payment failed: low account balance,17,7,1095,2,15,53.87,1,107.0,2024-11-26 18:16:00,train
TXN-9C97FE5CBE4F,CUST-0378,80.0,USD,insufficient_funds,Decline: NSF,26,6,1164,8,20,15.61,1,98.0,2024-01-01 12:18:00,train
TXN-54EE49CD8DAA,CUST-0005,291.16,EUR,expired_card,Declined — expired card on file,40,9,944,14,6,63.15,0,,2024-02-04 20:37:00,train
TXN-FEE3E2E51C1D,CUST-0312,39.83,USD,auth_required,SCA challenge required,53,5,1450,15,14,56.44,1,34.0,2024-03-14 23:45:00,train
TXN-DBF1DE828E53,CUST-0188,92.93,EUR,fraud_flag,Fraud prevention hold,59,6,386,11,10,57.87,0,,2024-02-12 21:26:00,train
TXN-1D679B3E497D,CUST-0313,18.69,USD,expired_card,Card expiry passed,42,6,210,5,6,125.88,0,,2024-07-08 07:28:00,train
TXN-A1545E829CC4,CUST-0418,111.98,CAD,temp_error,Temporary bank unavailability,17,4,1292,4,15,37.28,1,23.0,2024-01-24 03:13:00,train
TXN-0B2C58CBC360,CUST-0462,123.2,USD,insufficient_funds,Payment failed: low account balance,35,8,1519,8,21,101.61,1,101.0,2024-03-26 17:31:00,train
TXN-56DCA3E6364A,CUST-0336,26.53,USD,insufficient_funds,Decline: NSF,29,8,1039,4,15,55.05,1,93.0,2024-10-22 07:25:00,train
TXN-57F725E9CF61,CUST-0289,15.32,USD,auth_required,3D Secure authentication required,20,8,1805,2,14,56.59,1,43.0,2024-12-17 16:02:00,train
TXN-A941BFEB5DF3,CUST-0086,33.49,USD,expired_card,Declined — expired card on file,35,7,549,24,18,107.58,1,92.0,2024-01-09 00:33:00,train
TXN-E684B8F76815,CUST-0102,181.42,USD,auth_required,Additional verification required by issuing bank,20,1,58,14,12,108.64,1,39.0,2024-10-05 13:45:00,train
TXN-B5FDFE47BAAA,CUST-0193,56.62,USD,temp_error,Network error during authorization,29,5,485,19,8,26.07,1,6.0,2024-10-25 17:41:00,train
TXN-815C795BFE72,CUST-0283,39.96,USD,temp_error,Network error during authorization,27,6,478,5,14,24.22,1,22.0,2024-08-10 02:27:00,train
TXN-371F07C12D6E,CUST-0135,74.46,EUR,fraud_flag,Suspected fraudulent activity — transaction blocked,27,4,1196,27,14,29.35,0,,2024-10-12 18:48:00,train
TXN-99D4A12204CF,CUST-0109,65.92,EUR,temp_error,Gateway timeout,39,4,66,24,21,82.62,1,16.0,2024-07-22 08:08:00,train
TXN-ECF43049C021,CUST-0391,56.67,USD,expired_card,Declined — expired card on file,54,1,889,12,8,78.98,0,,2024-11-30 07:36:00,train
TXN-9917430E929B,CUST-0068,211.29,USD,insufficient_funds,Decline: NSF,55,9,1605,24,9,68.88,1,122.0,2024-01-21 23:56:00,train
TXN-02111D7C59F0,CUST-0440,33.79,USD,insufficient_funds,Card declined — insufficient funds,30,5,1204,10,8,69.14,1,114.0,2024-05-11 00:20:00,train
TXN-499734A51636,CUST-0212,119.94,EUR,expired_card,Card has expired,15,5,1015,15,14,43.03,0,,2024-03-03 00:03:00,train
TXN-1DF00A0C0425,CUST-0404,154.8,EUR,insufficient_funds,Not enough balance,24,1,724,11,21,30.88,1,87.0,2024-07-29 23:11:00,train
TXN-F130B46A0E81,CUST-0467,23.52,USD,insufficient_funds,Card declined — insufficient funds,7,0,1230,28,10,159.77,1,97.0,2024-03-29 03:01:00,train
TXN-BD17347DE17B,CUST-0459,58.5,USD,insufficient_funds,Insufficient funds in account,25,7,1452,18,17,110.1,1,84.0,2024-10-06 04:34:00,train
TXN-2AA34150CE4F,CUST-0311,20.81,EUR,expired_card,Declined — expired card on file,4,4,1676,18,15,26.64,0,,2024-09-08 19:28:00,train
TXN-AAE2E3C2EAD4,CUST-0268,116.22,USD,hard_decline,Card reported lost or stolen,20,4,1474,18,9,61.03,0,,2024-05-01 12:11:00,train
TXN-BBB128055F03,CUST-0298,66.07,EUR,insufficient_funds,Insufficient funds in account,31,1,1206,9,21,62.42,1,90.0,2024-12-01 19:23:00,train
TXN-09F0E8113FBE,CUST-0456,45.19,USD,expired_card,Expiration date is in the past,12,7,662,9,14,134.13,1,137.0,2024-04-01 08:57:00,test
TXN-AA2F5A57C3DB,CUST-0005,30.1,USD,insufficient_funds,Card declined — insufficient funds,4,8,312,23,16,86.67,0,,2024-02-02 19:22:00,train
TXN-D4BE69534F0D,CUST-0025,115.08,CAD,insufficient_funds,Insufficient funds in account,49,0,342,9,16,62.3,1,126.0,2024-03-16 15:13:00,train
TXN-E7AA8400B1B9,CUST-0444,37.33,GBP,insufficient_funds,Card declined — insufficient funds,52,4,1761,5,7,39.58,1,126.0,2024-10-28 06:58:00,train
TXN-C3B61BF4D373,CUST-0286,360.05,USD,fraud_flag,Fraud prevention hold,41,6,706,9,9,197.81,0,,2024-07-18 05:39:00,train
TXN-E583B19BE66C,CUST-0207,13.37,GBP,insufficient_funds,Card declined — insufficient funds,18,5,1205,4,11,111.9,1,126.0,2024-09-25 21:36:00,train
TXN-5693EDCFCFB7,CUST-0136,172.35,USD,insufficient_funds,Payment failed: low account balance,48,1,129,25,21,101.24,1,109.0,2024-06-12 04:54:00,test
TXN-F4D634E658FA,CUST-0109,339.66,USD,temp_error,Gateway timeout,8,9,799,5,7,15.29,0,,2024-08-27 09:39:00,train
TXN-C2595B16CA26,CUST-0404,360.49,USD,insufficient_funds,Not enough balance,6,0,1371,27,15,33.71,1,73.0,2024-08-25 22:07:00,test
TXN-D05FFCEDC0AB,CUST-0117,79.35,EUR,expired_card,Card has expired,29,8,1798,9,19,57.4,0,,2024-10-02 03:29:00,train
TXN-E57D365A5541,CUST-0459,85.67,CAD,expired_card,Card has expired,31,4,137,3,18,197.8,0,,2024-10-01 05:30:00,train
TXN-49049A302288,CUST-0280,39.57,USD,insufficient_funds,Insufficient funds in account,40,3,662,10,14,56.0,1,86.0,2024-12-16 15:32:00,test
TXN-7F46F70FBEE0,CUST-0280,44.58,USD,fraud_flag,Fraud prevention hold,18,6,297,12,19,33.24,0,,2024-02-01 10:01:00,train
TXN-CD6F529D7A15,CUST-0020,51.43,USD,temp_error,Network error during authorization,26,7,655,17,8,88.56,1,14.0,2024-12-02 00:15:00,train
TXN-1A0344BC4A2D,CUST-0027,29.4,EUR,insufficient_funds,Card declined — insufficient funds,11,5,222,19,18,23.09,1,109.0,2024-01-13 05:34:00,train
TXN-88F122A0453A,CUST-0452,112.81,USD,expired_card,Declined — expired card on file,18,1,1166,24,12,63.87,0,,2024-03-16 08:44:00,test
TXN-894E878876E4,CUST-0179,309.95,USD,expired_card,Declined — expired card on file,24,7,837,17,14,25.33,1,138.0,2024-06-06 19:57:00,train
TXN-C44210E9B909,CUST-0074,161.1,CAD,expired_card,Card has expired,26,6,1011,23,21,109.65,0,,2024-05-04 05:11:00,train
TXN-3CB6233AAAA3,CUST-0153,52.28,USD,insufficient_funds,Insufficient funds in account,27,6,398,2,20,61.56,1,88.0,2024-03-04 13:31:00,train
TXN-5699E5790559,CUST-0455,106.04,EUR,temp_error,Gateway timeout,49,3,958,6,7,75.35,1,14.0,2024-09-28 03:04:00,test
TXN-B9A0A03639B3,CUST-0013,31.82,CAD,insufficient_funds,Card declined — insufficient funds,5,8,572,12,15,32.99,1,91.0,2024-12-10 23:05:00,train
TXN-4559A2DE6C03,CUST-0495,97.22,USD,hard_decline,Account closed,42,1,1941,8,11,42.51,0,,2024-04-03 05:41:00,train
TXN-20283C097186,CUST-0143,40.99,USD,expired_card,Card has expired,50,5,118,13,12,38.84,0,,2024-08-01 06:57:00,test
TXN-D2C1BD1227C1,CUST-0200,50.67,USD,temp_error,"Temporary processing error, please retry",34,6,1245,24,20,92.15,1,2.0,2024-07-03 23:02:00,train
TXN-84B6493EEB1B,CUST-0488,435.09,GBP,insufficient_funds,Payment failed: low account balance,25,1,865,25,11,67.17,1,113.0,2024-01-22 09:05:00,train
TXN-FA1C3BC6BE62,CUST-0161,50.27,USD,insufficient_funds,Decline: NSF,54,5,1904,4,20,65.97,1,105.0,2024-08-22 09:47:00,train
TXN-C561EFF85D9B,CUST-0226,30.64,CAD,insufficient_funds,Decline: NSF,21,6,311,1,7,41.33,1,124.0,2024-08-10 03:45:00,train
TXN-5BA30A99D3F1,CUST-0440,68.17,USD,auth_required,3D Secure authentication required,30,6,1447,3,21,27.56,1,51.0,2024-07-21 05:40:00,test
TXN-D5C49ECCDE4F,CUST-0178,135.19,USD,temp_error,Gateway timeout,39,1,77,5,6,137.33,1,13.0,2024-04-18 10:18:00,train
TXN-CF13B6995B20,CUST-0322,165.11,AUD,auth_required,3D Secure authentication required,1,0,1613,4,15,91.41,1,38.0,2024-09-16 04:03:00,train
TXN-E660A7DA7A0E,CUST-0043,60.28,USD,fraud_flag,Suspected fraudulent activity — transaction blocked,57,7,1754,15,16,43.26,0,,2024-08-04 12:04:00,train
TXN-48ED69606ABE,CUST-0479,40.12,GBP,insufficient_funds,Insufficient funds in account,37,9,1211,3,12,125.14,1,115.0,2024-04-19 06:54:00,test
TXN-E60C747068F7,CUST-0250,104.59,USD,hard_decline,Card reported lost or stolen,8,6,1900,12,16,107.65,0,,2024-02-20 08:54:00,train
TXN-3B468F21B8B7,CUST-0316,223.8,USD,insufficient_funds,Not enough balance,23,9,880,7,10,34.65,1,95.0,2024-03-01 05:43:00,train
TXN-C2D75199140D,CUST-0410,55.97,CAD,hard_decline,Invalid account number,1,8,1615,10,10,81.99,0,,2024-12-28 17:01:00,train
TXN-42955F506402,CUST-0422,23.34,EUR,fraud_flag,Fraud prevention hold,10,6,1289,6,6,29.0,0,,2024-12-17 00:04:00,test
TXN-795B2BB176A3,CUST-0046,91.81,USD,temp_error,Processing system temporarily unavailable,48,6,101,6,8,107.25,1,14.0,2024-12-12 11:31:00,train
TXN-DCA3BE9AAF2E,CUST-0136,185.98,GBP,temp_error,Network error during authorization,18,5,1058,26,20,47.6,1,2.0,2024-05-09 00:18:00,train
TXN-EA7CD3F6BAC8,CUST-0158,677.77,USD,fraud_flag,Fraud prevention hold,56,6,1125,19,7,20.01,0,,2024-10-24 09:20:00,train
TXN-2768CFBEEEC8,CUST-0340,23.1,USD,auth_required,3D Secure authentication required,42,2,481,8,16,68.28,1,72.0,2024-07-23 19:03:00,test
TXN-E41046B9782A,CUST-0308,49.19,GBP,auth_required,SCA challenge required,28,4,256,20,11,46.26,0,,2024-09-13 04:45:00,train
TXN-8A998117B3E7,CUST-0245,41.94,EUR,unknown,Unknown decline code from processor,51,1,851,4,21,99.76,0,,2024-05-02 09:55:00,train
TXN-BD623C80127D,CUST-0289,78.51,USD,insufficient_funds,Not enough balance,53,4,816,16,7,15.41,1,129.0,2024-05-23 21:56:00,train
TXN-9284D5414CEC,CUST-0114,31.23,EUR,temp_error,"Temporary processing error, please retry",50,2,935,2,13,106.36,1,14.0,2024-07-17 11:31:00,train
TXN-F420D1EF8021,CUST-0334,85.99,CAD,insufficient_funds,Insufficient funds in account,2,7,1141,3,11,67.2,0,,2024-12-06 23:58:00,train
TXN-BCF9445E93EE,CUST-0037,33.69,USD,insufficient_funds,Insufficient funds in account,32,2,1080,7,12,16.76,1,88.0,2024-08-07 00:39:00,train
TXN-D86F6AD4D5EF,CUST-0297,60.32,EUR,temp_error,Gateway timeout,7,0,407,19,21,26.11,1,3.0,2024-12-15 05:31:00,train
TXN-97046C8AFAEC,CUST-0342,42.8,EUR,insufficient_funds,Card declined — insufficient funds,7,5,1168,20,13,56.26,1,116.0,2024-09-21 09:59:00,train
TXN-477184EEB3FC,CUST-0029,124.48,USD,insufficient_funds,Not enough balance,31,5,645,19,20,27.63,1,115.0,2024-08-24 16:47:00,train
TXN-089C918E69C0,CUST-0482,99.5,USD,expired_card,Expiration date is in the past,33,3,1776,14,20,49.59,1,136.0,2024-02-13 12:47:00,train
TXN-2D80AC3C4532,CUST-0212,61.97,USD,insufficient_funds,Decline: NSF,40,2,345,28,21,149.75,1,114.0,2024-06-11 14:54:00,train
TXN-3843D254427C,CUST-0314,96.68,USD,expired_card,Expiration date is in the past,36,8,1338,4,8,29.99,0,,2024-02-17 03:26:00,train
TXN-CE45EB996A22,CUST-0284,35.48,USD,auth_required,3D Secure authentication required,50,9,1618,12,13,53.76,0,,2024-01-29 19:26:00,train
TXN-2431A749426F,CUST-0237,53.34,USD,expired_card,Expiration date is in the past,38,7,1670,10,18,37.5,0,,2024-12-13 13:43:00,train
TXN-43E0F88117CA,CUST-0063,139.27,USD,unknown,Processor response unclear,28,5,963,24,10,53.15,1,72.0,2024-08-21 10:47:00,test
TXN-9E88E79727F9,CUST-0097,142.47,USD,expired_card,Expiration date is in the past,14,7,1394,19,6,38.62,1,120.0,2024-04-20 11:23:00,train
TXN-87D1CB2E1F2E,CUST-0494,210.06,CAD,fraud_flag,Card flagged for unusual activity,15,7,1669,5,14,34.56,0,,2024-01-25 08:09:00,test
TXN-8C7654992806,CUST-0489,45.38,USD,temp_error,Processing system temporarily unavailable,44,1,1862,13,19,61.33,1,15.0,2024-07-15 11:14:00,train
TXN-37397829515F,CUST-0358,8.1,USD,auth_required,SCA challenge required,26,6,481,25,8,27.55,0,,2024-01-25 23:54:00,train
TXN-D8330DEBA188,CUST-0014,20.11,GBP,insufficient_funds,Not enough balance,50,8,686,28,6,64.72,1,109.0,2024-06-02 10:59:00,test
TXN-C9F7400D23F2,CUST-0294,95.39,GBP,hard_decline,Invalid account number,40,2,630,17,18,33.67,0,,2024-10-25 21:32:00,train
TXN-42881AC255C6,CUST-0175,91.97,USD,auth_required,Strong customer authentication needed,28,4,30,11,20,35.89,1,34.0,2024-03-28 14:51:00,train
TXN-4896841A505D,CUST-0188,24.09,USD,fraud_flag,Security flag triggered by issuer,36,3,1651,10,14,23.61,0,,2024-08-31 00:12:00,train
TXN-7310FC552377,CUST-0256,96.79,GBP,insufficient_funds,Decline: NSF,12,5,1071,1,9,39.41,1,100.0,2024-12-29 00:42:00,train
TXN-7632B798C33B,CUST-0495,157.37,EUR,insufficient_funds,Insufficient funds in account,42,3,840,3,15,52.08,1,101.0,2024-02-09 04:12:00,train
TXN-09D432D5130D,CUST-0342,61.19,GBP,insufficient_funds,Decline: NSF,50,3,1895,14,8,53.53,1,109.0,2024-03-25 23:04:00,train
TXN-18760C3C0435,CUST-0220,43.43,USD,insufficient_funds,Decline: NSF,49,9,567,5,11,37.58,1,101.0,2024-03-06 08:36:00,train
TXN-40B4740EDA02,CUST-0293,106.47,EUR,insufficient_funds,Payment failed: low account balance,26,7,992,1,11,68.94,1,120.0,2024-01-20 08:13:00,test
TXN-88E2F6C5FAB2,CUST-0442,41.1,AUD,unknown,Error code: 05,37,3,611,7,11,40.64,1,39.0,2024-08-09 22:05:00,train
TXN-890E263959DB,CUST-0181,64.75,CAD,auth_required,SCA challenge required,2,5,730,7,9,53.31,1,68.0,2024-04-20 02:54:00,train
TXN-7F2EF4E8817F,CUST-0093,89.83,USD,insufficient_funds,Decline: NSF,28,4,960,11,11,143.4,1,92.0,2024-05-02 02:43:00,test
TXN-08ADD32C7264,CUST-0376,43.1,USD,insufficient_funds,Decline: NSF,6,2,1852,11,8,31.32,1,90.0,2024-11-16 07:36:00,train
TXN-3BEDFACC4FE1,CUST-0087,78.07,USD,insufficient_funds,Card declined — insufficient funds,49,8,708,16,17,28.49,1,109.0,2024-03-31 16:15:00,train
TXN-885984127DAA,CUST-0285,37.89,USD,auth_required,Strong customer authentication needed,31,9,935,11,8,109.47,1,29.0,2024-08-29 11:55:00,train
TXN-8ED22D1AC9B3,CUST-0116,386.89,USD,fraud_flag,Fraud prevention hold,35,8,393,7,14,53.05,0,,2024-08-24 00:49:00,test
TXN-181F5E402868,CUST-0298,45.28,USD,expired_card,Declined — expired card on file,9,5,54,7,19,163.4,0,,2024-04-09 10:40:00,train
TXN-704FE97D4C25,CUST-0253,73.21,USD,unknown,Generic decline,27,3,535,26,13,53.76,0,,2024-03-21 03:56:00,train
TXN-53589A686BAC,CUST-0157,53.44,EUR,fraud_flag,Fraud prevention hold,48,6,473,7,18,122.27,0,,2024-01-16 00:44:00,train
TXN-48D48922B878,CUST-0076,47.47,EUR,fraud_flag,Card flagged for unusual activity,1,9,1182,27,13,21.47,0,,2024-07-21 12:17:00,train
TXN-47CF3A5CFEB0,CUST-0153,48.68,USD,insufficient_funds,Insufficient funds in account,49,0,1526,8,15,48.46,1,101.0,2024-07-16 12:03:00,train
TXN-BB5AE0A1D561,CUST-0183,32.04,USD,expired_card,Card has expired,54,6,1205,22,7,27.06,1,72.0,2024-01-07 02:11:00,train
TXN-77B807A98C0F,CUST-0412,415.11,EUR,insufficient_funds,Not enough balance,0,4,385,17,7,111.42,1,102.0,2024-01-04 23:59:00,train
TXN-90DA8946A0AD,CUST-0013,114.53,EUR,fraud_flag,Card flagged for unusual activity,45,7,1835,1,17,129.71,0,,2024-07-24 19:08:00,train
TXN-70E7A27DDD5F,CUST-0263,27.53,USD,insufficient_funds,Card declined — insufficient funds,38,0,15,23,13,22.92,1,97.0,2024-09-30 02:15:00,train
TXN-D673F9C4A891,CUST-0318,83.61,EUR,auth_required,Strong customer authentication needed,9,2,495,10,20,62.11,1,66.0,2024-08-14 18:11:00,train
TXN-01F6786BF46B,CUST-0337,125.54,USD,temp_error,Temporary bank unavailability,22,9,1439,9,19,68.79,1,8.0,2024-05-07 11:07:00,train
TXN-0FADF617C8AC,CUST-0475,34.97,EUR,expired_card,Expiration date is in the past,8,2,1734,18,8,29.9,0,,2024-10-16 19:31:00,train
TXN-A588C619499A,CUST-0257,60.28,EUR,unknown,Generic decline,47,4,971,4,10,25.34,1,67.0,2024-01-17 09:43:00,train
TXN-3CE7FEBC4ED7,CUST-0008,78.83,USD,insufficient_funds,Payment failed: low account balance,59,1,26,9,16,29.59,1,123.0,2024-07-10 23:24:00,train
TXN-67282669A272,CUST-0173,45.52,GBP,temp_error,Network error during authorization,40,4,76,18,10,76.67,1,14.0,2024-03-21 09:52:00,test
TXN-2F304CF1A8DE,CUST-0036,336.37,USD,temp_error,Gateway timeout,3,7,1410,20,20,85.05,1,8.0,2024-09-01 19:37:00,test
TXN-0BE24986E5B8,CUST-0438,103.99,USD,fraud_flag,Card flagged for unusual activity,8,5,391,23,21,73.52,0,,2024-01-12 06:28:00,train
TXN-18A6B202A089,CUST-0039,360.12,GBP,temp_error,"Temporary processing error, please retry",12,8,867,1,10,44.96,1,12.0,2024-02-17 08:39:00,train
TXN-D814EA79EFBC,CUST-0059,135.91,GBP,unknown,Error code: 05,24,6,222,20,11,19.19,1,24.0,2024-10-27 12:32:00,test
TXN-92E7C450C397,CUST-0402,155.69,USD,insufficient_funds,Decline: NSF,8,6,1174,24,7,86.84,1,101.0,2024-12-28 05:10:00,train
TXN-36554C4C33F3,CUST-0264,28.6,USD,expired_card,Declined — expired card on file,24,2,394,18,11,62.79,0,,2024-07-23 12:33:00,train
TXN-F35B9A1CF42B,CUST-0170,175.33,USD,expired_card,Declined — expired card on file,40,3,239,24,6,100.88,0,,2024-03-28 18:04:00,train
TXN-11658215EAAF,CUST-0325,18.18,USD,insufficient_funds,Not enough balance,46,5,1943,13,6,43.0,1,119.0,2024-01-15 04:43:00,train
TXN-9C5BE92B95AC,CUST-0369,52.89,GBP,expired_card,Declined — expired card on file,30,1,1069,14,6,18.53,0,,2024-02-11 08:21:00,train
TXN-189B9687578E,CUST-0223,101.53,USD,unknown,Processor response unclear,45,3,1751,9,20,24.88,1,66.0,2024-07-16 03:14:00,train
TXN-10B708BBD5F6,CUST-0178,31.63,USD,temp_error,"Temporary processing error, please retry",36,8,545,27,20,79.76,1,4.0,2024-07-26 19:38:00,train
TXN-C9667D3D330D,CUST-0172,208.61,USD,temp_error,Network error during authorization,55,9,528,9,14,185.95,1,15.0,2024-07-29 02:31:00,train
TXN-BBD791A82A66,CUST-0374,74.04,USD,auth_required,SCA challenge required,36,8,1623,11,15,31.97,1,33.0,2024-10-25 09:23:00,train
TXN-E9BE90E1EBA2,CUST-0080,53.36,USD,insufficient_funds,Decline: NSF,28,2,1226,9,20,62.19,1,83.0,2024-09-07 01:14:00,train
TXN-E983CF8DE8F2,CUST-0020,73.99,GBP,fraud_flag,Card flagged for unusual activity,37,0,1812,3,20,83.13,0,,2024-10-04 18:01:00,train
TXN-DA80D4B4607A,CUST-0307,17.21,USD,expired_card,Declined — expired card on file,38,4,534,28,21,90.49,1,122.0,2024-06-28 14:45:00,test
TXN-C304EE937E93,CUST-0381,125.13,USD,expired_card,Expiration date is in the past,2,8,497,9,19,30.61,0,,2024-11-01 05:10:00,train
TXN-FED0BB07B4B4,CUST-0344,69.77,USD,insufficient_funds,Decline: NSF,10,2,656,23,10,42.36,1,125.0,2024-10-24 12:20:00,train
TXN-DF3491D74A20,CUST-0097,15.4,EUR,insufficient_funds,Not enough balance,34,6,184,3,17,62.3,0,,2024-08-18 09:30:00,test
TXN-A12DC373F975,CUST-0407,33.42,USD,temp_error,"Temporary processing error, please retry",51,3,250,23,7,48.72,1,15.0,2024-02-15 14:05:00,train
TXN-6A38AFF32A21,CUST-0018,39.61,USD,temp_error,"Temporary processing error, please retry",13,4,189,25,9,139.15,1,16.0,2024-12-25 14:41:00,train
TXN-3BCCEC743071,CUST-0013,30.83,USD,hard_decline,Do not honor,0,2,1001,18,18,16.6,0,,2024-03-28 02:56:00,train
TXN-BE52FFBC97B8,CUST-0281,67.04,USD,unknown,Payment declined — reason not specified,52,3,1743,1,8,98.78,1,68.0,2024-08-30 18:38:00,train
TXN-E7556AAC95CA,CUST-0347,90.4,GBP,unknown,Processor response unclear,26,2,1296,9,7,61.37,0,,2024-02-26 11:02:00,train
TXN-CF8543200653,CUST-0014,28.23,EUR,insufficient_funds,Card declined — insufficient funds,56,4,255,12,20,17.05,1,100.0,2024-10-10 12:42:00,train
TXN-8926612A948E,CUST-0307,84.18,USD,unknown,Error code: 05,56,1,604,2,17,32.92,0,,2024-11-13 20:41:00,test
TXN-2EE886A65327,CUST-0460,157.09,USD,temp_error,Gateway timeout,7,4,1877,18,15,65.69,1,1.0,2024-01-22 19:02:00,train
TXN-34D6ECA9E8F2,CUST-0382,98.15,EUR,unknown,Error code: 05,45,9,1582,15,19,83.18,0,,2024-02-26 04:06:00,train
TXN-EE3DD59938E3,CUST-0222,34.41,USD,temp_error,Temporary bank unavailability,8,6,167,22,19,129.33,0,,2024-10-12 06:44:00,train
TXN-08FD3E9CF06F,CUST-0020,180.77,USD,temp_error,Processing system temporarily unavailable,37,8,388,13,7,68.69,1,20.0,2024-02-23 13:56:00,train
TXN-7441AB7AC920,CUST-0393,185.86,GBP,hard_decline,Account closed,41,6,1378,21,10,52.54,0,,2024-12-10 03:04:00,train
TXN-2258C55CC312,CUST-0353,26.08,USD,hard_decline,Card reported lost or stolen,37,8,1046,23,18,108.81,0,,2024-10-30 21:37:00,train
TXN-395A7B1E17A0,CUST-0455,13.44,USD,expired_card,Card has expired,46,2,1588,22,13,79.33,0,,2024-08-14 03:26:00,test
TXN-E4FE476EF5A5,CUST-0475,191.5,EUR,fraud_flag,Card flagged for unusual activity,34,3,418,12,13,173.27,0,,2024-10-11 07:06:00,train
TXN-1D089AF51CEB,CUST-0236,125.54,USD,temp_error,Gateway timeout,20,1,184,28,12,86.47,1,23.0,2024-07-26 15:21:00,test
TXN-16993A343225,CUST-0458,44.17,USD,unknown,Unknown decline code from processor,6,1,1889,7,7,118.88,0,,2024-01-31 08:20:00,train
TXN-4309073DE6F7,CUST-0166,159.29,USD,insufficient_funds,Not enough balance,4,3,1091,3,8,14.0,0,,2024-09-03 05:37:00,train
TXN-B24006AF954A,CUST-0086,13.04,EUR,fraud_flag,Card flagged for unusual activity,8,9,1870,14,8,77.83,0,,2024-06-07 11:23:00,test
TXN-BA51686468EE,CUST-0222,88.64,USD,expired_card,Declined — expired card on file,54,4,251,11,10,16.43,0,,2024-09-23 08:23:00,train
TXN-A6E05122011D,CUST-0226,25.11,USD,auth_required,SCA challenge required,54,2,699,25,9,23.66,1,65.0,2024-10-05 20:43:00,test
TXN-E5C4851ABDB7,CUST-0276,121.06,EUR,expired_card,Card has expired,20,5,1330,17,11,48.2,0,,2024-06-04 06:40:00,train
TXN-22FECB02047F,CUST-0320,46.39,USD,insufficient_funds,Decline: NSF,46,2,664,9,17,153.55,1,77.0,2024-02-07 23:14:00,train
TXN-F9FFCA367135,CUST-0211,55.17,USD,temp_error,"Temporary processing error, please retry",35,2,880,11,14,52.99,1,8.0,2024-07-17 18:50:00,train
TXN-C970FF63EF14,CUST-0139,37.83,USD,temp_error,Temporary bank unavailability,20,2,145,15,6,81.65,1,4.0,2024-10-08 19:53:00,test
TXN-C10C5C2AA4D8,CUST-0061,145.04,USD,insufficient_funds,Decline: NSF,55,1,1464,1,9,30.07,1,87.0,2024-04-17 23:40:00,train
TXN-FCD22169E39A,CUST-0395,77.02,USD,fraud_flag,Card flagged for unusual activity,10,9,978,17,8,91.95,0,,2024-10-31 03:44:00,train
TXN-182E83FA7965,CUST-0052,75.24,USD,temp_error,"Temporary processing error, please retry",44,0,797,15,6,27.78,1,1.0,2024-05-04 17:25:00,train
TXN-BA682457B8D0,CUST-0139,84.17,AUD,auth_required,Additional verification required by issuing bank,16,2,1973,1,21,73.9,1,55.0,2024-01-14 07:58:00,train
TXN-71613CA1D9F3,CUST-0399,48.74,GBP,unknown,Error code: 05,0,4,1689,23,7,63.4,0,,2024-01-31 21:22:00,test
TXN-8DE994BE5601,CUST-0392,158.59,USD,fraud_flag,Card flagged for unusual activity,6,1,932,15,11,54.71,0,,2024-03-09 23:37:00,test
TXN-4DBE92CFEE66,CUST-0131,71.81,USD,insufficient_funds,Not enough balance,19,5,148,10,6,32.24,1,99.0,2024-09-08 21:40:00,test
TXN-9392BA0531D0,CUST-0386,27.42,USD,insufficient_funds,Card declined — insufficient funds,43,1,491,8,8,68.18,1,106.0,2024-05-20 04:19:00,train
TXN-EF98C83380CC,CUST-0432,78.97,USD,insufficient_funds,Payment failed: low account balance,26,0,1583,17,16,45.7,1,90.0,2024-03-29 18:54:00,train
TXN-5D3106FE1CE6,CUST-0182,258.0,USD,insufficient_funds,Insufficient funds in account,22,3,1514,16,9,42.75,1,118.0,2024-09-22 12:08:00,train
TXN-22C9D4F73731,CUST-0188,27.31,USD,insufficient_funds,Not enough balance,7,5,616,3,6,37.37,1,95.0,2024-11-16 06:23:00,train
TXN-C07398EA8623,CUST-0085,150.86,USD,insufficient_funds,Card declined — insufficient funds,11,5,387,22,14,125.91,1,87.0,2024-08-27 19:52:00,train
TXN-91B4BDC6C4ED,CUST-0080,27.6,CAD,expired_card,Declined — expired card on file,35,0,243,22,20,68.62,0,,2024-06-20 03:16:00,train
TXN-2EA3714A5A6A,CUST-0427,59.53,USD,expired_card,Card expiry passed,48,6,1002,16,20,92.77,1,153.0,2024-10-02 20:13:00,train
TXN-17EDCC8CDBD7,CUST-0459,17.36,USD,auth_required,SCA challenge required,44,7,76,28,14,14.73,1,27.0,2024-12-26 18:47:00,train
TXN-3030C72BB2BA,CUST-0432,320.65,USD,temp_error,"Temporary processing error, please retry",22,9,1873,17,17,21.16,1,17.0,2024-02-18 00:24:00,train
TXN-D1597494DDF7,CUST-0194,88.7,USD,temp_error,Gateway timeout,47,1,360,1,15,42.27,1,12.0,2024-08-15 16:51:00,test
TXN-6F799D06B6D5,CUST-0406,55.62,USD,auth_required,Strong customer authentication needed,22,0,1756,25,14,38.47,1,30.0,2024-07-12 14:25:00,train
TXN-DBF0D1524A2A,CUST-0093,44.13,USD,temp_error,Network error during authorization,30,6,243,12,15,75.95,1,24.0,2024-10-06 03:17:00,test
TXN-47D137D33A8B,CUST-0339,25.56,USD,auth_required,SCA challenge required,19,7,28,25,8,66.08,0,,2024-03-01 15:58:00,train
TXN-4CE879CAAEE3,CUST-0421,39.71,GBP,expired_card,Expiration date is in the past,19,5,1400,7,7,128.11,1,165.0,2024-02-19 01:30:00,train
TXN-9E6FDC1F19B1,CUST-0277,46.76,USD,unknown,Generic decline,19,8,1809,9,11,22.93,1,68.0,2024-01-12 15:25:00,train
TXN-42384C2534AD,CUST-0192,46.59,AUD,hard_decline,Account closed,47,4,1697,17,11,59.8,0,,2024-02-06 20:08:00,test
TXN-D7B6DE356CEF,CUST-0133,34.44,EUR,insufficient_funds,Not enough balance,37,7,1921,22,16,40.88,1,95.0,2024-07-04 18:20:00,test
TXN-6C9D30A21A10,CUST-0359,55.99,USD,insufficient_funds,Decline: NSF,50,4,1548,28,13,43.03,1,112.0,2024-02-13 21:44:00,test
TXN-3471594AC2B6,CUST-0116,58.41,EUR,expired_card,Expiration date is in the past,26,2,1191,13,19,42.47,1,146.0,2024-06-26 15:40:00,train
TXN-F28881BE7E7E,CUST-0172,91.17,GBP,temp_error,Gateway timeout,22,0,1543,23,9,121.25,1,7.0,2024-03-21 09:14:00,train
TXN-EBDC49AA806A,CUST-0272,70.92,USD,expired_card,Expiration date is in the past,44,0,1488,2,7,38.13,0,,2024-08-07 06:07:00,test
TXN-30060DB6D080,CUST-0392,64.17,USD,hard_decline,Card reported lost or stolen,29,2,397,26,15,35.42,0,,2024-11-01 16:23:00,test
TXN-D64EABFD5551,CUST-0419,108.22,AUD,insufficient_funds,Payment failed: low account balance,9,6,1877,22,6,46.92,1,122.0,2024-04-19 06:30:00,train
TXN-6764C1091F73,CUST-0413,17.41,USD,expired_card,Card expiry passed,41,9,1789,23,21,22.59,0,,2024-03-20 08:33:00,train
TXN-271B4D3E97A4,CUST-0366,209.27,CAD,insufficient_funds,Decline: NSF,46,4,1083,1,17,79.92,0,,2024-02-01 20:37:00,train
TXN-311243371E77,CUST-0388,41.09,GBP,auth_required,3D Secure authentication required,46,1,1742,14,9,40.92,1,47.0,2024-01-26 14:45:00,test
TXN-DA4D235B5354,CUST-0491,9.33,EUR,expired_card,Card expiry passed,5,8,745,4,20,75.62,0,,2024-03-16 06:25:00,train
TXN-72318F214A7C,CUST-0423,77.55,USD,temp_error,Processing system temporarily unavailable,36,6,1085,9,18,86.27,1,10.0,2024-06-07 04:01:00,test
TXN-1A00813A60AE,CUST-0431,37.04,USD,temp_error,"Temporary processing error, please retry",36,0,892,25,11,59.04,1,9.0,2024-03-18 14:03:00,train
TXN-3D30170FB957,CUST-0450,196.86,USD,temp_error,"Temporary processing error, please retry",26,2,1953,1,16,37.42,1,13.0,2024-07-21 12:59:00,train
TXN-AD770B2E4C98,CUST-0016,156.59,GBP,temp_error,Gateway timeout,18,5,1430,25,8,28.17,1,9.0,2024-04-20 04:48:00,train
TXN-5719FAC7674C,CUST-0466,59.9,GBP,insufficient_funds,Card declined — insufficient funds,43,5,581,2,6,55.46,1,97.0,2024-12-13 00:38:00,train
TXN-8C52628F57A1,CUST-0247,14.62,USD,auth_required,3D Secure authentication required,22,4,853,26,6,50.02,1,65.0,2024-07-20 21:24:00,train
TXN-7EBB83CEB286,CUST-0477,39.41,USD,insufficient_funds,Card declined — insufficient funds,21,2,530,6,21,159.79,1,121.0,2024-08-27 14:21:00,train
TXN-C4826F3EF4C5,CUST-0319,560.49,GBP,insufficient_funds,Not enough balance,14,1,102,10,11,27.49,0,,2024-07-06 03:49:00,test
TXN-9117BBFA4875,CUST-0065,131.83,EUR,hard_decline,Do not honor,58,0,914,10,17,23.51,0,,2024-11-30 15:28:00,test
TXN-26121D6A82B8,CUST-0387,307.14,USD,insufficient_funds,Not enough balance,27,3,1392,17,18,133.18,0,,2024-02-19 02:10:00,train
TXN-292CA178624C,CUST-0145,80.16,EUR,temp_error,Temporary bank unavailability,15,1,1406,3,10,43.99,1,3.0,2024-07-21 15:52:00,train
TXN-C992CBD48CD7,CUST-0286,37.71,USD,expired_card,Card expiry passed,2,0,1487,14,16,57.0,1,136.0,2024-01-13 02:55:00,test
TXN-D966A1D6B16D,CUST-0185,42.89,CAD,expired_card,Card has expired,16,5,249,12,12,106.19,0,,2024-09-15 06:20:00,train
TXN-2AE7A1B0B96B,CUST-0347,393.45,EUR,expired_card,Declined — expired card on file,16,3,1386,9,20,69.7,0,,2024-07-27 01:14:00,train
TXN-A0F5762361A7,CUST-0373,122.26,USD,auth_required,SCA challenge required,59,9,622,19,15,36.63,1,40.0,2024-09-07 08:06:00,train
TXN-75B431F113C3,CUST-0421,26.06,GBP,hard_decline,Card reported lost or stolen,10,8,387,7,13,57.97,0,,2024-04-26 22:16:00,train
TXN-1F76BD88BEE9,CUST-0138,50.51,USD,insufficient_funds,Not enough balance,20,5,416,26,21,57.46,1,127.0,2024-02-05 23:37:00,train
TXN-7D7361F1F420,CUST-0210,131.43,USD,fraud_flag,Card flagged for unusual activity,55,0,808,15,15,51.97,0,,2024-11-27 01:20:00,train
TXN-61FF2F6A606C,CUST-0498,104.68,GBP,temp_error,Temporary bank unavailability,30,0,1702,1,7,99.25,1,6.0,2024-09-10 16:28:00,train
TXN-4123D4ABF710,CUST-0120,64.79,EUR,unknown,Processor response unclear,26,1,233,23,20,21.58,0,,2024-06-05 12:54:00,train
TXN-707546E1DA0D,CUST-0395,30.2,USD,expired_card,Card has expired,38,6,1679,28,11,25.35,0,,2024-02-09 11:26:00,train
TXN-7086C673EB06,CUST-0098,107.39,USD,insufficient_funds,Payment failed: low account balance,31,5,17,8,14,60.75,1,85.0,2024-12-14 05:22:00,train
TXN-BDFC83E9160F,CUST-0058,69.59,USD,auth_required,Strong customer authentication needed,1,9,357,9,18,94.97,1,49.0,2024-04-28 14:57:00,train
TXN-ADFD9D661C46,CUST-0135,20.45,USD,fraud_flag,Fraud prevention hold,44,0,1850,24,18,15.38,0,,2024-06-15 11:37:00,train
TXN-3AFF77694E84,CUST-0151,133.37,USD,expired_card,Expiration date is in the past,17,0,1472,14,18,77.69,0,,2024-06-06 21:20:00,train
TXN-7BDB2B793B37,CUST-0238,140.33,USD,expired_card,Expiration date is in the past,13,1,1036,23,11,37.75,0,,2024-10-14 05:18:00,train
TXN-0E0397C4EAAF,CUST-0410,48.32,GBP,temp_error,Network error during authorization,17,3,68,18,10,139.25,1,2.0,2024-09-06 10:42:00,train
TXN-6E7D9093A443,CUST-0032,185.58,CAD,expired_card,Declined — expired card on file,17,7,719,4,12,28.05,1,97.0,2024-03-13 13:31:00,test
TXN-B882187524E6,CUST-0427,71.25,USD,fraud_flag,Card flagged for unusual activity,56,8,641,11,10,125.72,0,,2024-09-20 01:32:00,train
TXN-9BD1F8E2888E,CUST-0004,315.56,USD,fraud_flag,Card flagged for unusual activity,28,8,594,6,12,70.1,0,,2024-05-24 14:03:00,train
TXN-E9E8F4C8A9B6,CUST-0102,112.01,EUR,insufficient_funds,Card declined — insufficient funds,43,1,1347,25,11,78.5,1,119.0,2024-07-10 06:19:00,train
TXN-7692198A7063,CUST-0373,23.53,USD,expired_card,Card expiry passed,43,4,1804,6,7,81.5,0,,2024-07-12 16:00:00,train
TXN-C6DAC3C6A950,CUST-0435,105.02,EUR,unknown,Payment declined — reason not specified,27,0,733,8,7,101.92,0,,2024-04-28 11:33:00,train
TXN-0788304BAAC4,CUST-0385,66.29,USD,insufficient_funds,Insufficient funds in account,1,5,1053,12,9,138.48,0,,2024-02-10 04:42:00,train
TXN-758FFB6F2BCD,CUST-0020,47.12,EUR,insufficient_funds,Insufficient funds in account,30,4,1612,16,7,78.95,1,108.0,2024-07-18 04:02:00,test
TXN-FE9E050BBB84,CUST-0191,72.01,EUR,expired_card,Declined — expired card on file,55,9,234,19,21,47.14,0,,2024-02-15 20:17:00,train
TXN-1813687BF07F,CUST-0368,56.1,EUR,temp_error,Temporary bank unavailability,9,2,1905,6,19,59.16,1,17.0,2024-05-11 14:54:00,train
TXN-3BCDBA0806C5,CUST-0053,172.95,USD,temp_error,"Temporary processing error, please retry",7,0,619,18,12,44.17,1,17.0,2024-02-12 09:53:00,train
TXN-91303837A220,CUST-0447,78.49,USD,expired_card,Expiration date is in the past,56,9,363,18,10,104.63,1,153.0,2024-07-04 11:31:00,train
TXN-06DE4D7E52DC,CUST-0256,103.31,USD,insufficient_funds,Payment failed: low account balance,25,1,418,19,18,49.91,1,129.0,2024-06-23 21:41:00,train
TXN-10FFE203E2E4,CUST-0386,27.12,USD,expired_card,Card has expired,15,8,1198,14,20,36.99,0,,2024-08-29 16:17:00,train
TXN-7F70EC8F0759,CUST-0039,111.0,AUD,insufficient_funds,Insufficient funds in account,59,1,1397,12,6,22.62,1,85.0,2024-12-19 04:27:00,train
TXN-3F601EC8417F,CUST-0146,43.66,USD,insufficient_funds,Decline: NSF,33,0,1319,10,10,33.38,1,97.0,2024-08-03 04:55:00,test
TXN-0CFEBE82A6F6,CUST-0341,40.16,USD,expired_card,Expiration date is in the past,58,1,611,27,8,135.07,0,,2024-10-01 03:15:00,train
TXN-FDE638FB5454,CUST-0115,34.77,USD,auth_required,Strong customer authentication needed,53,9,454,9,14,45.53,1,47.0,2024-08-26 15:28:00,train
TXN-190EFD2CC744,CUST-0061,305.86,USD,unknown,Unknown decline code from processor,50,2,1366,5,10,19.22,0,,2024-07-12 23:19:00,train
TXN-DA90C89F16C1,CUST-0085,56.3,USD,hard_decline,Invalid account number,45,8,1103,4,13,49.83,0,,2024-11-07 03:49:00,train
TXN-0FEBDEE00DE3,CUST-0211,50.65,USD,insufficient_funds,Payment failed: low account balance,17,1,1754,25,15,72.95,1,100.0,2024-03-11 01:15:00,train
TXN-F974CB77006A,CUST-0129,136.66,USD,fraud_flag,Fraud prevention hold,49,2,1432,7,6,20.71,0,,2024-06-19 00:12:00,train
TXN-A5A926806590,CUST-0002,98.79,USD,temp_error,"Temporary processing error, please retry",55,7,335,16,12,46.14,1,3.0,2024-12-08 08:21:00,test
TXN-66AF7525EDC3,CUST-0005,324.75,EUR,expired_card,Card has expired,13,5,598,3,18,120.8,0,,2024-03-08 12:18:00,test
TXN-811D7F0294D0,CUST-0239,109.7,USD,auth_required,3D Secure authentication required,28,4,1851,20,18,79.45,1,61.0,2024-06-21 00:52:00,train
TXN-65C9CB0336E1,CUST-0470,85.33,USD,fraud_flag,Card flagged for unusual activity,43,5,740,13,14,89.53,0,,2024-10-26 22:04:00,train
TXN-0DC71418203D,CUST-0159,81.64,USD,temp_error,Gateway timeout,37,1,1259,22,9,41.92,1,8.0,2024-01-25 02:03:00,train
TXN-84B0509D516E,CUST-0338,20.18,EUR,expired_card,Card expiry passed,18,6,289,21,10,91.62,0,,2024-10-27 12:28:00,test
TXN-C5F0803AA036,CUST-0164,29.23,USD,temp_error,Network error during authorization,29,4,337,1,13,48.3,1,11.0,2024-02-29 07:00:00,train
TXN-6A5D8E52904A,CUST-0452,238.01,EUR,auth_required,Strong customer authentication needed,24,6,633,15,21,151.25,0,,2024-07-14 05:40:00,test
TXN-45107864CF4F,CUST-0181,189.35,AUD,temp_error,Temporary bank unavailability,10,5,1729,11,21,50.53,1,23.0,2024-05-07 20:04:00,train
TXN-D8C8F11A68AB,CUST-0358,72.38,EUR,temp_error,Temporary bank unavailability,45,8,1235,12,12,54.35,1,6.0,2024-10-17 13:38:00,train
TXN-D83B4B7EE929,CUST-0426,277.72,EUR,auth_required,SCA challenge required,15,6,942,26,10,76.83,1,69.0,2024-11-28 21:20:00,test
TXN-FCA050690F24,CUST-0412,49.11,EUR,expired_card,Card expiry passed,2,9,1419,4,15,63.09,0,,2024-12-09 20:15:00,train
TXN-AD98240CF49E,CUST-0397,115.46,USD,temp_error,Network error during authorization,32,9,1930,18,12,45.27,1,11.0,2024-12-02 17:52:00,train
TXN-BC8EE50E2DD3,CUST-0169,86.85,USD,insufficient_funds,Not enough balance,50,1,1211,19,16,89.27,1,101.0,2024-12-25 02:21:00,train
TXN-04C6B48CA811,CUST-0116,25.02,GBP,temp_error,Processing system temporarily unavailable,32,9,856,26,9,44.64,1,13.0,2024-03-28 16:25:00,train
TXN-C7BCCFD0578A,CUST-0417,54.81,USD,temp_error,"Temporary processing error, please retry",16,5,582,26,8,31.97,1,21.0,2024-10-26 15:24:00,train
TXN-717E14A80DA9,CUST-0200,97.77,USD,insufficient_funds,Not enough balance,57,8,1559,7,8,37.09,1,104.0,2024-05-14 10:30:00,train
TXN-1FCA8218DF0F,CUST-0391,29.29,USD,auth_required,SCA challenge required,56,8,1816,17,10,11.18,0,,2024-03-09 00:46:00,train
TXN-64FC2E222F79,CUST-0369,114.88,USD,insufficient_funds,Card declined — insufficient funds,34,1,265,14,18,142.12,0,,2024-06-05 18:06:00,train
TXN-9346E84D0FEA,CUST-0425,102.75,USD,auth_required,3D Secure authentication required,10,4,1137,14,6,46.75,1,57.0,2024-03-07 21:41:00,train
TXN-AF9927F4DA68,CUST-0177,58.51,USD,fraud_flag,Card flagged for unusual activity,21,8,715,12,19,45.24,0,,2024-11-27 16:51:00,train
TXN-4FB402EF13D5,CUST-0203,34.66,EUR,unknown,Payment declined — reason not specified,43,9,686,22,20,39.4,1,71.0,2024-10-15 08:16:00,test
TXN-8672C7A5A919,CUST-0349,98.35,USD,temp_error,Gateway timeout,39,3,598,17,12,22.88,1,22.0,2024-04-25 00:05:00,train
TXN-F158D5AF7A67,CUST-0053,46.39,GBP,insufficient_funds,Not enough balance,30,5,413,9,12,67.02,1,86.0,2024-05-18 08:18:00,train
TXN-46B506EB794A,CUST-0171,68.63,CAD,fraud_flag,Fraud prevention hold,35,4,931,21,8,39.4,0,,2024-03-14 11:51:00,train
TXN-DDED8C3B41ED,CUST-0391,159.02,USD,fraud_flag,Security flag triggered by issuer,56,2,1427,18,10,94.22,0,,2024-10-17 05:58:00,train
TXN-3C58B6C1111B,CUST-0044,168.61,USD,unknown,Payment declined — reason not specified,17,1,634,21,6,92.21,1,63.0,2024-08-25 08:28:00,train
TXN-374F57EC9E73,CUST-0281,41.99,CAD,auth_required,Additional verification required by issuing bank,29,8,52,3,19,65.58,1,68.0,2024-01-15 16:49:00,train
TXN-F7B0D06612F0,CUST-0070,56.45,USD,insufficient_funds,Payment failed: low account balance,37,8,1783,28,17,27.63,1,116.0,2024-03-12 11:05:00,train
TXN-F185F5EE2989,CUST-0001,89.62,EUR,auth_required,SCA challenge required,59,4,405,1,21,47.14,1,52.0,2024-01-09 08:12:00,train
TXN-1D2DE7F6E560,CUST-0251,82.44,USD,expired_card,Card expiry passed,33,1,468,24,13,35.1,0,,2024-01-09 15:48:00,train
TXN-EC7BBF97B825,CUST-0495,11.53,GBP,temp_error,Temporary bank unavailability,34,8,793,2,9,18.69,1,7.0,2024-10-23 04:20:00,train
TXN-274C019AE9EE,CUST-0406,23.93,GBP,insufficient_funds,Decline: NSF,57,6,1759,7,12,37.19,1,86.0,2024-04-17 13:58:00,train
TXN-B23047D3DE09,CUST-0221,36.54,USD,temp_error,Network error during authorization,49,8,1562,4,17,43.54,1,17.0,2024-03-30 18:05:00,train
TXN-1116D63D3832,CUST-0119,160.65,USD,expired_card,Expiration date is in the past,49,5,1225,15,16,136.33,0,,2024-11-17 21:57:00,test
TXN-90AE09A888EE,CUST-0040,89.47,EUR,insufficient_funds,Not enough balance,20,7,1756,13,12,46.25,1,91.0,2024-01-30 02:06:00,train
TXN-0ABEC9E7E6B6,CUST-0295,120.94,EUR,temp_error,Temporary bank unavailability,45,3,1787,5,8,76.82,1,21.0,2024-12-11 03:24:00,test
TXN-92B8131C3649,CUST-0009,39.27,USD,auth_required,Strong customer authentication needed,25,7,1515,19,16,105.26,1,69.0,2024-12-26 17:42:00,test
TXN-A7DD47896F31,CUST-0125,412.9,CAD,temp_error,"Temporary processing error, please retry",5,1,1524,9,14,39.65,1,2.0,2024-11-30 19:13:00,test
TXN-5A9191D90427,CUST-0140,117.98,AUD,expired_card,Card expiry passed,27,6,1542,15,11,24.04,0,,2024-12-21 09:11:00,train
TXN-F522093050A5,CUST-0260,33.72,USD,auth_required,Additional verification required by issuing bank,48,0,332,1,10,67.23,1,47.0,2024-11-20 04:58:00,test
TXN-B38F3BF51611,CUST-0218,84.43,USD,insufficient_funds,Card declined — insufficient funds,6,9,752,15,10,89.21,1,97.0,2024-02-29 16:05:00,train
TXN-85E31FAD945F,CUST-0495,26.99,GBP,auth_required,Additional verification required by issuing bank,59,6,1139,2,8,36.23,1,72.0,2024-06-30 16:00:00,test
TXN-624CD6404165,CUST-0329,40.9,USD,insufficient_funds,Card declined — insufficient funds,7,1,805,16,19,82.55,1,103.0,2024-09-07 14:18:00,test
TXN-EEC535EC2EA5,CUST-0412,117.7,EUR,insufficient_funds,Decline: NSF,4,6,1204,18,19,56.3,1,109.0,2024-12-02 03:36:00,test
TXN-86EA22FB83D8,CUST-0340,54.48,CAD,temp_error,Temporary bank unavailability,27,5,1180,26,10,58.09,1,12.0,2024-04-04 06:03:00,test
TXN-6AA3494EE524,CUST-0378,91.77,USD,insufficient_funds,Not enough balance,21,7,1609,12,18,118.58,1,117.0,2024-05-27 11:29:00,train
TXN-4916B5E5BFF1,CUST-0016,35.9,EUR,expired_card,Declined — expired card on file,4,7,185,9,14,57.12,1,164.0,2024-04-24 06:39:00,test
TXN-01F35C2C1650,CUST-0473,11.45,CAD,insufficient_funds,Insufficient funds in account,19,8,1093,1,17,82.37,1,109.0,2024-10-07 00:01:00,train
TXN-3E01163E5722,CUST-0212,115.11,USD,expired_card,Card expiry passed,39,0,1309,2,6,61.97,1,110.0,2024-03-28 04:26:00,train
TXN-7F8F331C9344,CUST-0420,24.4,EUR,expired_card,Card has expired,22,1,1342,23,20,55.68,0,,2024-08-07 20:48:00,train
TXN-92FF91DD2B90,CUST-0172,68.34,EUR,temp_error,"Temporary processing error, please retry",1,8,971,1,9,68.38,1,8.0,2024-04-17 09:21:00,train
TXN-AD22E72A6C35,CUST-0177,48.41,EUR,expired_card,Card expiry passed,53,8,540,23,12,68.01,1,166.0,2024-11-07 04:08:00,train
TXN-B22B34065C13,CUST-0334,36.4,USD,expired_card,Expiration date is in the past,55,4,849,3,13,91.29,0,,2024-03-28 15:14:00,train
TXN-7E5B80623949,CUST-0318,191.09,EUR,hard_decline,Account closed,33,1,1637,15,9,92.21,0,,2024-09-08 13:35:00,train
TXN-B81FCF0C7A7D,CUST-0269,44.47,USD,temp_error,Network error during authorization,31,0,1044,15,14,54.66,1,20.0,2024-07-05 14:45:00,train
TXN-1A040042D49A,CUST-0175,79.94,EUR,insufficient_funds,Insufficient funds in account,40,7,232,23,9,40.26,1,110.0,2024-04-21 09:31:00,train
TXN-502E118539A3,CUST-0121,40.37,USD,expired_card,Declined — expired card on file,41,7,985,26,8,63.66,0,,2024-08-17 09:00:00,train
TXN-944C5044113C,CUST-0165,16.27,USD,expired_card,Card expiry passed,10,1,1189,2,10,42.23,0,,2024-09-23 03:06:00,train
TXN-9DC60CE9FABA,CUST-0350,29.13,GBP,temp_error,Processing system temporarily unavailable,13,6,419,27,15,41.71,1,10.0,2024-06-10 05:12:00,test
TXN-4658FA5C4503,CUST-0493,36.83,GBP,expired_card,Declined — expired card on file,25,1,1149,24,15,140.55,0,,2024-10-27 00:21:00,test
TXN-BEE76F5968A0,CUST-0470,197.32,USD,expired_card,Card has expired,28,0,1453,10,17,36.95,0,,2024-02-03 16:05:00,train
TXN-02D5952A7705,CUST-0285,17.45,USD,insufficient_funds,Decline: NSF,33,7,436,21,19,60.89,1,98.0,2024-05-04 14:28:00,train
TXN-E0DBD152E009,CUST-0234,59.59,USD,insufficient_funds,Decline: NSF,20,1,1509,19,18,146.8,1,100.0,2024-10-10 11:52:00,train
TXN-C6CA1F0E0435,CUST-0308,141.29,EUR,expired_card,Card has expired,3,3,731,9,12,82.19,0,,2024-12-18 00:35:00,train
TXN-A9DA49D1B8A8,CUST-0230,45.73,USD,auth_required,Strong customer authentication needed,49,6,1987,18,19,57.25,1,54.0,2024-03-14 11:24:00,train
TXN-1B450974F62A,CUST-0015,104.58,GBP,insufficient_funds,Card declined — insufficient funds,11,3,356,2,16,105.37,1,129.0,2024-10-10 00:31:00,train
TXN-0B27723AF1E6,CUST-0215,32.45,CAD,temp_error,Gateway timeout,23,6,1663,20,17,76.35,1,13.0,2024-03-11 22:32:00,train
TXN-79A6983F0C83,CUST-0122,33.3,USD,insufficient_funds,Card declined — insufficient funds,15,7,1469,14,18,107.75,1,110.0,2024-08-31 23:35:00,train
TXN-EF2DA311DA78,CUST-0215,32.8,CAD,temp_error,"Temporary processing error, please retry",25,7,1488,27,19,36.72,1,23.0,2024-08-04 09:38:00,train
TXN-6BCE4FA2759B,CUST-0184,47.6,EUR,fraud_flag,Fraud prevention hold,12,2,1195,16,13,67.1,0,,2024-08-12 01:29:00,train
TXN-EEB8C78302DF,CUST-0074,34.61,USD,unknown,Generic decline,42,3,126,11,21,52.15,1,46.0,2024-03-31 06:57:00,train
TXN-481552EB8B8A,CUST-0186,64.79,EUR,expired_card,Card has expired,7,9,1378,20,11,33.15,0,,2024-08-02 19:17:00,train
TXN-7AED93FEFF68,CUST-0106,50.12,USD,expired_card,Card has expired,25,7,228,14,16,40.64,0,,2024-06-04 18:57:00,train
TXN-ADA16BDB462A,CUST-0190,41.54,GBP,fraud_flag,Security flag triggered by issuer,17,4,701,14,7,72.06,0,,2024-07-05 23:52:00,train
TXN-802FADD8336D,CUST-0357,199.34,AUD,auth_required,Additional verification required by issuing bank,0,5,1824,11,17,91.27,1,41.0,2024-03-21 07:42:00,train
TXN-D2A90CAE9E1E,CUST-0370,93.21,CAD,expired_card,Card has expired,2,6,1593,1,12,92.85,0,,2024-08-04 19:36:00,train
TXN-7B7C9EF08417,CUST-0326,78.37,EUR,expired_card,Card has expired,34,3,1348,27,14,37.97,0,,2024-05-03 07:07:00,train
TXN-9873FB5F94C4,CUST-0218,30.63,USD,insufficient_funds,Decline: NSF,8,5,922,24,20,28.34,1,97.0,2024-06-01 13:45:00,train
TXN-36B262F353AB,CUST-0358,65.64,GBP,auth_required,Strong customer authentication needed,40,6,627,25,17,29.49,1,59.0,2024-02-16 17:52:00,train
TXN-86387972C01F,CUST-0219,441.81,USD,expired_card,Expiration date is in the past,52,2,19,8,19,52.89,0,,2024-11-02 10:33:00,train
TXN-C7633EB8E829,CUST-0257,50.51,USD,insufficient_funds,Decline: NSF,31,8,388,23,9,40.91,0,,2024-01-21 22:25:00,test
TXN-ED99D29F1CEF,CUST-0143,164.35,AUD,unknown,Unknown decline code from processor,37,1,1905,10,16,38.0,1,57.0,2024-10-20 16:18:00,train
TXN-1B0BC1F8A36B,CUST-0435,383.16,USD,auth_required,SCA challenge required,39,0,353,5,8,89.68,1,36.0,2024-01-17 16:44:00,train
TXN-0A62B399904B,CUST-0204,64.13,USD,fraud_flag,Security flag triggered by issuer,43,0,408,3,11,77.45,0,,2024-11-18 11:01:00,train
TXN-636B3CC97348,CUST-0267,56.72,EUR,insufficient_funds,Card declined — insufficient funds,24,7,238,1,7,42.08,1,114.0,2024-08-22 11:54:00,train
TXN-CACDF7947609,CUST-0428,74.67,USD,auth_required,SCA challenge required,17,1,1130,24,17,96.45,0,,2024-04-03 04:38:00,test
TXN-F7B579487718,CUST-0126,38.81,USD,expired_card,Card expiry passed,8,6,1105,15,18,21.96,1,158.0,2024-02-14 07:57:00,test
TXN-B960E373BECC,CUST-0497,154.17,USD,expired_card,Card has expired,16,6,127,12,21,107.37,0,,2024-06-11 12:52:00,train
TXN-224984461C78,CUST-0139,58.93,USD,auth_required,Additional verification required by issuing bank,0,5,1075,19,12,26.35,1,30.0,2024-08-11 05:16:00,train
TXN-18F90A663605,CUST-0094,48.79,USD,insufficient_funds,Card declined — insufficient funds,39,9,353,14,14,18.56,1,106.0,2024-02-21 17:38:00,train
TXN-7AED7DBE0E92,CUST-0278,320.99,USD,expired_card,Declined — expired card on file,28,0,247,6,16,30.79,0,,2024-04-19 04:13:00,test
TXN-E2BCA91FF790,CUST-0279,91.75,GBP,temp_error,"Temporary processing error, please retry",32,5,1456,28,18,24.01,1,17.0,2024-03-29 12:25:00,train
TXN-3B0EC45C5507,CUST-0365,115.64,USD,unknown,Error code: 05,52,2,1512,9,15,62.02,0,,2024-03-21 05:43:00,train
TXN-08674A403F2B,CUST-0010,56.2,USD,insufficient_funds,Insufficient funds in account,32,1,663,9,17,113.2,1,94.0,2024-06-10 04:24:00,test
TXN-9E70D8BD0A66,CUST-0236,118.26,USD,insufficient_funds,Payment failed: low account balance,11,2,1715,7,16,55.78,1,121.0,2024-07-11 07:30:00,train
TXN-4FF6A1971079,CUST-0022,65.83,USD,expired_card,Card expiry passed,15,5,834,7,15,70.54,0,,2024-11-18 01:03:00,train
TXN-F859E0D0783B,CUST-0230,29.98,USD,expired_card,Declined — expired card on file,32,0,1315,28,16,64.98,1,92.0,2024-12-05 00:57:00,train
TXN-6060BF7265D1,CUST-0156,40.24,CAD,insufficient_funds,Not enough balance,58,9,1422,7,21,60.17,1,131.0,2024-06-29 11:41:00,train
TXN-B4C24E04EF9F,CUST-0416,35.51,AUD,temp_error,"Temporary processing error, please retry",47,5,1461,23,8,228.38,1,14.0,2024-06-29 15:51:00,train
TXN-CA9FC9FA8528,CUST-0284,42.78,GBP,temp_error,Network error during authorization,23,2,763,16,15,49.53,1,10.0,2024-07-25 19:03:00,train
TXN-16E6494F836D,CUST-0365,185.55,GBP,expired_card,Declined — expired card on file,53,9,1803,16,13,34.13,1,132.0,2024-11-12 22:58:00,test
TXN-ADA5B8A351AC,CUST-0448,26.44,USD,expired_card,Card has expired,47,9,1789,22,7,52.24,1,167.0,2024-03-15 20:42:00,train
TXN-B73E9813790C,CUST-0465,35.1,GBP,fraud_flag,Suspected fraudulent activity — transaction blocked,28,8,906,13,14,29.35,0,,2024-05-16 12:19:00,train
TXN-F266381486FA,CUST-0020,11.39,USD,temp_error,Gateway timeout,29,4,1555,6,15,52.85,1,6.0,2024-01-18 17:36:00,test
TXN-24C9CD21F184,CUST-0182,148.4,USD,fraud_flag,Card flagged for unusual activity,57,0,1668,13,10,35.13,0,,2024-12-24 02:47:00,train
TXN-94F45B80EC92,CUST-0029,479.57,USD,insufficient_funds,Card declined — insufficient funds,4,2,1740,25,18,107.81,1,115.0,2024-06-06 17:59:00,train
TXN-F60B0F25677A,CUST-0033,22.44,USD,temp_error,Gateway timeout,11,3,1423,15,6,28.19,1,8.0,2024-04-24 21:55:00,train
TXN-FF2488C02C5C,CUST-0173,49.19,GBP,expired_card,Card expiry passed,28,3,1929,11,7,34.02,0,,2024-02-20 14:13:00,test
TXN-C4D56E0D91ED,CUST-0052,52.13,USD,fraud_flag,Security flag triggered by issuer,7,3,146,8,7,26.95,0,,2024-10-12 00:24:00,train
TXN-48D47889F983,CUST-0239,71.03,USD,expired_card,Declined — expired card on file,43,0,325,7,12,46.94,0,,2024-06-07 23:06:00,train
TXN-9F18FA83C98F,CUST-0162,479.77,USD,insufficient_funds,Not enough balance,53,8,332,14,19,88.05,1,115.0,2024-03-22 13:41:00,train
TXN-CBDBB7067FD8,CUST-0336,45.37,GBP,expired_card,Declined — expired card on file,7,3,350,8,19,63.69,1,131.0,2024-01-31 12:26:00,train
TXN-F3A9474A0730,CUST-0025,146.96,USD,auth_required,3D Secure authentication required,3,5,1433,2,18,35.57,1,38.0,2024-06-19 07:09:00,train
TXN-8225273D0A69,CUST-0364,601.07,USD,insufficient_funds,Insufficient funds in account,16,4,880,2,7,176.89,1,104.0,2024-09-30 21:06:00,test
TXN-03DF28697377,CUST-0155,80.89,EUR,insufficient_funds,Insufficient funds in account,37,6,109,5,12,33.61,1,95.0,2024-12-05 10:14:00,train
TXN-F3B69DAE9DC8,CUST-0214,185.31,EUR,temp_error,Gateway timeout,3,6,753,24,13,93.88,1,11.0,2024-08-31 01:37:00,test
TXN-E9738D2339F1,CUST-0075,137.22,EUR,hard_decline,Card reported lost or stolen,27,4,1951,5,21,64.03,0,,2024-11-28 04:54:00,train
TXN-B50C387F1922,CUST-0028,78.58,USD,expired_card,Declined — expired card on file,35,0,1763,27,15,50.81,1,163.0,2024-10-29 04:26:00,train
TXN-940B48C10EF6,CUST-0175,55.42,GBP,unknown,Processor response unclear,2,0,1483,4,21,27.36,1,58.0,2024-02-04 00:39:00,train
TXN-39CD7E7E555C,CUST-0244,95.63,EUR,expired_card,Declined — expired card on file,26,5,53,2,16,60.19,0,,2024-10-27 07:37:00,train
TXN-0EBA5837CDC7,CUST-0157,27.74,USD,unknown,Payment declined — reason not specified,26,0,768,17,9,63.34,0,,2024-01-02 17:32:00,test
TXN-518ED574F873,CUST-0020,236.29,USD,expired_card,Expiration date is in the past,41,9,1892,10,21,88.13,0,,2024-04-12 14:36:00,train
TXN-40E7A3C1548C,CUST-0476,72.43,USD,temp_error,Network error during authorization,20,9,1609,7,12,61.53,1,20.0,2024-10-29 19:19:00,train
TXN-FF7AF66F9044,CUST-0273,30.57,EUR,fraud_flag,Security flag triggered by issuer,35,7,780,3,21,166.4,0,,2024-11-18 11:01:00,train
TXN-42DC71ABFFC0,CUST-0066,108.8,USD,unknown,Payment declined — reason not specified,13,5,1372,26,9,175.17,0,,2024-08-16 15:43:00,train
TXN-AF919C8A1AE3,CUST-0116,103.46,GBP,hard_decline,Do not honor,18,4,536,19,21,39.4,0,,2024-05-10 17:01:00,train
TXN-6B2D39CA3462,CUST-0299,78.0,USD,expired_card,Declined — expired card on file,44,2,1437,28,7,63.14,1,93.0,2024-09-06 08:11:00,train
TXN-C9283A20BFCF,CUST-0196,144.5,EUR,fraud_flag,Suspected fraudulent activity — transaction blocked,3,6,372,2,15,57.24,0,,2024-06-10 10:32:00,train
TXN-0A320230A5D3,CUST-0491,34.33,GBP,expired_card,Declined — expired card on file,9,5,205,23,21,81.4,0,,2024-08-02 09:18:00,test
TXN-D1F228D4CE67,CUST-0108,29.25,CAD,unknown,Generic decline,12,7,1010,4,11,87.24,0,,2024-07-13 19:29:00,train
TXN-2B0DA26E34CB,CUST-0428,26.51,EUR,fraud_flag,Security flag triggered by issuer,36,2,386,15,14,26.27,0,,2024-12-15 09:20:00,train
TXN-688C8886A83A,CUST-0326,48.35,EUR,temp_error,Processing system temporarily unavailable,20,3,637,12,10,86.77,1,21.0,2024-03-12 00:39:00,train
TXN-C89854A380CA,CUST-0158,35.82,AUD,unknown,Error code: 05,46,6,718,6,20,148.1,0,,2024-08-11 05:36:00,train
TXN-3BEAEDB79078,CUST-0195,93.37,USD,expired_card,Card has expired,43,8,1419,20,21,81.99,1,74.0,2024-01-22 04:22:00,train
TXN-2258D2C021E2,CUST-0056,107.26,EUR,expired_card,Card expiry passed,47,4,1046,11,20,21.84,0,,2024-11-24 18:15:00,train
TXN-5D59F7BAB464,CUST-0117,20.13,CAD,unknown,Payment declined — reason not specified,10,7,403,11,19,111.93,1,44.0,2024-11-14 13:52:00,train
TXN-F6CB436D60FA,CUST-0308,53.65,EUR,expired_card,Expiration date is in the past,39,5,646,18,9,87.35,0,,2024-09-05 23:56:00,train
TXN-0FDAFAFF2775,CUST-0181,39.33,CAD,fraud_flag,Suspected fraudulent activity — transaction blocked,46,7,526,22,6,43.27,0,,2024-03-08 18:06:00,train
TXN-96EB9CBE24C3,CUST-0309,42.16,USD,insufficient_funds,Card declined — insufficient funds,19,9,246,9,12,108.95,0,,2024-02-13 00:49:00,test
TXN-22072AFD1905,CUST-0420,42.23,EUR,expired_card,Card expiry passed,47,5,623,3,12,45.73,0,,2024-03-28 17:18:00,train
TXN-CB7444AD419D,CUST-0208,17.05,USD,insufficient_funds,Card declined — insufficient funds,15,3,1622,17,10,87.84,1,120.0,2024-05-20 22:25:00,train
TXN-858BBAF2A059,CUST-0329,22.44,USD,insufficient_funds,Insufficient funds in account,20,1,1148,27,20,111.49,1,98.0,2024-07-31 23:06:00,train
TXN-37547156A19B,CUST-0447,140.12,USD,fraud_flag,Card flagged for unusual activity,15,5,1448,26,6,28.72,0,,2024-11-18 12:02:00,train
TXN-17CD4B769231,CUST-0000,21.37,GBP,insufficient_funds,Insufficient funds in account,31,9,310,23,8,133.36,1,92.0,2024-12-17 20:03:00,test
TXN-DEDD25FE6374,CUST-0276,58.12,EUR,temp_error,"Temporary processing error, please retry",31,6,1407,6,8,49.73,1,17.0,2024-05-26 15:59:00,train
TXN-DB8CC10448DA,CUST-0075,69.79,GBP,temp_error,Gateway timeout,40,1,445,26,15,68.17,1,16.0,2024-01-16 06:47:00,train
TXN-55C4D510F467,CUST-0309,44.5,EUR,temp_error,Network error during authorization,27,6,1243,21,10,42.03,1,13.0,2024-06-26 11:15:00,train
TXN-179F9A949485,CUST-0233,62.24,USD,expired_card,Card expiry passed,40,3,131,1,11,59.8,0,,2024-11-05 23:03:00,train
TXN-993EC01CC11B,CUST-0429,84.69,USD,unknown,Payment declined — reason not specified,9,0,154,4,19,50.28,0,,2024-03-21 14:15:00,train
TXN-E50347026D0F,CUST-0445,42.25,EUR,expired_card,Expiration date is in the past,45,3,305,1,8,37.75,0,,2024-02-04 19:52:00,train
TXN-83F12FE6A227,CUST-0271,71.26,EUR,expired_card,Expiration date is in the past,17,9,1884,9,19,44.93,1,124.0,2024-10-21 20:29:00,train
TXN-B529E430A54A,CUST-0270,132.66,USD,expired_card,Declined — expired card on file,3,8,454,6,12,27.13,0,,2024-10-03 15:37:00,train
TXN-7B80CBCC0EBA,CUST-0352,60.47,GBP,insufficient_funds,Card declined — insufficient funds,56,0,341,11,8,132.48,1,109.0,2024-01-17 13:25:00,test
TXN-C8339565B77A,CUST-0220,80.55,USD,temp_error,Processing system temporarily unavailable,16,3,613,13,20,29.54,1,4.0,2024-11-12 01:30:00,test
TXN-E9AF1F59DA9C,CUST-0317,188.5,USD,temp_error,Network error during authorization,23,3,1082,13,21,56.08,1,23.0,2024-05-17 18:44:00,train
TXN-B09209B44CA3,CUST-0305,28.3,USD,temp_error,Network error during authorization,48,7,407,15,13,93.45,1,9.0,2024-06-05 20:09:00,train
TXN-291ACBB92D5B,CUST-0044,58.7,USD,expired_card,Card expiry passed,25,5,139,15,8,97.36,0,,2024-11-03 22:30:00,train
TXN-7502C10A4819,CUST-0386,19.5,USD,insufficient_funds,Decline: NSF,18,0,540,22,12,56.81,1,113.0,2024-10-15 21:29:00,test
TXN-3958F866BEEC,CUST-0063,45.42,EUR,insufficient_funds,Card declined — insufficient funds,40,1,748,4,9,90.87,1,98.0,2024-12-25 18:49:00,train
TXN-4F9DEA11D4C2,CUST-0428,218.73,GBP,insufficient_funds,Not enough balance,20,4,937,5,7,34.79,1,91.0,2024-03-25 05:54:00,train
TXN-6498F7202EAB,CUST-0231,69.37,GBP,temp_error,Temporary bank unavailability,27,7,513,26,10,49.14,1,5.0,2024-04-13 02:35:00,train
TXN-1B3765D26347,CUST-0239,76.31,USD,insufficient_funds,Card declined — insufficient funds,21,1,1293,3,20,138.47,1,109.0,2024-01-25 18:08:00,train
TXN-43DABF169EB1,CUST-0093,134.79,USD,insufficient_funds,Not enough balance,42,7,1297,20,16,28.37,0,,2024-08-14 16:02:00,train
TXN-4E5ADA59A6FE,CUST-0254,45.29,CAD,insufficient_funds,Decline: NSF,38,4,950,18,21,47.21,1,123.0,2024-11-15 16:08:00,test
TXN-487C6FE5DECC,CUST-0076,52.92,CAD,auth_required,Additional verification required by issuing bank,49,2,1600,18,19,38.98,1,27.0,2024-01-26 12:15:00,train
TXN-3AC999F8E2DD,CUST-0336,76.57,AUD,fraud_flag,Card flagged for unusual activity,28,8,1365,9,16,45.62,0,,2024-11-09 16:29:00,test
TXN-4A757C152D5B,CUST-0203,30.47,USD,insufficient_funds,Decline: NSF,23,9,1240,10,19,82.4,1,84.0,2024-01-30 01:16:00,train
TXN-75F0A9AF2AA0,CUST-0227,57.56,USD,temp_error,Processing system temporarily unavailable,12,1,98,18,18,96.2,1,8.0,2024-06-26 18:30:00,train
TXN-3A8D3043797B,CUST-0219,48.28,USD,insufficient_funds,Not enough balance,23,1,1158,21,15,92.13,1,118.0,2024-12-14 21:54:00,train
TXN-03EFE354AD67,CUST-0478,103.95,USD,temp_error,Processing system temporarily unavailable,38,9,1704,26,18,54.5,1,17.0,2024-01-15 00:56:00,train
TXN-A7915DED55B9,CUST-0017,99.61,USD,insufficient_funds,Decline: NSF,0,2,1383,20,15,33.86,1,105.0,2024-05-21 03:40:00,train
TXN-610A56D9B5A2,CUST-0050,86.75,GBP,insufficient_funds,Insufficient funds in account,19,4,952,25,11,29.06,1,97.0,2024-08-18 15:57:00,train
TXN-1B2ED801EED7,CUST-0233,53.74,EUR,insufficient_funds,Not enough balance,18,0,1063,15,19,25.88,1,114.0,2024-03-04 05:53:00,test
TXN-B0A2407C87C2,CUST-0032,61.15,USD,hard_decline,Card reported lost or stolen,28,6,146,14,17,70.67,0,,2024-04-02 20:37:00,train
TXN-AC73356C161B,CUST-0156,22.51,USD,expired_card,Expiration date is in the past,31,8,755,10,6,39.68,0,,2024-10-25 12:31:00,train
TXN-C039581B06A8,CUST-0326,57.09,USD,insufficient_funds,Decline: NSF,26,2,248,10,15,95.4,1,89.0,2024-07-23 22:11:00,test
TXN-B6D4A7C978BC,CUST-0014,209.21,USD,temp_error,Gateway timeout,42,7,547,6,9,79.26,1,12.0,2024-01-14 19:20:00,train
TXN-B6B3ECB67B2B,CUST-0473,86.93,EUR,insufficient_funds,Payment failed: low account balance,24,3,1667,8,16,16.8,1,130.0,2024-09-15 12:08:00,train
TXN-A5A8BB9D9FF4,CUST-0166,82.67,USD,fraud_flag,Fraud prevention hold,46,3,1660,10,18,49.72,0,,2024-10-17 07:39:00,train
TXN-2B8B850D7535,CUST-0329,55.87,USD,insufficient_funds,Decline: NSF,6,5,118,20,9,63.39,0,,2024-10-15 13:42:00,train
TXN-29D5195088AC,CUST-0206,27.52,USD,insufficient_funds,Card declined — insufficient funds,19,9,833,7,12,81.69,0,,2024-02-02 02:11:00,train
TXN-65E7216877DA,CUST-0163,349.23,USD,hard_decline,Card permanently blocked,45,4,1129,13,9,65.75,0,,2024-07-25 09:16:00,train
TXN-971139AAC0D5,CUST-0185,75.66,USD,auth_required,SCA challenge required,58,6,792,14,16,63.42,1,56.0,2024-09-29 20:35:00,train
TXN-912C2EE4D7E5,CUST-0490,93.6,USD,unknown,Unknown decline code from processor,31,2,1342,6,10,42.58,0,,2024-10-15 17:48:00,train
TXN-8E2F370D2118,CUST-0180,64.66,USD,expired_card,Declined — expired card on file,15,4,705,28,19,51.72,1,125.0,2024-12-16 15:29:00,train
TXN-5ED671B011FC,CUST-0329,46.91,GBP,insufficient_funds,Insufficient funds in account,51,9,633,7,21,33.18,1,86.0,2024-03-11 06:39:00,train
TXN-00E1E6FC39AD,CUST-0010,363.55,GBP,temp_error,Gateway timeout,22,1,704,11,10,27.55,1,15.0,2024-10-04 18:15:00,train
TXN-7545EBFBFB54,CUST-0281,44.65,USD,insufficient_funds,Insufficient funds in account,51,4,938,25,10,42.75,1,98.0,2024-07-21 23:09:00,train
TXN-41EA7F6AEC9F,CUST-0425,59.36,AUD,insufficient_funds,Decline: NSF,57,2,1570,17,14,17.29,1,106.0,2024-02-25 20:16:00,train
TXN-ACC1797316C3,CUST-0193,47.99,CAD,temp_error,Temporary bank unavailability,48,0,1577,7,10,136.01,1,6.0,2024-06-25 04:33:00,train
TXN-3F356F62439E,CUST-0316,143.75,USD,fraud_flag,Fraud prevention hold,14,1,175,6,6,44.33,0,,2024-12-20 08:44:00,test
TXN-C9C15DE83AAD,CUST-0316,152.38,USD,temp_error,"Temporary processing error, please retry",13,4,994,26,9,74.56,1,23.0,2024-08-21 01:17:00,train
TXN-B61A1411AB00,CUST-0340,29.49,AUD,expired_card,Card expiry passed,7,9,1367,23,13,44.46,1,91.0,2024-04-25 05:42:00,train
TXN-7621FB479FCB,CUST-0425,57.68,EUR,temp_error,Gateway timeout,58,6,66,2,8,66.87,1,15.0,2024-01-06 03:32:00,train
TXN-B9DB5CEFEBA2,CUST-0426,77.38,USD,insufficient_funds,Decline: NSF,58,5,1150,5,7,141.97,1,111.0,2024-02-06 00:56:00,train
TXN-44FBC989272F,CUST-0209,63.3,GBP,temp_error,Processing system temporarily unavailable,19,1,198,20,19,58.52,1,18.0,2024-04-06 21:55:00,test
TXN-DFE4D8D77CDD,CUST-0272,25.71,EUR,temp_error,Temporary bank unavailability,2,2,577,21,6,62.97,0,,2024-04-26 15:29:00,train
TXN-8BB7952E7F3B,CUST-0125,62.23,USD,fraud_flag,Suspected fraudulent activity — transaction blocked,19,1,1929,23,21,49.93,0,,2024-02-18 17:51:00,train
TXN-B26922AF7C48,CUST-0255,79.21,USD,expired_card,Card expiry passed,57,6,1408,15,18,81.03,1,81.0,2024-01-10 17:19:00,test
TXN-828D83828176,CUST-0111,36.97,USD,expired_card,Card has expired,27,0,1587,13,9,55.63,1,92.0,2024-06-28 14:08:00,train
TXN-095E729F228B,CUST-0000,66.26,USD,insufficient_funds,Not enough balance,38,4,1215,8,9,65.4,1,111.0,2024-09-02 21:22:00,test
TXN-23EF7CA89F39,CUST-0201,94.01,EUR,temp_error,Processing system temporarily unavailable,44,2,1478,12,7,132.16,1,12.0,2024-08-13 07:19:00,train
TXN-6FC5773E3814,CUST-0123,25.69,GBP,expired_card,Card has expired,12,6,815,16,17,44.84,0,,2024-10-10 14:20:00,train
TXN-140C7A6741B7,CUST-0051,94.16,USD,temp_error,Temporary bank unavailability,58,6,365,24,13,23.49,1,3.0,2024-10-25 14:25:00,train
TXN-70C61FC63FF3,CUST-0084,101.09,USD,expired_card,Declined — expired card on file,46,9,1483,12,11,44.24,0,,2024-10-20 07:47:00,train
TXN-897DEF5A07BF,CUST-0315,33.28,USD,auth_required,SCA challenge required,6,2,1616,16,12,71.83,1,33.0,2024-07-24 22:41:00,test
TXN-A4CF20C1FA71,CUST-0298,12.75,USD,expired_card,Card expiry passed,16,5,1750,21,13,38.11,0,,2024-06-03 14:03:00,train
TXN-AF3B86CC101A,CUST-0452,86.72,EUR,insufficient_funds,Insufficient funds in account,52,9,482,19,7,46.72,0,,2024-07-18 23:41:00,train
TXN-533B9DD22B0F,CUST-0055,129.95,GBP,expired_card,Card has expired,19,9,1436,1,8,280.79,0,,2024-05-12 00:47:00,train
TXN-D0BD9102AFCA,CUST-0138,54.79,USD,temp_error,Processing system temporarily unavailable,12,2,734,19,8,48.17,1,7.0,2024-02-23 19:32:00,train
TXN-2E5BDCDC879D,CUST-0141,96.97,USD,expired_card,Card has expired,37,5,552,10,21,67.84,0,,2024-05-05 10:46:00,test
TXN-F817AECA01F8,CUST-0390,101.58,AUD,insufficient_funds,Insufficient funds in account,8,6,1826,10,17,38.23,1,94.0,2024-06-26 01:06:00,train
TXN-CFCEB03AEFE5,CUST-0361,136.5,USD,expired_card,Declined — expired card on file,35,2,1549,5,11,83.07,0,,2024-01-09 17:20:00,train
TXN-F57985B9045D,CUST-0330,105.52,EUR,temp_error,Network error during authorization,23,0,705,5,10,30.7,1,2.0,2024-03-03 18:18:00,train
TXN-3F4D4A21A8C7,CUST-0367,26.25,USD,auth_required,3D Secure authentication required,14,8,1607,14,13,24.41,1,38.0,2024-12-27 06:35:00,train
TXN-CFA177E1B597,CUST-0255,72.23,AUD,temp_error,Temporary bank unavailability,36,8,916,18,21,110.27,1,8.0,2024-03-07 23:47:00,train
TXN-DC12012046A0,CUST-0476,78.09,USD,insufficient_funds,Not enough balance,32,0,1957,9,14,54.94,1,110.0,2024-03-16 21:30:00,test
TXN-36BF6209214E,CUST-0373,35.31,AUD,fraud_flag,Suspected fraudulent activity — transaction blocked,36,3,888,11,9,225.16,0,,2024-03-16 02:45:00,train
TXN-C35EB9FA3DA9,CUST-0471,190.48,GBP,hard_decline,Invalid account number,17,5,1019,25,16,19.91,0,,2024-06-27 04:58:00,train
TXN-F46E467D89FC,CUST-0069,88.5,USD,auth_required,SCA challenge required,58,6,1408,12,13,66.94,1,47.0,2024-06-14 20:03:00,train
TXN-654A26358B47,CUST-0011,109.87,USD,insufficient_funds,Payment failed: low account balance,53,6,1786,25,19,103.86,1,111.0,2024-01-22 10:36:00,train
TXN-639C3F9B57C3,CUST-0190,20.02,USD,fraud_flag,Suspected fraudulent activity — transaction blocked,54,5,720,3,13,24.32,0,,2024-12-24 21:15:00,train
TXN-0B9B8DF5B348,CUST-0206,94.81,USD,insufficient_funds,Card declined — insufficient funds,53,7,843,6,9,92.01,1,109.0,2024-11-17 20:26:00,train
TXN-154F108FD377,CUST-0324,45.34,EUR,auth_required,Additional verification required by issuing bank,24,8,1729,11,8,58.49,0,,2024-06-22 05:01:00,train
TXN-A25AC73E1D92,CUST-0065,57.43,EUR,insufficient_funds,Not enough balance,31,1,229,21,10,98.87,1,86.0,2024-06-27 12:04:00,train
TXN-63FFB25896E0,CUST-0185,241.88,USD,expired_card,Card expiry passed,23,0,1887,23,19,68.6,0,,2024-03-02 22:47:00,train
TXN-D72A4329A88A,CUST-0138,23.57,USD,insufficient_funds,Not enough balance,19,9,1078,23,10,58.12,1,113.0,2024-11-14 04:17:00,train
TXN-2A9F8FFFE214,CUST-0233,70.48,CAD,auth_required,Additional verification required by issuing bank,14,8,1720,4,10,142.99,0,,2024-01-18 02:11:00,train
TXN-103FA94508B1,CUST-0405,47.16,USD,insufficient_funds,Decline: NSF,25,0,941,12,13,51.28,1,102.0,2024-03-20 22:40:00,train
TXN-614B26BAC658,CUST-0002,70.47,USD,auth_required,Additional verification required by issuing bank,15,9,38,16,18,68.4,1,52.0,2024-04-14 17:25:00,train
TXN-3A5F9BE786C9,CUST-0433,25.17,USD,temp_error,Temporary bank unavailability,13,0,1560,12,19,67.98,1,15.0,2024-02-15 05:28:00,train
TXN-A7B87FA2E7A0,CUST-0263,109.31,USD,hard_decline,Account closed,57,2,1936,28,19,260.33,0,,2024-03-21 01:41:00,train
TXN-E1513429712C,CUST-0107,67.85,GBP,temp_error,Network error during authorization,9,0,165,4,17,89.0,1,3.0,2024-05-06 07:40:00,train
TXN-1001422A9071,CUST-0212,66.06,GBP,temp_error,Processing system temporarily unavailable,6,6,1121,4,11,48.05,1,13.0,2024-03-13 15:24:00,train
TXN-92C18C341E7C,CUST-0116,45.11,USD,auth_required,Additional verification required by issuing bank,37,6,1604,8,10,49.08,0,,2024-02-04 14:07:00,train
TXN-A51C84775E26,CUST-0256,81.63,EUR,insufficient_funds,Payment failed: low account balance,56,4,456,8,13,17.23,1,130.0,2024-12-16 11:57:00,train
TXN-E8887981FC0D,CUST-0090,32.85,EUR,insufficient_funds,Not enough balance,34,6,1690,3,18,89.67,1,105.0,2024-06-13 07:22:00,train
TXN-68575ADAF413,CUST-0129,266.04,USD,expired_card,Card expiry passed,43,5,1004,7,6,27.86,1,141.0,2024-06-17 05:23:00,train
TXN-72DAB6882C38,CUST-0043,52.03,USD,expired_card,Card expiry passed,20,7,878,21,10,56.28,0,,2024-05-18 13:48:00,test
TXN-40F4A36DB6F9,CUST-0240,25.54,EUR,insufficient_funds,Decline: NSF,36,3,220,17,11,32.01,1,109.0,2024-09-21 11:13:00,train
TXN-F6B01D108FA8,CUST-0036,46.79,USD,insufficient_funds,Card declined — insufficient funds,55,9,1314,4,20,89.65,1,72.0,2024-04-03 11:46:00,train
TXN-3B24C6D998BB,CUST-0033,59.61,USD,insufficient_funds,Not enough balance,13,6,1509,19,11,42.43,1,105.0,2024-06-12 14:13:00,train
TXN-E71D74FBA7E6,CUST-0251,51.81,GBP,expired_card,Card has expired,20,4,87,25,19,21.51,1,122.0,2024-01-26 04:31:00,train
TXN-DD4F45D905A1,CUST-0113,221.37,USD,unknown,Generic decline,7,4,711,25,20,45.06,0,,2024-01-06 18:03:00,train
TXN-ABB488499DBB,CUST-0489,49.39,USD,insufficient_funds,Card declined — insufficient funds,3,5,1879,5,12,37.56,1,116.0,2024-08-02 10:16:00,test
TXN-82FDE96326F4,CUST-0384,99.36,CAD,unknown,Processor response unclear,55,6,883,4,15,37.14,0,,2024-06-15 11:23:00,train
TXN-4EB1036878E1,CUST-0106,589.55,GBP,fraud_flag,Suspected fraudulent activity — transaction blocked,20,3,118,2,17,245.24,0,,2024-06-22 04:50:00,train
TXN-DF481241BBE0,CUST-0373,46.66,USD,unknown,Processor response unclear,52,2,1007,3,20,71.51,1,66.0,2024-04-20 22:20:00,train
TXN-495CC9F2FA46,CUST-0350,72.64,GBP,unknown,Payment declined — reason not specified,24,3,493,9,8,25.44,0,,2024-05-29 19:41:00,train
TXN-79EE23DA8894,CUST-0185,88.24,CAD,temp_error,Gateway timeout,53,9,1289,18,7,54.52,1,18.0,2024-12-18 09:05:00,train
TXN-83D0D50B36DA,CUST-0416,187.4,USD,expired_card,Declined — expired card on file,0,5,1721,22,15,25.77,0,,2024-12-18 20:07:00,test
TXN-B79241614529,CUST-0322,26.77,USD,auth_required,SCA challenge required,26,6,643,7,12,161.68,1,42.0,2024-06-07 15:27:00,train
TXN-92E625BD7F9C,CUST-0357,139.45,EUR,insufficient_funds,Not enough balance,28,2,509,14,12,37.83,0,,2024-01-01 17:40:00,train
TXN-3C558A4416E8,CUST-0011,26.79,EUR,temp_error,Network error during authorization,47,0,1905,7,19,163.22,1,20.0,2024-09-17 11:01:00,train
TXN-1D8990073115,CUST-0023,35.25,USD,insufficient_funds,Payment failed: low account balance,1,0,260,22,11,24.68,1,87.0,2024-04-05 13:17:00,train
TXN-D224BD873083,CUST-0423,18.46,USD,insufficient_funds,Not enough balance,29,4,1544,20,16,79.49,0,,2024-06-23 14:03:00,train
TXN-E78EAEEC438D,CUST-0394,110.45,USD,temp_error,Temporary bank unavailability,4,1,976,21,15,86.93,1,4.0,2024-02-29 15:24:00,train
TXN-72EBDCC6BD44,CUST-0027,36.37,USD,expired_card,Card has expired,35,3,1191,4,18,72.7,0,,2024-05-13 16:42:00,test
TXN-2E83F390A406,CUST-0212,78.24,GBP,insufficient_funds,Not enough balance,21,4,280,24,6,40.49,1,104.0,2024-05-05 06:35:00,train
TXN-CA056CB4D9D8,CUST-0199,61.58,USD,auth_required,SCA challenge required,39,4,801,25,8,29.53,1,24.0,2024-04-22 01:56:00,train
TXN-E92E465A5F37,CUST-0082,11.72,USD,insufficient_funds,Insufficient funds in account,23,3,1362,18,9,29.96,1,108.0,2024-09-15 18:53:00,train
TXN-56F31116D5F3,CUST-0212,32.38,USD,temp_error,Temporary bank unavailability,1,2,1309,24,7,70.58,1,23.0,2024-06-23 02:27:00,train
TXN-CF542DEF7FE4,CUST-0060,9.81,USD,temp_error,"Temporary processing error, please retry",33,8,227,16,17,26.02,1,4.0,2024-01-12 08:15:00,train
TXN-663ECDEAF900,CUST-0081,15.16,USD,fraud_flag,Fraud prevention hold,30,5,614,23,11,77.54,0,,2024-02-10 00:48:00,train
TXN-07997762904F,CUST-0401,44.81,CAD,expired_card,Declined — expired card on file,9,6,454,9,8,102.76,0,,2024-09-02 07:39:00,train
TXN-4743A681D3F3,CUST-0152,73.79,USD,expired_card,Card has expired,22,7,835,11,8,50.77,0,,2024-05-12 06:46:00,train
TXN-566695AC88D7,CUST-0051,558.03,USD,expired_card,Declined — expired card on file,7,3,72,12,9,70.21,0,,2024-12-21 15:36:00,train
TXN-98A362918530,CUST-0070,114.95,EUR,unknown,Unknown decline code from processor,48,1,1295,19,11,50.99,0,,2024-03-25 17:01:00,train
TXN-2A684D4E2317,CUST-0483,54.56,USD,expired_card,Card expiry passed,2,7,1980,4,17,40.7,1,109.0,2024-11-18 03:04:00,train
TXN-2F3BEA260BB1,CUST-0207,149.27,CAD,expired_card,Expiration date is in the past,24,2,477,13,20,29.75,0,,2024-03-21 21:42:00,train
TXN-41BD0CEAC00F,CUST-0029,64.47,USD,temp_error,Gateway timeout,31,7,83,3,16,105.88,1,22.0,2024-01-20 00:09:00,test
TXN-F1F7A44E169A,CUST-0452,49.39,USD,temp_error,Processing system temporarily unavailable,57,7,1688,26,9,69.99,1,23.0,2024-02-23 18:09:00,train
TXN-CA6E089A44E8,CUST-0080,126.5,USD,insufficient_funds,Insufficient funds in account,28,7,784,10,8,26.35,1,127.0,2024-04-25 13:19:00,test
TXN-0F28B7AAEBA0,CUST-0418,67.11,USD,expired_card,Card has expired,58,8,1117,13,6,64.73,0,,2024-11-12 15:52:00,train
TXN-BC32AD66BEDA,CUST-0487,66.81,GBP,insufficient_funds,Payment failed: low account balance,12,8,345,27,14,21.79,1,92.0,2024-11-17 12:23:00,train
TXN-734032B43EB3,CUST-0249,56.53,USD,fraud_flag,Suspected fraudulent activity — transaction blocked,55,5,1749,5,13,36.34,0,,2024-03-20 15:44:00,train
TXN-9E9AC739C066,CUST-0137,22.94,USD,expired_card,Card has expired,38,9,1777,22,19,35.52,0,,2024-11-08 07:42:00,test
TXN-92A616EC39A0,CUST-0314,231.16,USD,expired_card,Card expiry passed,55,9,78,13,17,145.69,0,,2024-06-28 07:43:00,train
TXN-62821444F890,CUST-0260,49.5,CAD,insufficient_funds,Not enough balance,5,4,1870,16,19,19.8,1,87.0,2024-10-12 12:14:00,train
TXN-66B84208CA0A,CUST-0322,39.61,USD,fraud_flag,Suspected fraudulent activity — transaction blocked,28,1,997,4,20,34.7,0,,2024-11-24 09:11:00,test
TXN-D522546A8634,CUST-0033,62.47,USD,fraud_flag,Card flagged for unusual activity,44,6,1457,1,17,24.41,0,,2024-08-08 02:12:00,train
TXN-5F05AF8321A6,CUST-0064,48.46,EUR,insufficient_funds,Not enough balance,17,5,449,2,7,13.12,0,,2024-09-03 04:51:00,train
TXN-307840640759,CUST-0147,161.6,EUR,expired_card,Expiration date is in the past,28,3,721,28,14,41.27,1,87.0,2024-08-20 14:47:00,train
TXN-5A470931315E,CUST-0467,66.44,USD,expired_card,Card has expired,40,7,1372,8,10,51.08,0,,2024-12-05 02:10:00,train
TXN-1CE517F8678F,CUST-0405,43.79,USD,insufficient_funds,Decline: NSF,17,9,1626,15,6,42.8,1,105.0,2024-02-14 13:44:00,train
TXN-F885E388BDCF,CUST-0455,31.16,EUR,fraud_flag,Security flag triggered by issuer,38,4,844,20,7,132.08,0,,2024-01-18 17:10:00,train
TXN-9C75200019A1,CUST-0249,80.03,USD,fraud_flag,Suspected fraudulent activity — transaction blocked,5,4,1689,25,9,20.82,0,,2024-01-04 07:48:00,train
TXN-CCD6CBDD9020,CUST-0445,12.96,EUR,auth_required,3D Secure authentication required,3,1,87,10,10,54.37,1,66.0,2024-06-24 07:50:00,train
TXN-AAD1167F0AE2,CUST-0329,15.53,USD,insufficient_funds,Insufficient funds in account,27,0,1591,5,18,52.58,1,106.0,2024-07-06 15:50:00,train
TXN-EB7E00DC4EAC,CUST-0415,22.2,GBP,unknown,Unknown decline code from processor,51,3,1782,27,14,39.49,1,55.0,2024-01-24 07:14:00,train
TXN-BC4E3971A628,CUST-0185,73.77,USD,insufficient_funds,Payment failed: low account balance,14,3,880,26,11,84.47,1,118.0,2024-12-28 13:19:00,train
TXN-5C7A11B2F709,CUST-0117,65.49,USD,insufficient_funds,Payment failed: low account balance,4,6,122,26,12,75.32,1,114.0,2024-02-03 16:01:00,train
TXN-4CAB0AEA73C9,CUST-0143,51.87,USD,hard_decline,Invalid account number,34,6,1649,10,8,46.86,0,,2024-04-10 23:54:00,train
TXN-7B7DD5DAE2DC,CUST-0316,93.13,GBP,insufficient_funds,Payment failed: low account balance,25,0,984,14,11,102.54,1,106.0,2024-11-08 17:16:00,train
TXN-F39639104685,CUST-0186,33.28,USD,fraud_flag,Suspected fraudulent activity — transaction blocked,14,4,485,27,17,85.5,0,,2024-06-07 09:50:00,test
TXN-CB6FE3D9EC3F,CUST-0009,167.14,USD,insufficient_funds,Card declined — insufficient funds,29,1,886,21,18,86.45,1,74.0,2024-07-19 19:06:00,train
TXN-A27CEA893BF5,CUST-0008,42.49,USD,insufficient_funds,Card declined — insufficient funds,30,2,667,10,16,37.76,1,97.0,2024-01-28 11:18:00,train
TXN-EC4E0823BA95,CUST-0379,48.16,EUR,expired_card,Card has expired,53,9,1541,8,11,41.3,0,,2024-03-29 17:34:00,test
TXN-098BE0E9D102,CUST-0233,158.85,USD,temp_error,Processing system temporarily unavailable,56,1,833,20,21,91.94,1,19.0,2024-01-27 08:05:00,test
TXN-695F95A3FB16,CUST-0044,32.41,EUR,temp_error,Network error during authorization,18,2,916,22,11,185.6,1,23.0,2024-01-04 13:38:00,train
TXN-A36684F42B8A,CUST-0321,19.57,USD,hard_decline,Card reported lost or stolen,24,3,811,25,11,53.33,0,,2024-06-08 16:31:00,train
TXN-D2680247042B,CUST-0085,23.11,AUD,temp_error,"Temporary processing error, please retry",36,3,1976,25,16,36.87,1,17.0,2024-10-24 10:52:00,train
TXN-17E05E05E58C,CUST-0114,75.23,CAD,insufficient_funds,Card declined — insufficient funds,48,9,94,17,19,88.15,1,105.0,2024-05-29 12:54:00,train
TXN-5391846CB833,CUST-0092,45.36,USD,auth_required,3D Secure authentication required,38,1,1477,17,6,92.92,0,,2024-10-14 05:15:00,train
TXN-80D3893F2A91,CUST-0168,42.94,GBP,expired_card,Card has expired,54,4,525,1,19,53.85,1,126.0,2024-09-26 21:57:00,train
TXN-CC4C966AB75C,CUST-0086,33.41,USD,expired_card,Card expiry passed,23,9,1802,23,13,52.99,1,107.0,2024-11-25 23:25:00,train
TXN-D8C8CB238C56,CUST-0070,46.72,USD,temp_error,Gateway timeout,15,5,1823,16,10,64.98,1,20.0,2024-11-04 09:46:00,train
TXN-F04AA50A831E,CUST-0370,196.28,USD,temp_error,Gateway timeout,37,5,23,19,21,115.8,0,,2024-03-29 03:34:00,train
TXN-1492BEF1F174,CUST-0412,54.32,USD,auth_required,Strong customer authentication needed,38,6,282,5,16,72.81,1,71.0,2024-06-30 05:10:00,train
TXN-B1D6C232B77D,CUST-0250,234.11,USD,fraud_flag,Suspected fraudulent activity — transaction blocked,19,3,1024,2,14,64.48,0,,2024-03-11 14:13:00,train
TXN-C72EA0B16F9F,CUST-0333,95.39,GBP,auth_required,SCA challenge required,43,2,1532,14,20,71.99,1,56.0,2024-11-30 14:05:00,test
TXN-793694C3087C,CUST-0052,29.02,USD,temp_error,Processing system temporarily unavailable,30,1,1995,4,11,62.36,1,19.0,2024-01-19 13:00:00,train
TXN-EA4A773F1345,CUST-0074,102.73,EUR,expired_card,Declined — expired card on file,25,1,1284,9,9,55.67,0,,2024-08-28 06:10:00,train
TXN-AA1E2E21924B,CUST-0285,41.91,GBP,auth_required,Strong customer authentication needed,27,6,1698,1,15,35.26,0,,2024-02-18 03:32:00,train
TXN-46AAE2800333,CUST-0244,46.35,EUR,expired_card,Card expiry passed,50,8,563,12,19,98.13,1,130.0,2024-12-13 22:52:00,train
TXN-E53BC6B06D89,CUST-0231,15.28,EUR,insufficient_funds,Payment failed: low account balance,9,0,1824,6,9,34.13,1,96.0,2024-03-13 18:49:00,train
TXN-1E3F7F47DF4D,CUST-0476,26.0,EUR,unknown,Error code: 05,36,5,580,4,13,107.69,1,45.0,2024-07-06 22:01:00,train
TXN-6E4194537754,CUST-0300,353.44,USD,fraud_flag,Security flag triggered by issuer,20,4,619,13,21,70.34,0,,2024-04-02 14:46:00,train
TXN-992882E33090,CUST-0467,15.13,USD,insufficient_funds,Decline: NSF,19,9,190,27,19,135.87,1,107.0,2024-05-15 11:32:00,train
TXN-2B56336BACB0,CUST-0041,13.09,AUD,fraud_flag,Security flag triggered by issuer,57,2,208,1,19,36.1,0,,2024-07-07 09:36:00,test
TXN-E18DAEAA2F17,CUST-0071,27.44,USD,fraud_flag,Fraud prevention hold,30,8,1142,8,20,60.62,0,,2024-07-21 03:48:00,train
TXN-5B3B70F68BCF,CUST-0204,24.54,USD,auth_required,Strong customer authentication needed,37,3,1331,24,20,49.07,1,31.0,2024-12-13 03:40:00,train
TXN-738C99D0126A,CUST-0142,19.5,EUR,insufficient_funds,Insufficient funds in account,5,2,1173,6,6,47.71,1,96.0,2024-11-15 03:46:00,test
TXN-DF750D0CBA37,CUST-0459,198.79,EUR,expired_card,Expiration date is in the past,8,9,1700,6,9,23.86,0,,2024-11-05 19:00:00,train
TXN-C9D338DF8FAE,CUST-0102,68.87,EUR,expired_card,Declined — expired card on file,5,4,364,13,18,126.05,0,,2024-11-02 14:22:00,train
TXN-419CC76DE664,CUST-0161,49.29,USD,expired_card,Declined — expired card on file,29,5,1191,10,7,35.84,0,,2024-04-03 10:28:00,train
TXN-6E959B05BDF0,CUST-0141,26.94,EUR,temp_error,Network error during authorization,44,5,888,3,17,58.08,1,15.0,2024-10-04 00:51:00,train
TXN-E6AE0D819DB6,CUST-0115,552.06,USD,hard_decline,Card permanently blocked,42,3,1345,17,18,62.76,0,,2024-12-28 12:25:00,train
TXN-3BC41D07DFD3,CUST-0036,68.59,GBP,insufficient_funds,Decline: NSF,19,7,1452,13,16,34.53,0,,2024-04-14 12:41:00,test
TXN-DD5347D52109,CUST-0326,57.47,USD,auth_required,3D Secure authentication required,51,6,1541,3,17,64.92,1,36.0,2024-04-20 04:44:00,test
TXN-BBEBA4DECCCC,CUST-0355,78.38,USD,expired_card,Card has expired,50,9,1159,16,13,58.27,1,84.0,2024-10-11 06:17:00,train
TXN-AF0B5FC73151,CUST-0001,15.15,EUR,insufficient_funds,Card declined — insufficient funds,17,5,1046,14,9,87.87,1,100.0,2024-12-28 12:49:00,train
TXN-008A63B5E473,CUST-0400,35.24,USD,temp_error,Temporary bank unavailability,24,6,188,25,18,77.29,1,10.0,2024-08-20 05:47:00,train
TXN-302FC3B8D866,CUST-0317,88.33,USD,expired_card,Card has expired,41,6,261,19,16,36.55,0,,2024-04-18 01:48:00,test
TXN-FEE0E414F419,CUST-0233,13.59,EUR,temp_error,"Temporary processing error, please retry",44,3,245,24,16,50.0,1,22.0,2024-08-02 08:54:00,train
TXN-04A2C7155480,CUST-0124,108.48,USD,hard_decline,Do not honor,27,5,355,19,9,53.39,0,,2024-08-11 22:56:00,train
TXN-B829FED97492,CUST-0247,27.71,USD,expired_card,Expiration date is in the past,56,5,1806,27,21,36.09,0,,2024-12-14 00:34:00,train
TXN-049D220B9D96,CUST-0320,62.54,USD,temp_error,Gateway timeout,51,6,1741,28,20,106.06,1,16.0,2024-01-26 07:35:00,train
TXN-07DE0326DBC0,CUST-0315,63.38,USD,auth_required,Additional verification required by issuing bank,11,3,833,6,18,68.36,1,54.0,2024-03-28 06:59:00,train
TXN-7583A9707D36,CUST-0033,88.62,USD,fraud_flag,Security flag triggered by issuer,1,9,1075,20,11,32.99,0,,2024-05-09 17:05:00,train
TXN-BFC94554D1CE,CUST-0153,53.44,EUR,fraud_flag,Fraud prevention hold,14,8,866,12,6,88.8,0,,2024-05-20 21:29:00,train
TXN-437AEFC38D3B,CUST-0185,17.37,EUR,expired_card,Declined — expired card on file,26,4,110,12,19,92.98,0,,2024-08-01 14:13:00,train
TXN-E00343DD98F1,CUST-0159,83.16,USD,expired_card,Declined — expired card on file,21,7,1047,7,9,62.62,0,,2024-10-05 19:17:00,train
TXN-0EF51C3C27D6,CUST-0055,90.49,EUR,insufficient_funds,Payment failed: low account balance,30,9,1537,7,7,110.26,1,106.0,2024-10-22 20:49:00,train
TXN-62E633EB9772,CUST-0314,133.47,EUR,insufficient_funds,Insufficient funds in account,44,8,670,23,7,44.72,1,99.0,2024-08-18 05:59:00,test
TXN-BD9EF8EEDDBB,CUST-0480,88.5,GBP,temp_error,Network error during authorization,9,6,1657,3,7,22.74,1,9.0,2024-08-18 07:55:00,test
TXN-62C0F2D04871,CUST-0367,60.46,USD,expired_card,Expiration date is in the past,26,1,642,16,10,37.53,0,,2024-11-26 20:47:00,test
TXN-85C00834F208,CUST-0101,16.66,USD,fraud_flag,Suspected fraudulent activity — transaction blocked,42,0,931,8,17,8.44,0,,2024-05-26 11:21:00,train
TXN-131C987A83E1,CUST-0449,34.81,GBP,auth_required,SCA challenge required,28,9,855,15,16,50.94,0,,2024-11-20 12:54:00,train
TXN-188DD9916848,CUST-0118,39.1,USD,temp_error,Network error during authorization,55,0,1100,13,16,52.05,1,4.0,2024-03-01 05:52:00,train
TXN-8FA1AE9E0C53,CUST-0267,252.44,EUR,insufficient_funds,Decline: NSF,51,1,1239,21,21,21.11,1,89.0,2024-12-18 05:44:00,train
TXN-D8534CFA10A8,CUST-0151,101.36,EUR,expired_card,Card has expired,40,6,1537,6,17,67.7,1,126.0,2024-06-24 07:11:00,train
TXN-9535E660824A,CUST-0067,27.1,EUR,insufficient_funds,Decline: NSF,11,6,469,16,17,46.62,1,119.0,2024-03-31 04:44:00,train
TXN-D9271FE76EB7,CUST-0287,100.54,USD,insufficient_funds,Payment failed: low account balance,16,7,1107,9,14,28.78,1,111.0,2024-11-25 19:43:00,test
TXN-E5CDF7828577,CUST-0221,15.91,USD,temp_error,Temporary bank unavailability,0,3,131,23,6,118.92,1,23.0,2024-10-18 02:41:00,train
TXN-FFD3BE5EDAEB,CUST-0294,59.36,USD,fraud_flag,Suspected fraudulent activity — transaction blocked,4,9,504,27,9,38.21,0,,2024-06-04 18:14:00,train
TXN-61A2CE96BB32,CUST-0406,14.48,USD,insufficient_funds,Payment failed: low account balance,20,0,25,19,6,83.13,1,109.0,2024-04-13 21:35:00,train
TXN-FBF250B8F8B8,CUST-0112,56.32,USD,insufficient_funds,Payment failed: low account balance,11,8,464,9,10,56.88,1,88.0,2024-01-24 16:42:00,train
TXN-DF3992015D94,CUST-0333,88.39,USD,insufficient_funds,Insufficient funds in account,42,1,799,13,18,21.76,1,95.0,2024-12-03 02:03:00,test
TXN-16A95765D727,CUST-0117,347.97,USD,insufficient_funds,Insufficient funds in account,9,4,625,19,13,39.18,0,,2024-08-22 00:21:00,train
TXN-682F5A935F77,CUST-0172,122.5,USD,expired_card,Card expiry passed,22,5,1459,27,6,32.4,0,,2024-09-25 21:36:00,train
TXN-87FBA0BBB269,CUST-0302,33.9,AUD,expired_card,Card has expired,5,3,401,4,15,75.54,0,,2024-06-07 06:41:00,train
TXN-77E565466A05,CUST-0460,182.13,GBP,auth_required,SCA challenge required,6,4,39,17,8,104.55,1,51.0,2024-08-08 11:02:00,train
TXN-441E431E5018,CUST-0256,161.55,AUD,temp_error,Temporary bank unavailability,10,1,431,9,21,123.14,1,9.0,2024-03-09 15:49:00,test
TXN-A1FF7B53475B,CUST-0065,22.3,USD,auth_required,SCA challenge required,4,9,429,28,16,185.21,0,,2024-01-06 05:22:00,train
TXN-8F09B943B6D6,CUST-0298,311.81,USD,temp_error,Temporary bank unavailability,5,1,1538,28,12,22.37,1,24.0,2024-02-16 12:06:00,train
TXN-E0C2F671067F,CUST-0287,60.45,EUR,fraud_flag,Suspected fraudulent activity — transaction blocked,35,2,1270,14,20,59.64,0,,2024-04-27 04:17:00,train
TXN-A9B2D5BDC350,CUST-0153,96.61,USD,temp_error,Gateway timeout,57,6,1764,28,6,135.84,1,4.0,2024-09-03 20:07:00,train
TXN-225B23239424,CUST-0349,81.69,USD,insufficient_funds,Insufficient funds in account,29,6,446,26,20,20.42,1,86.0,2024-01-31 03:40:00,train
TXN-0F6B766596F0,CUST-0144,31.97,USD,insufficient_funds,Not enough balance,39,0,1580,17,8,56.56,1,109.0,2024-12-26 02:33:00,train
TXN-ACE9A3E4E6D6,CUST-0037,227.01,USD,insufficient_funds,Payment failed: low account balance,50,7,1792,14,7,110.99,1,96.0,2024-05-28 07:41:00,test
TXN-88EB0219644A,CUST-0358,69.19,USD,temp_error,Temporary bank unavailability,10,1,1751,16,20,18.89,1,12.0,2024-01-29 23:31:00,train
TXN-CEC22170117A,CUST-0209,13.66,USD,temp_error,"Temporary processing error, please retry",11,3,1973,5,9,98.27,1,15.0,2024-01-23 05:57:00,test
TXN-09F64C08EF00,CUST-0494,89.46,USD,fraud_flag,Suspected fraudulent activity — transaction blocked,2,8,1864,15,13,84.11,0,,2024-04-24 13:07:00,test
TXN-2F791E8BCB30,CUST-0152,38.04,USD,insufficient_funds,Card declined — insufficient funds,29,6,1498,5,12,110.52,0,,2024-12-05 16:10:00,train
TXN-B7E9855F2796,CUST-0228,154.21,GBP,expired_card,Declined — expired card on file,12,7,1923,15,15,64.38,1,91.0,2024-02-01 13:24:00,test
TXN-1673F2EE4DC5,CUST-0041,61.76,USD,auth_required,3D Secure authentication required,32,8,489,25,16,30.57,1,57.0,2024-05-09 08:00:00,train
TXN-3028A0B53AA0,CUST-0073,91.97,EUR,expired_card,Expiration date is in the past,55,6,54,28,9,46.53,0,,2024-08-28 16:17:00,train
TXN-554F133571A3,CUST-0168,26.8,USD,insufficient_funds,Card declined — insufficient funds,34,2,1662,25,10,75.32,1,130.0,2024-05-11 14:43:00,train
TXN-F63E41DA5CF1,CUST-0301,202.23,EUR,insufficient_funds,Card declined — insufficient funds,57,2,738,21,20,65.37,1,120.0,2024-02-13 09:50:00,test
TXN-D3C21DF9DE30,CUST-0467,282.43,USD,auth_required,3D Secure authentication required,30,7,1567,15,13,24.57,0,,2024-10-15 03:11:00,train
TXN-755C12E3EED0,CUST-0177,31.62,EUR,temp_error,Processing system temporarily unavailable,32,5,870,8,11,116.8,1,20.0,2024-02-17 13:37:00,train
TXN-FF1D0C204D25,CUST-0006,88.23,USD,insufficient_funds,Not enough balance,36,3,934,23,8,127.41,1,97.0,2024-12-16 01:43:00,train
TXN-705BD8C83FBB,CUST-0215,29.65,CAD,temp_error,Gateway timeout,56,5,805,8,7,62.03,1,3.0,2024-07-25 22:22:00,test
TXN-B566AE17BCB1,CUST-0084,20.63,USD,temp_error,Processing system temporarily unavailable,0,0,1345,11,11,66.65,1,13.0,2024-10-12 14:09:00,train
TXN-54D6D93D2979,CUST-0250,103.76,USD,expired_card,Card expiry passed,12,1,1083,11,16,38.39,1,163.0,2024-06-17 22:49:00,test
TXN-3C198793B02E,CUST-0340,27.76,USD,auth_required,Additional verification required by issuing bank,58,8,1274,7,19,201.5,0,,2024-07-11 10:18:00,test
TXN-4DA640E87A2E,CUST-0064,16.16,GBP,temp_error,Temporary bank unavailability,17,6,372,15,9,45.71,1,1.0,2024-03-26 22:33:00,train
TXN-5F90A824ED2B,CUST-0252,86.54,GBP,expired_card,Card expiry passed,3,0,1397,22,6,39.08,1,123.0,2024-09-05 02:15:00,train
TXN-5EA70583FC85,CUST-0031,62.95,EUR,insufficient_funds,Insufficient funds in account,26,7,618,27,14,60.39,1,124.0,2024-03-13 00:15:00,train
TXN-11C7B4D969EF,CUST-0093,42.38,USD,unknown,Error code: 05,57,3,1435,22,6,78.77,1,30.0,2024-03-29 19:30:00,train
TXN-6B61FDDB3E8C,CUST-0232,68.23,EUR,auth_required,Strong customer authentication needed,0,5,25,26,6,29.26,0,,2024-03-01 21:56:00,train
TXN-8F0D1AEF7E93,CUST-0005,160.96,USD,fraud_flag,Card flagged for unusual activity,9,9,25,8,17,46.89,0,,2024-09-15 23:25:00,train
TXN-0C93D282FD98,CUST-0393,176.93,USD,expired_card,Card expiry passed,45,1,423,14,12,42.59,0,,2024-12-22 16:47:00,train
TXN-B2EC5D11BA29,CUST-0217,24.63,USD,hard_decline,Card reported lost or stolen,11,8,1926,23,11,71.6,0,,2024-05-15 15:58:00,train
TXN-824914BED8F5,CUST-0145,149.22,USD,expired_card,Expiration date is in the past,39,5,1540,9,11,76.27,1,76.0,2024-06-26 02:16:00,test
TXN-BF783B7129E8,CUST-0107,55.11,USD,fraud_flag,Suspected fraudulent activity — transaction blocked,47,6,561,13,18,42.77,0,,2024-05-18 13:12:00,train
TXN-1504F05FE9B2,CUST-0372,34.71,USD,fraud_flag,Fraud prevention hold,11,4,1282,18,20,69.19,0,,2024-11-10 07:01:00,train
TXN-0DCF429A3326,CUST-0338,30.57,USD,hard_decline,Invalid account number,23,8,124,27,20,69.56,0,,2024-01-17 22:13:00,train
TXN-822F1F39BB54,CUST-0480,337.48,USD,hard_decline,Card reported lost or stolen,39,2,1029,2,16,53.48,0,,2024-09-22 22:41:00,train
TXN-13C39156CAC4,CUST-0113,31.94,USD,insufficient_funds,Payment failed: low account balance,25,5,475,27,10,76.64,1,118.0,2024-12-13 09:20:00,train
TXN-07EC051776A6,CUST-0319,168.68,EUR,insufficient_funds,Insufficient funds in account,10,2,845,20,18,30.17,1,86.0,2024-04-30 13:13:00,train
TXN-BABD0E4E633E,CUST-0195,17.07,USD,temp_error,Network error during authorization,39,4,279,12,19,47.5,1,2.0,2024-11-20 03:44:00,train
TXN-3E25BBF0CC59,CUST-0127,110.81,USD,temp_error,Processing system temporarily unavailable,35,1,1126,17,6,123.75,1,23.0,2024-08-16 05:14:00,train
TXN-B840F1ADFCF3,CUST-0487,204.55,USD,insufficient_funds,Decline: NSF,11,4,1451,18,7,53.42,1,131.0,2024-12-14 21:45:00,test
TXN-6176DDABA938,CUST-0202,10.73,USD,expired_card,Card expiry passed,14,3,433,18,8,67.3,0,,2024-06-25 19:15:00,train
TXN-F8F671062AB2,CUST-0201,21.41,EUR,insufficient_funds,Not enough balance,49,7,1427,2,12,16.67,1,128.0,2024-05-29 11:36:00,train
TXN-9EEBBF5C7A92,CUST-0415,21.02,CAD,insufficient_funds,Not enough balance,7,5,230,17,9,38.46,1,77.0,2024-09-16 14:32:00,test
TXN-F0F6A271204F,CUST-0035,59.79,USD,auth_required,SCA challenge required,16,6,1965,19,16,39.83,0,,2024-04-17 19:22:00,train
TXN-895FDB3D476A,CUST-0377,28.44,EUR,expired_card,Expiration date is in the past,53,6,1780,28,20,123.09,0,,2024-06-26 00:19:00,train
TXN-EDF5DA14938E,CUST-0131,86.47,USD,expired_card,Declined — expired card on file,41,4,1007,8,20,27.63,1,91.0,2024-05-07 08:13:00,train
TXN-ED5551FB642F,CUST-0367,57.16,GBP,temp_error,Network error during authorization,24,8,1079,22,15,60.34,1,18.0,2024-10-24 19:38:00,train
TXN-72A1012A8404,CUST-0438,39.66,EUR,insufficient_funds,Not enough balance,58,8,1732,4,18,264.53,1,100.0,2024-07-05 16:52:00,train
TXN-90A0ED293E17,CUST-0100,23.62,EUR,unknown,Payment declined — reason not specified,32,8,1962,14,7,53.03,0,,2024-11-14 02:50:00,train
TXN-8DEC580526DD,CUST-0252,97.2,USD,temp_error,Processing system temporarily unavailable,38,4,926,26,16,48.35,1,20.0,2024-02-18 15:41:00,train
TXN-002A4209B12D,CUST-0177,81.34,USD,temp_error,Network error during authorization,50,4,1083,18,8,135.43,1,17.0,2024-01-05 17:12:00,test
TXN-7A0129D5A980,CUST-0117,95.63,USD,auth_required,Additional verification required by issuing bank,20,3,1257,10,20,98.65,0,,2024-04-01 18:06:00,train
TXN-AA535E64F398,CUST-0144,120.14,USD,fraud_flag,Security flag triggered by issuer,40,7,254,5,14,47.53,0,,2024-10-08 05:52:00,train
TXN-AF8AA04B8557,CUST-0228,71.98,EUR,temp_error,Temporary bank unavailability,12,9,1020,25,8,48.73,1,6.0,2024-10-07 09:14:00,train
TXN-B35991E50840,CUST-0156,20.71,USD,expired_card,Card expiry passed,37,7,1908,1,21,48.53,0,,2024-06-30 02:40:00,train
TXN-0D8A503D35B1,CUST-0113,35.46,USD,auth_required,3D Secure authentication required,55,6,835,18,8,75.38,1,58.0,2024-07-14 05:17:00,test
